target,Present_Price,Kms_Driven,Fuel_Type,Transmission,Owner,car_age
1.85,3.55,77097,3,0,0,17
3.3,5.06,65990,1,1,1,20
7.11,9.12,6703,2,0,0,2
10.85,24.06,93236,3,0,2,14
13.07,20.76,196294,2,0,2,12
15.48,22.48,99800,3,0,0,1
11.89,22.06,104647,1,0,0,13
13.35,18.44,184187,1,1,1,12
6.65,8.94,172772,0,1,0,8
5.98,11.83,22350,0,0,1,10
3.21,6.14,41603,0,0,1,6
16.33,24.94,41262,3,1,2,13
14.26,20.43,115666,2,0,2,15
13.31,17.97,35029,0,1,1,20
5.68,6.48,5850,1,0,2,7
9.63,16.4,45065,3,0,0,4
12.18,23.44,85612,3,0,0,17
14.49,19.85,38657,1,0,0,3
9.82,19.62,185844,2,0,2,3
2.45,5.66,63903,1,1,0,6
6.67,8.04,13234,1,0,0,19
4.07,5.91,154695,2,1,0,3
10.71,17.5,97876,3,1,1,17
10.81,20.61,33644,2,0,0,10
8.19,13.18,24761,3,1,0,12
4.27,6.66,132307,3,0,0,13
4.79,8.83,124277,2,1,1,8
18.67,24.31,156828,0,1,2,14
6.73,14.06,144231,3,1,2,5
10.74,17.85,66657,1,1,1,18
13.38,15.43,87934,0,0,1,2
11.18,17.78,83642,3,1,0,16
3.59,7.69,74520,3,0,1,3
9.5,12.64,147401,3,1,0,15
4.27,5.54,33058,0,1,2,12
6.18,7.48,171261,2,1,0,10
8.54,21.25,16557,0,0,2,7
6.71,15.34,34327,3,1,1,7
3.33,3.92,100591,0,1,2,16
9.08,10.78,151770,1,1,0,17
3.06,3.55,198085,1,1,2,7
9.47,11.42,15151,1,0,1,17
3.92,7.9,178023,0,0,1,13
6.67,11.79,145565,3,1,2,4
2.37,3.84,161387,2,0,2,12
5.32,8.6,190803,1,0,0,14
13.77,16.71,178903,0,0,1,10
9.28,15.2,55289,1,0,2,11
5.96,9.69,60098,0,0,1,20
6.91,14.25,197927,0,1,0,14
3.76,7.94,57200,1,1,1,11
11.19,22.5,155908,2,1,0,7
17.87,22.64,32941,1,1,2,20
14.56,23.18,36813,0,0,2,13
18.89,22.74,199944,0,0,2,6
10.41,16.79,76984,1,0,1,5
2.46,4.77,44539,1,0,1,3
6.44,14.94,113992,2,0,1,10
18.44,23.74,83279,1,1,1,20
7.77,13.68,106936,1,1,2,7
2.5,3.59,108290,3,1,1,3
2.32,4.11,104379,0,0,1,15
5.43,8.55,26471,3,1,2,7
8.48,20.19,175853,1,1,2,18
6.06,8.25,129141,1,0,1,16
7.47,16.33,193313,0,1,1,15
10.71,17.9,103384,3,1,2,2
17.43,21.71,162394,3,0,2,11
2.58,4.52,174749,2,0,1,9
9.06,18.56,119160,0,0,1,6
7.26,8.9,69355,0,1,1,2
9.34,16.43,104349,0,0,0,2
11.09,20.55,94217,0,1,0,9
12.77,18.84,133077,2,0,0,13
7.06,9.47,111011,0,0,1,18
6.44,10.28,189249,0,1,2,3
6.64,9.94,199741,1,0,1,14
17.1,24.49,142530,1,1,1,2
6.44,9.65,190602,3,0,2,15
7.69,17.03,133680,0,0,1,16
3.72,7.06,18468,3,0,1,10
6.7,15.69,184949,0,1,0,18
13.84,19.82,163942,1,0,1,3
12.11,21.92,117415,3,1,2,11
4.22,8.82,26282,3,1,1,14
9.91,18.17,128184,0,0,0,6
16.21,23.33,168855,2,1,2,13
10.02,22.99,42286,0,0,0,16
10.91,18.15,188430,2,1,2,6
12.67,22.57,197553,3,1,2,19
14.32,15.92,10438,3,0,2,2
20.8,23.15,52576,2,0,1,6
4.67,10.33,180671,0,0,1,7
8.74,20.9,149204,0,0,0,8
16.06,22.03,5301,2,1,0,8
7.81,10.96,135676,1,1,1,4
10.31,22.38,132064,1,0,2,6
7.76,15.15,29434,2,1,1,20
8.63,14.2,76676,2,0,2,11
7.48,11.44,162123,3,0,1,16
4.81,8.88,5672,2,0,2,4
8.28,10.59,149681,2,1,2,5
12.9,15.58,66226,3,0,2,13
9.15,11.49,178982,2,1,2,8
8.62,10.3,31309,3,1,2,2
10.64,12.02,176646,2,0,2,16
14.29,17.3,91131,2,0,2,8
11.86,16.58,66543,1,0,0,19
7.01,12.76,186928,3,1,1,17
5.87,11.25,43160,1,1,0,9
16.43,22.16,167453,1,0,2,1
5.31,13.11,179808,0,1,1,12
17.79,24.73,83421,0,0,0,9
11.29,21.77,32958,0,0,0,8
7.53,9.04,153354,2,1,2,8
5.56,7.82,54841,3,0,1,9
7.33,15.75,196983,0,1,0,19
13.51,20.3,100907,1,0,1,16
18.24,20.69,127770,1,0,0,10
1.53,3.31,145659,0,0,0,8
11.26,13.37,167410,0,1,2,13
16.67,23.01,84217,1,1,1,6
4.68,5.55,66551,2,0,2,5
9.33,12.22,199581,3,0,1,3
11.31,18.19,61955,0,0,2,19
2.14,4.33,77320,2,1,2,9
19.33,24.36,18258,1,1,2,1
8.97,15.9,66079,3,1,0,14
3.87,8.51,50743,1,0,0,3
5.39,10.12,50677,2,1,1,2
14.02,20.12,139542,1,0,1,6
3.57,4.34,130562,3,0,0,20
4.37,10.09,43884,0,0,1,18
13.0,16.32,30999,1,0,0,4
6.27,10.46,123882,0,0,2,7
8.35,11.23,45013,3,1,0,12
3.0,5.12,198670,3,1,1,7
18.53,22.22,115870,0,0,0,9
10.31,14.16,45561,3,0,0,2
12.86,15.63,117489,3,1,0,12
15.89,18.46,85998,3,1,2,12
3.25,4.53,199240,3,0,1,8
5.84,10.5,102007,3,1,0,6
2.19,4.09,26386,2,0,1,1
11.23,19.61,34836,0,0,0,14
5.0,11.7,162109,0,1,1,13
6.63,10.22,7026,1,0,2,11
11.25,14.01,180124,2,0,0,13
16.01,23.27,87066,2,0,0,6
1.68,3.46,90136,2,1,1,8
5.01,8.35,159369,2,0,0,17
13.2,20.14,25022,1,0,2,10
4.33,8.2,43389,1,1,2,16
10.3,13.21,152779,0,1,1,5
7.34,13.32,170513,3,1,1,18
7.56,12.94,19913,3,0,1,6
12.88,15.19,198703,1,0,2,2
10.87,24.07,123101,3,1,0,16
16.4,24.8,142381,0,0,1,6
14.01,20.04,182968,3,1,2,7
7.64,9.25,194722,1,1,2,8
20.48,23.17,86325,1,0,2,16
13.84,17.16,91108,3,0,0,8
5.59,9.8,61149,1,1,0,9
6.22,9.51,31513,3,1,2,18
5.21,6.39,52407,1,1,1,8
15.82,17.88,67267,0,1,2,9
8.36,9.81,127949,0,0,1,13
12.42,14.06,114749,1,1,2,8
19.28,22.23,150369,3,1,0,5
6.11,12.89,139572,3,0,1,12
7.9,12.13,108928,2,0,0,20
8.2,10.01,30974,1,1,1,20
14.27,18.31,41383,2,1,0,5
5.22,7.74,44195,2,0,0,12
3.46,5.68,67505,2,1,1,11
9.73,14.79,170663,1,0,0,1
6.55,10.76,154596,0,1,1,1
3.53,3.96,106418,3,1,1,5
8.64,19.12,169693,0,1,1,13
5.09,10.45,173505,2,1,0,3
1.61,3.81,57845,3,0,2,6
15.76,24.76,147352,1,0,0,8
5.57,9.01,101474,2,0,0,10
15.72,18.23,101297,0,0,0,5
10.93,16.25,52305,3,0,2,7
7.39,9.74,162973,2,0,0,11
8.88,16.53,119017,3,0,2,9
19.75,23.96,42428,3,1,0,15
4.57,10.97,153699,2,0,1,9
9.12,15.63,143794,0,1,0,18
11.98,13.98,106446,0,0,0,15
4.64,9.28,133765,3,1,2,1
22.04,24.94,183763,0,0,1,6
13.41,18.66,188558,1,1,0,15
11.84,20.39,11890,0,1,2,13
4.0,4.45,109375,2,1,0,18
10.84,17.13,122958,0,1,0,10
11.47,14.06,19526,1,1,0,7
13.5,23.56,64105,0,0,0,10
4.98,9.04,168845,3,1,0,3
10.72,18.85,163633,3,1,0,1
6.91,8.82,60262,3,0,2,2
8.21,13.62,184566,3,1,1,11
7.78,13.65,58483,0,0,1,7
13.43,19.73,139998,1,1,1,16
3.59,8.45,30378,2,1,1,6
14.74,18.86,54763,2,0,1,2
3.25,4.98,108086,1,1,0,20
10.23,13.89,176510,3,0,0,11
11.08,19.01,110710,3,0,2,12
2.89,4.62,137187,0,1,0,11
7.61,11.21,93889,1,0,2,8
3.03,4.0,40923,2,1,1,19
8.96,10.01,108010,0,0,1,1
5.05,11.1,181634,0,0,1,20
6.69,15.71,194110,1,1,2,2
1.68,3.69,188637,2,0,0,13
11.84,18.19,112577,2,1,2,7
9.81,15.34,178598,0,0,2,14
11.81,15.02,182174,2,1,1,10
7.52,9.57,83017,2,0,1,3
12.63,23.54,194179,2,0,0,3
1.73,3.93,192207,0,1,0,11
6.7,8.96,152329,3,1,0,3
3.39,7.96,66036,0,1,2,4
2.76,3.11,149271,2,0,2,16
11.0,19.63,80299,3,1,0,14
19.43,22.41,51081,2,1,2,7
12.24,22.29,7429,3,0,1,11
12.0,14.54,40179,0,1,1,3
10.09,19.08,174944,3,0,2,15
5.82,6.86,172438,0,0,2,14
4.52,7.07,41860,3,0,0,17
10.79,19.58,91409,3,0,2,6
2.76,4.37,35991,2,1,2,13
5.65,11.09,62894,2,0,2,11
7.57,11.22,189009,1,1,2,1
6.42,14.62,99839,3,1,2,6
5.21,6.3,91014,3,0,0,3
8.02,12.8,19584,2,1,2,4
13.56,17.8,85784,0,1,2,6
3.0,4.0,95316,3,0,0,18
9.39,12.0,40501,0,0,1,11
3.99,4.77,178484,0,1,2,8
13.01,14.63,195803,3,0,2,8
10.01,12.33,104425,2,1,1,3
18.49,23.62,195060,2,1,0,14
3.25,5.22,13801,1,0,1,18
6.99,14.87,19796,1,0,0,13
14.72,22.28,178070,0,1,2,11
15.94,22.35,50910,2,0,2,2
15.18,20.29,88554,1,0,0,8
7.39,13.42,64072,2,0,1,3
7.64,14.66,106821,0,0,1,3
6.29,14.78,54933,3,1,2,18
6.49,7.77,59759,0,1,0,3
16.66,19.43,130546,1,1,2,17
12.7,20.06,104788,0,0,2,10
8.41,13.25,194376,1,0,1,5
11.85,15.38,63005,0,0,0,19
7.03,10.26,104572,2,0,1,14
10.48,13.14,197091,1,1,2,5
12.68,14.53,24485,3,1,2,19
1.82,4.5,44591,2,1,2,13
14.86,23.08,177827,2,1,2,1
6.04,14.79,80153,1,1,2,12
5.5,8.3,167471,0,1,1,16
11.73,13.1,68755,0,1,0,8
7.23,11.34,149887,1,0,1,8
13.09,15.45,29998,1,0,1,10
20.13,23.33,184418,3,0,0,19
12.89,15.91,191833,0,1,2,14
10.12,17.89,146705,3,1,0,8
4.63,8.11,24927,2,1,2,7
13.06,20.24,123109,2,1,2,12
13.78,17.53,27464,1,1,1,2
5.42,11.36,171173,0,1,0,16
13.77,23.75,121584,3,1,0,20
8.45,12.87,150421,3,0,2,7
13.42,16.13,90047,0,0,0,18
15.72,22.91,68633,2,1,1,3
3.84,8.9,43255,0,0,1,11
8.32,10.94,69642,1,1,0,18
1.78,3.15,108728,2,0,1,11
18.58,20.94,175665,0,1,1,7
6.11,6.91,109396,2,0,1,10
12.21,20.96,108005,1,1,2,12
14.71,23.75,59958,3,0,0,6
3.97,8.32,177664,2,0,2,11
10.33,15.81,145081,3,1,0,5
8.44,17.47,98063,3,0,1,13
1.65,3.23,72826,1,0,1,17
14.9,19.99,159295,0,0,0,6
5.57,12.15,27506,0,0,1,11
9.23,14.46,96304,2,1,1,14
8.56,20.82,35168,3,1,2,19
10.29,15.14,91766,1,1,0,15
8.27,11.7,198301,2,0,0,7
6.06,7.53,189486,3,0,1,14
9.61,13.07,73774,0,0,2,14
7.55,10.65,125025,3,0,0,17
5.7,9.72,52984,2,1,2,13
8.84,12.31,132577,1,0,0,8
7.04,9.92,123227,3,1,0,15
17.58,24.2,137497,2,0,1,8
3.85,4.82,13089,0,0,0,15
6.38,9.35,124884,3,0,2,3
11.64,14.92,15907,1,1,2,9
5.97,9.55,13449,3,1,0,13
15.52,20.84,159120,2,1,0,14
11.92,20.72,154441,1,0,1,14
7.93,8.88,139850,1,1,1,2
9.67,18.43,39784,1,0,0,16
10.27,16.91,169577,3,0,2,2
11.47,18.28,101749,0,1,2,12
9.83,16.97,187790,2,0,0,6
5.07,8.91,79342,1,0,2,5
3.18,4.01,169149,3,1,1,19
1.51,3.01,117145,0,0,0,6
6.23,8.51,102476,3,0,2,9
9.35,12.44,28907,1,1,0,13
4.97,7.98,183253,0,0,2,2
7.99,13.51,65017,3,0,1,16
8.23,11.42,39903,3,1,1,16
14.62,18.89,169647,2,1,0,9
14.96,19.55,159553,2,1,0,16
11.63,17.18,70055,0,0,0,12
12.65,16.35,54452,3,0,1,4
5.78,8.3,172269,3,0,0,17
13.39,21.94,153997,1,1,0,8
2.28,4.49,73730,2,0,1,2
3.22,4.81,145657,0,0,0,8
15.54,23.26,45731,3,0,2,4
3.68,4.27,27600,2,0,2,13
2.64,5.63,190571,1,0,2,15
10.71,20.23,193944,1,1,0,4
13.74,20.76,76298,3,0,2,10
2.04,4.22,153605,0,1,0,9
1.6,3.06,8221,0,1,0,4
11.68,15.16,192176,1,1,1,19
6.15,8.97,25417,3,1,2,10
20.12,23.99,23068,0,1,2,19
1.74,3.18,57604,1,0,2,6
19.12,24.95,56228,1,1,1,5
5.84,8.13,95812,0,0,2,20
4.72,5.29,143887,2,1,2,11
4.29,5.05,65679,2,0,2,12
7.37,15.78,137494,3,0,2,18
6.78,8.21,73417,0,0,1,16
2.17,4.64,58139,3,1,0,13
6.1,13.25,111564,1,0,1,6
10.41,21.75,28703,3,0,0,12
11.15,18.65,98255,0,1,0,18
16.87,21.8,150739,3,1,0,8
1.52,3.26,63271,0,0,0,17
21.23,24.94,56839,1,0,0,20
11.49,23.73,18274,2,0,0,19
10.4,18.03,50300,0,0,0,8
8.63,16.51,166736,2,0,0,19
5.58,9.16,40975,1,0,2,18
7.75,13.55,132055,0,0,0,9
4.15,10.02,62414,3,0,2,20
12.8,24.43,31249,0,1,2,13
5.28,10.81,50537,0,1,2,8
11.23,23.85,152746,2,1,1,9
3.5,4.99,65980,2,0,2,19
15.73,20.74,94327,3,1,2,14
16.64,20.04,142965,0,1,1,16
7.74,10.1,46288,2,1,2,11
14.49,18.26,165880,1,0,2,3
2.33,5.8,196058,2,1,2,11
11.87,23.26,165269,3,1,1,10
3.99,8.24,88759,0,1,1,18
4.88,8.49,22771,3,0,1,14
15.72,24.32,113532,0,1,1,7
8.88,17.32,185134,3,0,0,2
3.82,8.74,32453,2,1,2,10
8.83,10.43,165863,2,0,0,18
4.64,5.23,58883,0,0,0,19
2.76,4.09,154886,1,0,0,17
3.51,4.93,178544,1,1,0,7
10.85,17.04,26479,0,0,1,15
2.97,5.01,147639,2,1,1,12
4.67,8.79,126912,3,1,0,19
18.4,20.78,113524,1,0,2,9
20.2,24.24,185110,1,0,0,7
9.54,22.86,192250,1,0,0,8
11.29,24.39,55521,3,1,2,15
11.95,21.35,72603,3,0,2,16
13.75,21.85,141233,2,0,0,10
12.05,15.47,157745,3,0,2,16
13.2,22.31,74241,2,1,1,9
4.56,6.16,164555,3,0,2,8
3.51,4.08,129575,3,0,1,13
15.99,21.54,187500,1,0,1,12
13.75,19.03,163591,2,0,2,12
15.98,19.71,103018,1,0,2,5
9.97,11.87,142438,1,1,0,4
3.2,3.73,18253,0,0,2,13
12.58,16.98,37472,0,0,0,8
9.1,15.91,96687,3,1,1,5
5.2,6.58,155014,1,1,1,19
5.78,14.29,183834,1,1,1,7
15.66,20.71,85074,2,0,1,1
5.76,7.8,84205,2,1,2,12
10.81,15.35,160653,3,1,1,9
9.07,17.09,77583,1,1,0,12
8.8,11.89,88777,2,0,1,1
7.98,11.54,14258,1,1,2,8
14.54,17.04,129711,0,1,1,3
7.07,13.36,199227,1,1,0,17
4.83,7.91,85500,0,0,1,9
9.24,13.35,171303,3,1,2,17
14.68,22.08,105052,3,1,0,17
10.16,12.0,154265,1,1,0,10
5.75,10.32,51353,3,0,0,5
10.11,15.68,46532,1,0,1,15
9.75,24.24,105484,1,1,1,7
2.89,7.19,182405,1,0,0,4
6.33,11.44,159316,3,0,1,17
9.94,16.12,93561,0,0,0,4
9.77,23.86,110746,1,1,2,15
5.08,6.72,101099,2,1,2,4
14.37,17.56,176328,3,0,1,19
11.29,15.04,129360,3,0,2,17
12.5,17.57,75772,2,1,1,17
10.12,20.26,135479,0,0,2,17
6.4,9.5,15329,2,1,0,7
14.54,17.78,33948,1,1,2,20
11.81,22.91,173909,0,1,0,17
12.9,22.23,81170,2,1,0,15
15.73,21.74,178894,0,0,2,20
5.5,11.2,94842,2,0,1,18
17.37,20.6,175091,3,1,0,5
7.79,12.15,159861,2,0,1,17
3.05,3.63,184428,2,1,1,1
2.92,4.01,73580,1,1,1,6
10.04,13.6,178987,1,1,2,13
11.66,14.12,128021,3,0,0,15
15.91,24.34,18199,2,1,0,10
7.97,12.77,155217,2,1,1,6
2.2,5.26,113092,3,0,2,20
4.74,7.55,181022,0,1,1,3
10.72,15.32,167465,2,1,2,10
2.49,3.05,98097,0,1,0,13
4.7,6.09,192919,3,1,0,5
11.91,23.46,107995,0,0,0,17
3.59,5.71,123097,1,1,2,2
12.43,15.17,118458,1,1,0,19
14.7,17.47,163901,2,1,1,8
15.16,24.2,82115,1,0,2,8
16.86,21.94,191613,1,1,2,3
8.45,18.11,181258,0,0,2,11
11.95,15.82,179891,0,1,2,5
1.52,3.56,43096,1,1,1,17
4.64,6.22,21261,1,0,1,12
12.74,16.55,182085,2,0,2,17
14.22,23.38,106595,3,0,0,19
18.02,22.11,121146,1,0,1,1
12.16,24.64,24521,3,1,1,15
7.33,15.25,39096,3,0,2,12
2.71,3.88,89575,0,0,0,16
9.61,14.56,53200,1,0,0,10
5.76,7.87,60929,0,1,2,9
10.92,13.45,152150,3,0,0,4
20.41,23.21,68917,2,0,1,1
16.2,18.93,11476,2,1,1,3
8.78,10.05,26586,3,1,2,14
18.02,22.03,116203,2,1,0,14
8.33,18.77,14931,1,1,2,6
13.69,23.04,111858,2,1,1,13
11.23,14.77,173145,3,0,2,17
5.17,9.38,184798,0,0,1,17
6.85,13.43,144845,0,0,2,20
16.28,24.06,7922,1,1,0,9
10.87,16.13,145811,0,0,0,2
10.8,22.92,139362,1,1,0,7
14.67,17.76,153712,2,0,2,15
6.5,8.52,56751,0,1,2,18
2.26,5.2,167402,0,0,1,13
12.12,17.51,186785,0,0,0,1
7.48,9.89,63071,0,1,2,20
13.89,22.31,126332,2,1,2,10
3.98,4.8,78561,1,1,2,1
16.2,22.63,137953,2,1,2,18
9.52,14.96,146473,0,1,2,12
3.9,5.95,136366,0,1,2,11
12.25,19.66,41797,1,0,0,15
8.52,19.75,65751,1,1,2,13
9.7,11.54,124182,0,0,2,9
7.66,15.73,154464,0,0,1,12
11.61,14.36,97510,2,1,2,13
5.56,12.68,65290,1,1,0,16
11.86,16.24,36019,0,0,2,9
6.51,13.54,159872,3,1,0,5
11.46,16.03,40317,1,1,1,2
10.05,14.37,111287,3,1,0,15
13.62,16.34,128578,1,1,2,6
8.89,16.71,138904,2,1,1,15
2.96,5.91,9341,2,1,0,8
9.58,22.84,162237,3,0,2,5
18.59,22.84,146370,2,1,2,16
9.89,12.44,131385,0,0,0,4
11.54,13.5,65951,0,0,0,12
12.82,18.6,6864,3,1,2,20
5.72,11.99,32940,0,0,2,10
9.86,16.46,183416,2,1,1,9
13.6,15.21,71526,0,1,2,3
15.4,19.45,122072,3,0,1,17
12.44,16.51,184454,2,1,0,3
10.38,23.37,119131,1,1,2,5
13.39,18.94,110026,0,1,2,19
10.45,12.66,57876,0,1,2,5
10.15,14.35,65731,0,1,0,4
14.37,24.93,109709,2,1,2,18
12.59,23.22,149072,0,0,0,18
20.92,24.19,124212,3,1,1,1
3.48,5.34,23975,3,0,2,4
15.56,24.25,152631,0,0,2,6
5.9,13.6,72585,1,0,1,20
12.06,14.78,188715,0,0,2,4
2.98,4.67,51788,1,1,2,10
7.23,13.98,57341,0,1,0,14
10.23,21.4,98330,3,0,2,13
17.41,19.81,146944,0,0,2,20
7.45,13.8,138990,1,0,1,12
2.22,3.72,96039,2,0,1,3
1.92,3.26,60247,0,0,0,20
5.58,8.78,75623,0,1,1,3
5.92,7.63,188687,2,0,0,7
4.38,5.89,155966,0,0,1,2
2.95,6.21,198604,1,0,0,14
11.69,14.75,87766,0,0,0,4
2.76,4.32,71660,2,0,1,15
8.77,15.33,72558,3,1,2,9
8.43,17.3,146148,0,0,2,2
15.95,22.57,104895,1,0,1,6
6.85,15.58,23702,1,0,2,1
13.46,18.63,163698,2,0,1,11
3.26,7.05,11055,0,1,0,15
4.58,5.27,21722,3,0,2,8
2.53,5.29,167031,0,1,2,18
5.94,12.75,38138,3,0,1,11
11.52,13.28,146710,2,1,2,5
10.94,13.04,171684,0,0,2,1
11.47,20.7,120831,0,0,0,13
8.3,14.51,40730,3,0,1,20
13.87,19.85,81787,0,0,2,20
8.85,11.68,47800,2,0,0,7
13.11,16.76,140426,0,0,1,7
10.2,21.78,52816,2,0,2,14
5.66,13.82,89054,3,1,1,1
4.39,5.75,119928,3,1,1,12
8.34,10.52,86677,0,1,1,14
9.23,21.56,43296,3,1,0,18
9.67,20.98,8307,2,1,2,12
5.8,7.38,197760,1,0,2,19
16.86,23.6,46579,3,0,2,11
6.13,7.37,18654,3,0,1,11
4.62,6.68,77377,1,1,2,20
10.62,18.14,45630,1,0,0,5
4.49,10.45,168874,1,1,1,1
7.92,9.97,151368,2,1,2,13
5.72,10.88,40319,2,0,2,8
4.82,7.18,53923,2,1,0,5
5.19,6.41,82508,0,1,2,4
9.54,11.34,53636,0,0,2,4
14.15,17.48,146284,2,0,1,18
7.66,17.1,33957,3,1,0,7
2.41,5.36,55231,2,0,0,14
3.42,7.86,193178,2,0,2,9
9.51,10.94,199898,0,0,2,19
8.41,19.15,84666,3,1,2,19
5.22,7.17,142938,1,1,2,8
8.17,10.88,125250,3,1,2,2
6.76,14.1,177368,2,0,2,8
16.89,21.59,113093,0,1,1,10
13.56,23.38,71607,2,1,2,3
10.05,24.63,161175,0,0,0,19
17.15,21.83,10688,1,1,1,14
3.75,6.43,74465,1,0,1,9
13.36,15.55,154176,0,1,1,18
14.67,21.03,29999,3,1,0,2
6.48,10.65,118850,1,0,0,10
9.74,14.54,88706,0,1,0,11
16.75,24.36,161010,1,0,1,8
3.77,5.91,26638,2,1,1,16
5.84,12.56,187942,2,0,1,4
6.57,7.31,166479,1,1,1,2
4.5,10.12,155999,2,0,0,7
4.36,10.58,176811,1,0,2,10
6.34,12.69,66207,1,1,2,16
7.21,8.35,167792,3,1,1,19
6.75,13.37,91999,1,0,2,6
12.49,16.71,42053,2,0,0,5
6.56,9.25,187590,2,1,1,19
10.2,17.59,178041,3,0,0,12
6.38,14.19,191040,2,1,0,8
20.95,24.27,151980,3,0,1,4
4.77,11.65,46157,0,1,2,5
11.03,20.86,169047,3,1,0,12
10.66,22.74,177210,1,1,2,10
10.58,12.38,86889,2,1,2,16
12.62,15.78,184319,0,0,0,16
10.06,23.18,88229,3,0,0,2
17.47,19.84,113538,2,1,0,20
4.6,5.89,11867,0,1,0,17
8.61,10.9,185392,2,1,1,20
6.66,13.42,47935,2,0,1,5
15.06,19.33,58171,1,0,2,13
13.55,22.07,69692,2,0,2,10
11.57,16.06,142686,3,0,0,2
12.85,14.41,108707,2,1,1,13
9.25,11.76,84837,2,0,1,6
15.29,23.22,185867,2,1,2,1
4.77,5.49,158471,1,0,1,4
2.47,3.55,123929,2,0,1,6
8.38,18.8,37386,0,0,2,15
9.71,16.47,46916,3,0,2,4
3.22,6.57,42907,2,0,2,16
4.29,9.35,52368,1,0,0,6
9.37,13.95,135716,2,1,2,6
5.71,12.98,120834,3,0,2,5
8.93,21.04,59430,3,1,0,3
9.7,17.67,163147,3,0,0,19
12.99,17.79,165193,1,0,0,15
11.63,19.91,89625,3,1,1,18
4.95,5.96,187090,2,1,2,5
4.8,5.4,196293,3,0,1,19
14.35,21.65,73068,0,0,2,1
11.65,13.84,52161,0,1,0,5
10.17,13.23,35913,2,1,1,20
7.76,15.33,172117,0,1,1,9
11.09,14.15,89914,0,0,2,11
13.51,16.55,12632,0,0,1,2
8.22,17.2,131221,0,0,2,19
14.58,21.37,83471,3,0,1,19
19.96,24.33,78520,2,0,0,18
4.19,5.57,85814,3,0,0,1
13.96,22.3,102408,1,1,0,5
17.36,20.27,57978,3,1,0,9
19.52,23.32,197005,0,1,2,10
4.73,7.51,14582,3,0,0,16
14.05,22.18,92369,3,1,2,1
9.56,17.05,60009,0,0,1,11
4.83,9.0,46286,3,0,2,17
7.19,8.96,189642,1,1,1,10
14.07,22.63,146709,3,1,0,1
2.49,4.18,116795,2,0,1,8
15.03,18.68,180864,2,1,2,14
3.82,5.14,86367,2,1,0,6
5.17,8.68,100276,0,0,0,1
8.61,13.46,97128,0,1,2,18
9.52,11.93,192242,3,0,1,17
6.31,12.1,167758,2,1,1,2
12.87,20.91,159919,0,1,2,14
13.24,19.27,191622,3,0,2,18
11.68,21.08,51182,3,0,1,17
7.65,17.19,21117,3,1,1,5
6.48,9.41,166368,1,0,2,3
17.61,23.21,118961,3,0,0,11
3.86,4.37,148886,0,0,0,11
7.46,12.5,159707,2,0,1,13
4.88,7.65,50458,2,0,0,3
11.54,24.94,180653,3,1,2,11
7.73,17.47,40592,2,1,1,5
7.3,12.33,122976,1,1,2,4
16.35,21.63,67062,2,1,0,5
6.22,13.63,101620,3,0,1,2
2.1,4.72,164926,3,1,1,4
12.62,20.13,127911,0,0,1,3
5.76,6.69,187203,0,0,2,11
13.96,15.6,177050,3,0,0,15
7.43,14.12,77836,0,0,0,16
12.53,16.28,160128,0,0,2,17
11.36,13.67,143251,3,1,1,13
14.57,19.95,67376,1,1,2,7
8.36,19.62,35407,2,0,1,12
6.13,8.14,184178,0,0,0,3
13.83,23.4,122655,3,0,1,11
13.17,23.2,76457,3,0,1,1
15.04,19.15,159330,0,0,2,13
7.23,17.8,22813,3,0,0,20
3.52,8.54,13923,3,1,2,11
2.28,4.9,163514,1,1,1,17
9.55,13.27,24848,2,0,0,11
5.38,9.1,21354,3,0,0,18
3.19,4.53,57604,2,1,2,6
3.53,7.8,173647,0,1,0,7
12.28,15.57,70692,2,1,0,18
5.01,8.86,188515,3,0,1,8
14.45,21.57,23376,2,1,2,8
13.36,23.57,99088,2,1,1,3
9.58,21.77,94145,0,1,2,3
12.04,24.29,178207,3,0,0,19
8.01,19.18,41685,1,0,0,6
11.44,17.15,135989,3,0,0,3
12.25,20.33,16223,2,1,0,10
13.94,19.18,133160,3,1,0,19
13.71,16.92,85566,2,1,0,15
7.11,13.94,166383,2,0,1,17
16.47,24.47,155986,1,1,1,17
4.41,5.66,42024,0,0,0,18
3.1,3.9,31205,2,1,1,2
2.71,3.14,52032,0,0,2,18
4.04,7.54,172726,2,1,2,16
10.48,16.12,193009,0,0,0,19
7.31,8.18,35803,0,0,2,3
4.14,9.08,55782,2,1,0,14
2.27,4.19,100471,0,0,0,19
9.41,19.29,145865,2,1,0,17
9.78,16.04,90451,1,0,0,6
6.86,8.22,113159,1,0,2,17
1.98,4.2,119259,2,0,1,5
9.36,13.07,55896,1,1,0,16
1.96,4.31,40783,2,1,1,2
10.76,22.5,163239,1,1,1,13
9.57,13.76,61739,0,0,2,4
5.83,8.45,118835,1,0,0,13
19.46,24.81,197276,2,0,2,19
5.72,12.95,68048,2,1,1,17
3.37,8.26,28784,1,1,1,11
12.04,19.98,189322,2,1,1,6
9.0,14.68,82749,1,0,2,10
8.33,14.32,181856,3,0,1,19
1.9,3.9,101058,3,1,1,1
9.51,14.87,175141,1,0,1,13
7.58,14.08,115868,0,0,1,12
9.27,14.59,37167,0,0,2,4
3.17,7.14,125028,1,1,0,18
4.3,9.07,187735,1,0,1,15
13.47,23.5,129231,3,1,0,3
18.13,22.18,65903,0,0,2,20
10.25,13.7,179549,2,0,2,10
11.06,22.76,85345,1,0,1,16
3.93,6.26,79549,1,1,0,19
2.75,6.55,35649,1,0,1,16
3.13,7.51,190371,0,0,1,15
13.47,24.46,144891,2,1,1,3
4.33,6.43,198592,0,0,1,10
13.5,17.67,153172,0,0,0,2
9.93,17.92,35638,1,0,0,16
2.09,4.21,173116,1,1,0,10
10.97,14.85,121774,2,0,1,18
13.93,16.31,19692,2,0,1,1
6.41,11.2,79619,2,1,2,8
15.48,19.31,113949,1,0,0,6
8.14,16.15,42654,0,0,0,2
7.29,12.01,76651,2,1,0,20
3.95,9.37,133604,0,0,0,8
10.84,20.41,45376,3,0,0,20
11.99,22.95,174026,0,1,2,5
9.75,15.78,153261,2,0,2,9
1.63,3.39,73036,1,0,2,2
5.82,10.86,18864,0,0,1,16
11.21,17.06,25139,3,0,1,4
6.68,8.97,187967,0,1,0,11
5.57,9.19,132113,3,1,2,4
15.05,21.29,151448,3,0,0,13
13.44,21.01,9555,0,0,2,17
9.62,19.8,94665,3,1,0,4
8.39,18.14,85590,3,1,0,16
8.44,20.04,118048,3,0,0,20
2.9,3.95,84074,3,1,0,12
3.0,3.64,43156,0,1,2,9
3.61,8.32,154483,3,1,1,1
9.19,22.84,145804,1,0,2,15
6.21,7.07,181560,0,0,0,2
6.25,8.01,34581,3,1,2,4
10.47,13.91,99699,3,0,1,16
8.03,11.47,124785,2,0,1,17
6.06,7.15,23247,0,1,2,7
11.01,17.79,108905,3,0,1,5
21.14,24.51,199361,3,1,1,2
7.42,16.09,110981,2,0,2,14
7.6,10.83,179765,2,1,1,8
3.69,5.69,133277,3,1,0,17
10.6,17.92,51948,1,1,0,5
9.96,19.89,127164,2,0,2,4
3.04,3.39,13283,2,0,1,3
6.4,13.11,13613,1,0,0,6
14.66,18.75,132783,2,0,2,11
7.52,14.15,107599,2,0,1,15
1.68,3.62,16827,0,0,1,19
7.53,12.42,98681,1,1,2,17
6.94,16.04,185352,3,1,0,11
7.41,10.17,125824,2,1,2,3
9.39,15.94,87972,0,0,0,5
8.37,10.39,136797,1,0,1,14
11.43,13.93,24744,1,0,0,14
19.99,24.92,110389,3,0,1,11
9.86,15.46,144215,0,0,2,18
6.97,12.52,146544,2,0,2,11
4.98,6.97,9876,1,1,2,3
5.92,8.89,172228,2,1,1,6
4.83,6.25,44445,2,0,0,6
17.54,21.61,74975,0,0,0,14
3.29,6.3,12262,2,0,1,17
3.48,7.44,76489,0,1,2,19
16.77,20.21,19503,0,1,1,5
10.64,17.78,28673,1,1,2,9
12.56,23.89,142693,1,0,1,2
16.68,19.22,66849,1,1,0,2
10.53,12.67,71664,2,1,1,12
6.45,12.32,183975,1,0,2,3
15.23,21.07,10524,3,1,1,9
10.08,11.46,172496,3,0,1,3
19.88,23.02,108016,0,1,1,20
18.8,21.91,47002,2,0,0,14
11.53,13.36,113255,2,1,2,5
8.63,14.14,97237,0,1,0,12
7.89,16.86,173060,1,0,2,15
3.58,5.44,70432,2,0,1,18
6.08,8.73,185215,0,1,1,16
6.11,7.0,103912,1,1,2,9
14.89,16.79,28324,0,1,1,1
5.9,12.44,73198,1,1,2,1
10.23,12.57,123936,3,1,0,4
5.52,9.34,134543,1,0,2,12
9.71,12.2,112092,0,1,2,14
15.88,22.96,101898,3,0,0,6
18.17,24.44,109216,2,1,0,10
3.71,4.29,92257,0,1,1,3
14.78,16.63,84300,1,1,1,4
11.81,14.08,93913,3,0,0,15
4.95,5.57,16576,0,0,1,12
10.85,16.48,74142,1,0,0,12
15.64,21.77,177338,3,1,0,3
3.73,7.03,128272,2,0,0,13
7.38,10.84,190867,2,1,0,6
2.48,5.06,79479,0,1,2,9
3.65,6.97,25141,3,1,1,2
10.09,11.67,159753,0,1,0,17
13.62,21.28,177894,3,1,2,6
20.9,23.92,90174,1,1,2,1
7.8,10.11,19558,2,0,1,11
3.68,8.28,109573,1,0,1,15
4.52,5.65,133672,1,1,1,16
6.24,7.4,121770,0,1,1,4
11.81,16.51,118798,3,0,2,9
8.24,17.25,192075,3,0,1,13
12.63,22.96,130202,0,0,1,18
3.48,4.05,25062,3,0,0,2
14.14,17.54,154023,0,1,0,6
5.71,6.95,52764,3,0,1,6
11.83,18.93,180704,0,1,0,2
10.29,19.43,163348,2,1,1,18
2.1,3.29,176914,2,0,2,17
9.57,20.7,27973,1,1,2,8
14.03,21.9,59848,1,1,0,14
12.7,19.93,43840,3,1,2,11
9.92,24.21,128598,1,0,2,6
1.86,4.12,7064,2,0,0,8
8.2,11.79,139573,2,1,2,5
8.31,12.28,87798,2,1,1,20
14.77,23.66,95902,3,0,2,1
6.87,13.32,119848,0,1,1,14
17.52,24.12,181451,2,1,1,8
8.6,17.68,38841,2,0,1,18
3.46,8.16,150969,0,0,2,11
2.85,6.84,136983,0,1,2,15
3.64,5.66,63745,0,0,0,13
12.27,16.29,32300,2,1,2,4
16.41,20.21,31704,3,1,0,1
4.86,6.45,81578,2,1,2,9
4.78,10.36,41116,2,1,0,9
5.1,10.51,137388,0,0,2,5
3.87,6.34,143844,1,0,1,13
19.09,23.94,140307,3,1,0,6
13.52,23.76,27224,1,1,1,4
8.33,17.52,173156,3,0,1,19
17.14,22.22,194150,3,1,2,3
10.82,12.82,58774,2,0,0,8
2.75,4.85,145884,0,1,2,11
7.68,9.87,94314,3,0,0,3
8.64,18.98,137454,0,0,0,11
12.26,19.64,37702,3,0,0,19
11.31,15.44,169559,1,0,1,2
10.48,17.79,192262,3,1,1,2
3.16,5.16,191552,3,1,1,6
5.92,13.48,121959,2,0,2,16
12.66,17.0,120364,2,1,2,5
6.35,13.66,124986,3,0,1,16
11.35,19.42,151545,2,1,1,19
4.47,9.37,142042,0,0,1,2
1.71,3.62,42452,2,0,1,5
4.53,7.03,198897,0,1,1,14
9.77,15.61,153311,2,1,0,5
12.47,17.0,122946,0,0,1,4
15.29,22.81,93866,0,1,2,13
8.64,15.58,190440,3,1,2,20
4.67,7.17,129737,3,1,1,4
6.88,8.4,189973,2,0,1,14
2.27,3.99,11098,2,0,1,2
3.35,5.0,31039,1,0,0,12
7.21,9.75,111765,0,1,2,16
5.35,9.56,30885,0,0,0,19
5.17,7.46,161501,2,0,0,19
5.73,13.23,111712,2,1,1,10
10.91,24.2,181972,1,0,1,3
10.85,21.62,136185,0,1,2,18
15.11,24.15,150529,2,1,0,7
12.63,23.54,131402,2,1,2,19
7.07,9.19,47314,3,1,1,4
14.43,21.27,195073,2,0,2,17
10.63,16.97,190533,0,1,1,10
4.78,10.23,186363,2,1,2,1
9.09,12.09,187580,3,1,2,15
15.76,17.79,97535,0,1,2,6
4.98,5.74,102119,3,1,1,20
5.14,7.21,165810,1,0,0,9
10.43,13.84,189561,3,0,0,12
7.53,15.52,134502,1,1,2,12
4.8,5.8,154396,0,1,2,18
11.23,16.52,183436,3,1,1,3
11.59,21.58,111660,2,0,2,7
9.5,22.44,63863,2,1,1,19
8.33,10.36,154899,2,1,0,14
7.3,10.24,21474,3,0,0,15
16.85,20.54,92635,3,1,1,2
16.8,21.08,141229,2,0,2,19
4.19,4.88,20908,0,1,0,17
3.0,4.21,165101,3,1,1,6
9.19,11.84,166822,3,0,1,8
10.08,22.36,167327,2,1,0,7
1.42,3.27,191987,1,0,1,17
9.34,18.94,121555,3,1,1,5
9.78,12.59,175840,1,0,1,2
9.33,10.54,101686,1,1,2,1
12.52,21.89,115640,1,0,0,3
12.8,18.29,127526,0,0,1,5
3.44,5.31,16060,1,0,2,15
6.48,8.26,197567,2,0,0,14
6.36,10.98,24328,3,0,1,20
7.13,16.89,99348,1,0,0,14
10.95,22.48,193438,1,1,0,13
8.84,21.54,31526,2,0,0,15
10.49,13.04,101899,2,1,0,11
13.65,20.49,55248,0,1,0,16
8.71,15.92,145369,0,1,2,1
19.63,22.2,138239,1,0,2,12
2.63,4.43,138330,0,0,0,1
13.95,18.67,142750,2,0,2,10
8.81,17.29,59316,2,0,0,2
8.47,12.35,103850,0,1,0,11
6.58,12.78,97163,2,0,1,11
10.04,12.52,101341,0,1,0,6
3.56,8.14,174175,0,0,0,6
2.35,5.61,99433,0,0,1,17
15.95,19.39,184185,1,1,1,11
18.41,21.09,110856,3,1,1,11
5.09,7.99,60017,2,0,0,13
16.97,21.61,117405,1,0,2,10
9.41,11.24,156390,3,0,1,20
9.49,12.22,184768,0,1,2,13
20.7,23.29,45289,2,1,1,19
9.41,14.76,54371,2,1,0,18
7.43,17.85,51566,2,1,0,17
12.49,23.05,106159,0,0,0,18
8.12,14.41,50043,2,1,0,9
5.3,12.21,199810,1,0,1,3
5.64,6.49,155756,1,0,0,5
10.71,24.8,121845,1,0,1,20
6.98,15.67,198276,0,0,2,6
10.31,12.13,52075,2,1,2,15
4.45,5.1,188145,1,0,2,2
15.63,18.36,194375,2,0,0,18
8.53,14.1,90462,0,1,1,17
3.4,4.61,187055,2,0,0,20
1.75,3.83,70694,0,0,1,8
2.51,4.82,177234,1,0,0,18
9.66,21.45,164118,3,1,0,15
11.1,17.9,45238,1,1,1,20
15.42,21.4,142068,2,0,0,19
2.43,3.1,103931,0,1,0,1
6.98,12.28,8816,3,1,2,20
11.51,18.93,16537,0,1,2,15
20.48,23.56,108563,1,1,1,14
4.96,6.82,110418,2,0,0,10
12.67,17.48,77995,3,1,1,18
17.73,19.89,135960,1,1,2,11
14.61,24.59,187534,0,0,2,10
3.16,4.49,9626,2,1,2,5
9.55,18.5,8484,3,1,2,2
8.64,19.66,167467,0,0,0,7
4.72,11.27,173306,2,1,1,16
11.33,17.16,15382,0,1,2,10
7.06,10.54,58953,1,0,0,10
14.08,16.86,21938,1,1,0,6
3.39,5.02,160354,1,0,2,16
4.91,9.85,194182,1,0,1,6
6.44,12.86,171619,3,0,1,2
8.72,13.36,115807,1,1,1,15
15.2,21.79,83703,1,0,1,7
8.84,12.98,103342,3,1,2,11
2.94,7.31,54709,0,0,1,5
14.42,24.35,102817,3,1,0,8
11.69,23.51,47562,0,0,2,8
10.86,18.32,175631,1,0,0,9
6.99,16.88,182320,0,1,1,9
13.34,16.25,178697,3,0,1,13
16.11,24.43,26062,2,0,1,2
10.22,14.01,144775,0,1,0,11
16.21,20.09,95280,1,0,0,2
9.4,20.96,5413,2,0,0,15
5.25,11.24,189561,1,0,2,15
5.49,7.08,20461,0,0,2,14
2.61,5.4,171837,3,1,1,1
5.45,10.53,158523,3,1,1,18
7.91,17.64,15973,3,0,1,20
12.08,19.65,163432,0,1,1,5
10.06,11.33,20005,3,0,2,8
7.82,18.95,41402,0,0,1,8
11.9,18.1,129570,3,1,2,1
12.5,22.22,197888,1,0,2,9
12.57,20.47,96313,3,0,2,1
15.64,18.66,141329,3,0,0,14
19.04,21.31,148850,1,1,1,11
4.03,8.3,60480,3,1,0,3
11.66,22.86,78494,2,1,2,10
2.83,4.99,186347,3,0,2,5
15.36,17.39,152298,1,0,0,8
2.81,4.93,28367,1,0,0,11
18.44,23.99,156235,3,0,1,10
17.31,19.97,183074,1,0,0,10
10.27,21.75,87818,1,0,0,3
7.61,9.23,179417,0,1,1,1
8.75,13.52,61545,3,1,2,2
16.25,21.66,64001,1,0,1,14
14.78,24.8,148639,2,0,1,15
7.91,14.61,79197,2,1,1,18
18.19,22.05,19188,2,1,1,2
4.75,9.4,42964,3,1,2,5
8.34,11.28,116964,3,0,1,16
21.18,23.79,35761,2,0,0,15
3.61,5.61,108978,1,1,1,19
5.63,9.05,176231,3,1,0,8
8.77,17.11,138627,2,1,2,5
8.6,11.45,173977,1,0,0,15
2.9,7.07,188695,2,1,0,3
5.21,6.97,162051,2,1,0,17
7.52,15.65,176085,0,1,0,16
4.65,9.57,147718,1,1,2,4
8.22,17.5,121633,0,1,2,11
9.12,17.58,16727,1,1,0,17
8.78,15.15,160132,2,0,1,1
10.37,17.29,47813,0,1,2,8
2.43,4.55,197066,0,0,0,14
14.64,24.83,118672,1,0,0,10
3.27,5.42,148751,3,0,1,3
11.87,22.11,64183,2,0,0,16
5.76,6.87,195926,2,0,2,17
11.8,22.04,149583,3,0,1,2
7.83,10.59,199326,2,1,1,15
8.65,18.11,191967,1,0,0,20
13.73,18.57,70303,2,0,1,9
12.31,14.05,77305,1,1,1,6
14.31,19.95,28629,1,1,2,7
3.29,4.86,79934,3,1,1,19
12.1,14.33,182412,2,1,2,5
12.48,18.71,189180,1,0,0,20
10.01,22.88,50826,0,0,1,4
3.84,6.75,34683,3,0,1,8
6.78,8.82,5585,2,0,2,11
18.37,21.17,14287,2,0,0,4
7.58,13.13,83210,0,0,1,1
2.61,5.23,133986,1,1,1,20
3.37,6.42,177132,2,0,1,20
18.23,22.63,145621,2,1,0,7
11.27,19.44,6523,3,0,0,9
9.93,11.68,91825,1,0,0,16
11.01,13.76,134910,0,0,0,7
11.15,24.07,10544,3,1,2,17
9.57,12.45,161522,2,0,1,10
13.99,19.74,69945,1,0,0,18
18.23,24.87,69842,1,1,2,12
14.73,16.44,54458,1,1,0,4
3.32,3.84,55378,3,1,0,8
8.97,11.96,85332,1,0,1,8
6.06,14.22,173787,0,0,1,19
4.14,8.43,17466,3,1,1,7
4.13,9.16,163996,0,0,1,5
2.22,5.45,180360,1,0,2,11
12.85,19.34,159379,1,1,2,9
2.29,4.92,32883,3,1,0,8
20.34,23.36,24629,0,0,0,6
8.75,18.86,16484,0,0,1,3
14.78,23.04,22749,3,0,2,17
4.03,9.37,153419,2,1,0,16
13.3,19.52,105702,2,1,0,6
4.54,6.52,62096,2,0,0,20
8.54,18.58,149743,3,0,0,11
20.49,23.73,77812,3,1,2,16
2.17,3.03,96085,0,0,2,17
6.56,11.98,165296,3,1,2,16
4.61,6.89,9099,3,0,2,12
7.72,15.12,120916,1,1,1,1
11.14,19.06,118745,3,1,1,13
10.35,20.94,51166,1,1,1,15
16.72,22.48,108336,3,1,1,15
11.52,13.01,174114,1,1,1,13
2.7,3.46,8552,1,1,1,8
9.62,23.65,162191,3,1,0,16
11.48,13.57,152548,0,0,0,16
2.26,4.23,186414,3,1,0,13
8.04,9.53,139097,1,1,0,3
7.15,12.4,43633,1,1,1,13
11.18,24.8,63857,0,0,0,15
19.76,23.31,27230,1,0,2,9
9.92,16.19,183109,0,1,1,10
14.14,17.56,74573,3,1,1,5
9.25,11.59,194095,3,0,2,16
5.55,6.18,89686,2,0,1,12
9.52,13.59,113513,1,0,1,7
9.01,13.94,144924,1,1,2,3
11.75,14.59,186796,3,0,0,7
14.45,24.87,9496,1,1,1,14
11.86,21.67,41529,2,1,0,9
17.12,19.43,35732,2,0,1,19
12.73,18.43,178735,1,1,1,19
1.93,4.74,25202,1,0,2,16
17.02,19.46,188124,2,0,2,16
4.0,9.31,45864,1,1,1,20
12.16,17.96,124091,0,0,0,7
14.37,24.41,141708,1,1,0,12
4.95,7.04,151615,2,0,2,8
9.06,21.2,48207,2,0,0,8
3.72,4.71,163122,3,0,0,17
3.73,5.34,60550,1,1,0,3
3.32,4.87,154454,2,1,1,12
21.15,23.76,7222,2,0,1,18
18.01,24.42,189197,2,1,0,9
14.22,20.51,130030,0,1,2,2
2.11,4.73,169089,1,1,2,6
18.02,24.83,164577,2,0,1,4
7.02,16.72,117958,1,1,0,9
7.54,16.81,135422,1,1,1,2
11.28,13.01,49490,3,0,1,17
3.58,4.56,191293,2,0,2,18
15.25,23.68,154090,0,0,2,16
10.44,12.7,139343,0,0,2,16
3.7,8.78,183927,1,1,0,6
6.76,11.27,154457,1,0,2,11
7.7,10.68,127811,3,1,2,18
18.18,23.18,109056,2,1,1,17
12.62,24.92,132479,3,0,0,10
3.04,6.43,128199,0,0,0,3
10.32,20.37,129101,3,0,1,9
2.6,4.84,23155,0,0,2,15
8.72,17.73,73012,3,0,1,14
4.72,7.37,114864,1,0,2,15
7.87,11.56,7603,1,1,1,2
2.87,3.31,125234,0,0,1,10
16.47,18.89,123111,2,1,0,4
9.64,12.24,148153,2,0,0,14
21.39,24.38,156214,0,0,1,14
15.76,21.02,37701,2,0,1,4
5.65,12.37,93034,2,0,0,3
9.94,16.09,147282,2,1,0,3
3.52,4.97,9306,3,1,2,17
10.33,14.07,13555,1,0,2,6
4.83,5.52,128096,2,0,0,8
10.95,20.21,138054,0,1,0,9
1.77,3.72,11880,0,1,2,7
4.13,8.32,107593,3,1,2,7
14.74,24.5,50538,1,1,0,8
9.7,14.09,170528,0,0,0,16
2.05,5.05,119667,1,1,2,18
1.66,3.56,197458,0,1,2,8
7.82,9.53,145356,0,0,0,13
14.99,16.8,172349,3,1,0,16
4.11,9.21,52350,0,0,0,16
8.95,20.5,113460,1,0,1,5
11.42,20.79,52135,3,0,1,6
16.76,24.89,162284,0,1,2,5
9.7,14.79,140789,1,1,0,20
4.51,10.21,62609,0,0,0,20
7.75,10.67,149571,2,0,0,18
5.6,6.81,185107,2,0,0,12
14.79,23.98,132882,2,0,2,14
8.18,16.36,117541,0,0,0,17
16.7,24.08,71339,0,1,0,19
16.55,20.8,117561,1,1,2,15
5.16,11.18,87431,3,1,1,9
13.96,20.5,65987,0,1,0,2
7.96,9.12,164358,2,0,1,3
4.77,7.34,134481,2,1,1,14
9.6,16.23,159971,3,1,2,15
13.41,24.74,126050,3,0,2,2
3.69,4.53,29935,0,0,1,20
3.07,4.75,87096,2,0,1,8
9.73,21.55,166998,3,1,0,17
13.56,21.95,194858,3,0,2,10
12.48,23.55,18760,3,0,0,20
8.16,10.25,165628,0,1,2,12
4.69,5.64,88711,2,1,2,6
6.06,8.29,130285,0,1,0,4
8.77,19.86,191484,1,1,0,12
3.18,4.33,8441,2,0,0,5
5.93,7.59,159802,0,0,2,10
18.56,21.65,32698,0,0,2,16
3.69,7.47,109911,2,0,2,4
4.82,6.24,33094,3,1,1,17
8.44,13.48,144168,3,0,1,20
3.88,6.31,136646,3,0,1,14
3.13,4.08,105275,1,1,1,17
11.31,16.07,143821,2,1,2,15
11.03,24.1,62561,0,1,2,13
6.79,9.06,167587,2,1,0,17
11.01,13.89,49834,0,1,0,12
10.0,14.07,188624,1,0,2,15
5.67,6.67,92072,3,0,1,18
5.81,6.91,74162,3,0,2,20
8.74,13.74,69883,3,1,2,20
5.26,6.68,43425,0,0,1,4
18.13,24.78,72460,0,1,1,9
14.66,18.62,140746,2,0,2,11
9.01,19.02,10433,1,0,1,4
6.27,8.38,199251,0,1,0,20
14.3,17.05,76807,2,0,2,8
15.66,22.54,107505,0,1,2,9
8.51,18.44,165528,0,1,0,4
14.82,23.4,43569,0,0,1,5
1.8,4.42,82260,1,1,0,11
5.61,9.73,117806,3,1,1,5
14.86,20.28,136594,1,0,0,11
6.82,12.51,26159,2,1,2,14
10.41,12.3,30726,0,0,2,8
15.35,20.7,41484,0,0,2,10
5.28,9.62,27438,1,0,0,14
8.12,14.58,186962,2,0,1,16
9.99,24.15,125922,3,1,0,7
15.84,22.95,68608,1,1,1,1
7.49,11.86,6560,2,1,0,16
9.64,21.26,175362,3,0,2,12
16.95,22.01,36835,3,1,2,10
4.32,6.0,182125,0,1,1,5
7.86,18.13,35070,3,1,0,1
8.35,13.42,137593,3,0,1,17
11.16,21.05,148319,2,0,0,15
3.68,7.07,177350,1,0,1,20
11.44,17.69,159340,2,1,1,11
8.65,20.9,43840,3,1,2,7
3.17,3.75,175504,2,0,0,11
12.07,22.41,125153,0,0,2,6
5.65,11.59,21453,0,0,2,4
5.03,9.12,177607,3,0,1,16
13.2,17.5,156005,0,0,2,1
8.69,10.66,166867,3,1,0,2
15.3,17.64,135923,0,1,0,17
14.8,19.02,105685,3,0,0,15
13.43,21.63,24105,3,0,0,19
7.77,11.31,172089,1,0,1,6
3.83,7.96,199551,1,1,2,11
6.33,7.48,41847,2,0,0,17
9.54,13.92,59388,0,1,0,4
10.39,12.41,103597,3,0,0,6
9.79,13.97,18494,3,0,1,17
15.45,18.47,22813,0,1,2,8
9.93,14.0,109653,3,0,2,1
1.97,3.71,115468,3,1,2,20
19.97,23.33,178889,1,1,2,10
10.58,18.47,14269,2,0,0,1
7.9,18.91,32279,1,0,1,12
8.29,20.19,64704,3,0,2,11
8.99,15.15,18668,1,0,2,20
4.7,5.54,35931,0,0,1,16
5.72,8.24,29114,2,1,2,19
8.94,20.88,25083,1,1,1,13
14.61,16.25,69027,2,1,2,9
2.35,4.68,147513,1,0,1,18
4.93,9.44,176348,0,1,1,3
11.91,18.52,168019,1,1,1,7
5.83,7.64,102619,3,0,2,3
15.57,23.97,10580,0,0,1,6
2.55,4.31,164841,2,0,0,18
5.5,7.53,53346,3,1,2,13
18.36,23.62,164577,0,1,1,9
9.93,12.55,117079,3,0,2,1
8.43,12.32,193539,0,0,1,6
3.19,5.9,8980,3,0,1,13
6.27,11.68,166362,0,1,1,2
14.45,17.54,74341,2,0,0,2
2.44,3.81,99037,1,1,2,6
6.14,9.08,164993,2,0,1,18
11.36,22.12,38350,1,1,0,12
5.85,7.05,137833,0,1,0,19
18.08,24.46,9225,3,0,0,12
9.28,14.15,34670,1,0,2,18
3.83,4.57,116797,3,0,1,7
14.45,22.74,103229,3,0,0,7
9.69,23.47,159986,1,0,0,11
15.5,21.28,13545,2,1,0,8
10.07,14.08,155585,3,0,2,2
7.72,14.45,88083,0,0,0,4
6.25,8.08,87527,1,0,1,9
4.71,10.74,137551,2,0,1,18
13.4,15.53,37841,2,0,1,13
5.98,9.9,26366,1,1,0,10
2.04,3.34,36664,2,1,0,6
3.16,3.53,48761,2,0,0,7
13.86,18.33,68290,0,1,2,8
4.04,4.62,98050,2,0,1,19
14.99,19.14,194715,3,1,2,16
6.98,11.14,175237,2,0,0,2
4.05,9.54,94421,2,0,1,13
8.28,19.66,42538,2,0,0,10
5.04,9.27,36077,2,1,1,9
21.34,24.75,32818,1,1,2,12
13.71,19.61,12169,1,0,0,4
4.58,7.47,154727,1,0,0,9
8.26,12.78,118315,1,1,1,17
14.79,19.37,63311,1,0,1,18
13.4,17.79,24421,3,1,2,4
7.3,9.99,151320,3,1,2,4
16.35,22.19,62726,2,0,0,8
6.61,9.22,57054,1,0,0,5
11.53,15.27,59669,2,0,2,5
5.24,8.16,96410,0,0,2,2
8.21,13.78,170157,2,1,0,5
14.74,24.18,80306,0,0,0,17
9.65,13.22,88599,2,0,1,15
5.0,12.06,66567,1,1,2,1
5.31,8.76,88261,2,0,0,10
7.8,13.68,62395,0,0,0,12
11.2,22.26,145512,0,1,2,2
16.32,20.65,28659,0,1,2,20
9.79,10.97,57019,2,0,0,14
6.96,10.29,61522,3,1,2,9
5.91,14.03,132113,0,1,2,17
3.02,3.74,37412,2,0,0,13
3.48,4.63,194297,3,1,0,18
16.67,20.44,55930,0,1,1,2
6.97,13.1,31130,2,0,1,12
5.37,7.89,111517,0,0,0,18
14.85,19.01,102710,2,1,1,5
8.75,12.84,129991,0,1,0,13
4.68,6.72,133401,1,0,2,3
15.46,19.73,20448,2,0,0,2
7.04,10.07,153193,0,0,2,19
5.12,9.89,175920,2,1,1,5
5.42,11.27,8571,1,0,0,18
10.91,22.48,134809,2,0,1,19
8.56,9.53,119158,0,1,0,20
11.63,14.51,58598,0,0,0,11
21.02,23.4,193777,1,1,1,10
3.01,6.94,128337,0,1,2,7
6.63,14.83,91778,2,1,1,17
16.02,22.43,95428,0,0,2,3
9.61,11.08,110714,1,1,0,11
6.25,9.16,73927,2,0,2,14
8.94,17.71,129100,1,1,2,1
5.15,6.15,129640,3,1,2,16
6.97,12.36,128650,3,0,1,6
10.31,18.54,98058,0,1,0,8
12.69,18.65,119620,0,0,2,12
5.73,6.92,100862,2,1,1,9
3.46,6.94,7797,1,0,1,9
15.01,23.04,71521,0,0,2,17
8.85,11.76,187320,3,0,2,5
10.69,13.79,129111,3,0,0,6
17.07,22.67,45158,1,0,0,1
5.5,12.75,191277,0,1,1,19
19.4,22.75,49358,0,0,1,10
2.1,4.43,136471,3,0,0,19
10.7,16.39,185542,3,0,2,12
3.82,5.59,127225,2,1,0,9
10.64,19.05,53669,1,1,2,15
11.44,13.13,194864,1,0,0,9
10.0,18.53,51662,0,1,0,8
19.96,22.44,51428,2,1,1,12
12.37,15.73,96451,2,1,2,9
3.25,6.43,154084,0,1,1,8
12.07,15.14,199807,1,1,1,4
2.43,3.69,35224,2,0,2,12
8.16,11.19,104066,0,0,0,10
6.97,12.27,92742,1,0,0,15
9.31,15.03,10701,2,0,1,6
6.0,8.56,102836,2,1,0,13
4.23,5.37,116645,2,1,2,4
20.56,23.29,161460,1,1,2,15
18.01,20.35,19103,1,0,1,10
6.22,13.13,177650,0,1,0,15
9.73,21.87,119438,1,1,1,13
7.14,10.58,128417,1,0,1,15
11.75,19.79,30119,1,0,1,13
7.03,16.13,145015,3,1,0,7
8.9,10.97,136453,2,1,0,9
3.93,7.14,60373,0,1,1,5
6.84,9.27,106401,3,0,0,16
9.61,11.76,140619,3,1,2,15
9.94,20.68,8204,2,1,1,8
6.78,12.29,19289,3,0,1,8
9.83,21.57,100646,2,1,0,10
7.24,10.42,190483,2,1,1,20
2.44,3.88,133351,0,0,1,11
13.34,19.87,11168,0,0,0,11
4.24,10.14,171719,0,0,0,6
2.25,4.85,29791,2,0,1,15
15.61,18.16,68989,2,1,1,6
3.41,3.84,164738,2,0,2,9
6.05,12.3,10867,3,1,0,11
6.19,8.74,84482,1,0,2,2
4.15,7.73,119542,0,0,0,5
4.53,9.0,111740,1,0,1,11
11.4,20.39,171423,1,0,0,1
12.44,16.45,195883,2,0,1,18
1.84,3.28,94285,1,0,0,3
10.92,18.35,181419,3,0,2,3
2.82,4.83,143829,0,0,0,9
11.93,16.75,48708,2,1,1,16
11.38,19.37,66530,1,1,0,3
5.35,7.8,34001,1,0,1,8
6.58,12.2,162089,3,0,0,14
7.54,13.89,126612,1,0,1,8
11.5,14.72,92570,3,0,1,20
5.08,7.16,12612,3,1,1,7
6.06,8.5,154240,0,0,2,1
13.84,22.0,47304,1,1,1,4
4.76,9.45,13097,2,0,0,16
17.58,24.4,136128,0,1,1,15
2.33,3.15,13473,2,1,1,18
10.33,22.43,145860,3,0,2,12
7.69,9.45,109437,0,0,1,19
4.11,5.28,73812,3,0,1,17
4.88,6.12,68718,0,0,2,10
8.45,13.08,190881,0,0,2,18
7.7,10.27,123063,0,1,0,6
7.85,9.35,62939,0,0,2,4
9.88,15.49,84886,0,1,0,15
4.99,9.43,105722,3,0,0,1
2.49,3.27,100462,2,1,1,2
8.87,15.92,136359,2,1,2,16
2.79,6.86,104581,0,0,0,5
4.97,6.3,164551,1,0,1,13
18.93,23.08,8198,1,0,2,2
10.31,11.77,30910,3,1,0,19
8.08,15.47,70004,1,0,0,6
16.6,24.55,74668,1,1,2,19
2.27,4.34,64660,2,1,2,11
4.37,10.01,171174,3,1,1,19
2.64,5.2,159501,0,0,0,14
13.96,20.1,56065,2,0,1,6
4.37,8.96,170446,2,0,1,1
6.27,8.48,77165,0,1,0,3
1.99,3.14,138574,1,0,2,5
2.9,5.08,121181,1,1,0,11
5.47,9.76,85054,2,0,2,14
8.74,15.56,45526,2,1,2,14
9.05,10.16,140388,2,1,1,15
13.79,23.56,84591,0,0,1,5
9.66,12.36,108164,2,0,1,11
10.02,24.45,76881,1,0,1,16
5.67,10.08,105245,1,0,1,20
2.61,4.64,47052,2,0,2,17
5.89,8.5,164044,3,0,1,5
5.07,11.13,79510,3,0,0,3
7.99,15.98,155493,2,0,2,16
13.42,19.78,73345,3,1,2,3
20.51,24.06,99694,1,0,1,10
6.56,13.14,92297,0,1,0,13
9.91,12.4,132495,3,1,2,7
20.83,24.9,137176,2,0,2,7
8.55,19.16,153191,3,1,2,18
12.74,16.42,55040,0,0,2,6
8.5,17.31,24143,0,0,0,16
11.13,15.64,6665,3,1,1,8
4.37,6.31,63429,2,0,2,7
3.2,6.36,43871,3,1,0,2
6.02,10.67,23157,1,1,1,3
6.37,12.33,76061,0,1,1,15
8.81,21.35,103333,2,0,1,17
5.12,7.37,104747,3,1,0,8
4.35,5.65,133216,0,1,0,14
13.16,20.6,99334,3,1,0,18
18.21,20.68,109938,0,0,0,8
13.1,23.81,175918,2,1,1,7
1.95,4.0,70273,1,1,2,10
13.8,19.77,21038,0,0,0,5
5.99,6.79,140947,0,1,0,7
5.34,7.49,110815,0,1,1,5
17.31,22.55,13971,2,0,2,20
2.74,6.73,31244,3,1,0,4
10.95,13.22,113809,2,1,1,5
6.19,13.33,72334,0,0,1,5
4.81,7.32,62491,1,1,2,2
4.17,9.21,166222,0,0,1,8
11.65,17.7,141293,1,0,1,6
12.19,15.75,13971,3,1,0,16
8.16,16.96,67345,3,0,1,16
10.15,16.83,156309,2,0,0,14
15.02,17.42,139870,1,0,1,12
9.57,13.04,30297,0,0,1,3
10.83,24.22,38089,3,0,0,20
6.6,9.75,119337,1,1,0,9
15.39,20.07,57082,1,0,2,13
8.83,18.26,144164,3,1,2,13
9.12,14.9,164820,0,0,1,16
19.33,22.82,115431,0,0,0,8
6.26,8.53,150688,3,0,0,18
10.62,13.58,47009,2,0,1,16
3.16,7.25,96857,1,1,2,2
11.96,23.78,44805,0,1,2,2
6.52,14.45,142426,2,0,1,17
9.35,14.91,164917,0,1,1,17
3.36,5.48,127296,2,1,2,12
3.47,4.95,196826,0,0,2,17
5.56,12.28,172263,0,0,1,7
10.01,24.63,26782,1,1,2,12
15.85,17.64,32253,2,1,2,7
14.02,15.99,173474,3,1,1,17
10.87,17.8,163284,3,0,1,2
19.14,22.0,14771,3,1,0,2
4.14,5.17,113041,0,0,1,10
5.11,9.09,17530,1,0,2,13
16.09,19.57,50103,0,1,1,8
2.33,5.23,194252,0,1,1,11
5.67,8.82,190439,2,1,0,14
2.31,3.35,54752,0,0,2,10
5.57,7.37,28735,0,0,2,18
5.3,11.73,105988,3,1,1,9
6.17,8.41,45635,3,1,2,19
5.21,8.4,64200,1,0,0,13
17.91,21.87,131687,1,1,2,20
9.95,11.79,155852,0,0,1,2
6.17,11.02,66526,3,0,2,9
9.52,20.5,156770,2,1,2,13
14.15,18.84,193105,1,0,2,13
8.52,13.13,119785,3,1,2,19
12.97,15.3,20085,1,0,0,6
6.43,15.53,195778,2,1,1,12
11.75,17.56,86218,0,0,0,14
13.69,24.56,158845,3,1,0,3
3.37,4.4,113451,1,1,0,1
8.46,19.03,91976,2,0,2,5
2.97,6.05,94992,0,0,1,5
3.0,5.0,73289,0,0,1,5
12.2,14.53,10347,3,1,0,17
9.83,24.2,143705,2,1,2,20
9.88,11.25,23189,2,1,1,2
15.53,22.19,45546,1,1,2,17
8.69,20.92,121681,3,0,0,16
11.89,18.03,159692,2,1,2,9
15.93,23.63,177618,2,1,1,10
9.73,11.05,67770,1,1,1,13
18.66,23.17,130940,3,0,2,19
10.34,15.65,144441,1,0,0,2
17.27,19.8,81797,2,0,0,6
1.97,3.52,32346,2,0,1,5
7.22,14.61,15913,0,0,2,19
13.03,14.75,17375,1,1,2,19
15.87,19.25,142359,0,1,0,7
18.07,23.9,63082,1,1,2,6
1.68,3.34,105004,0,1,2,1
20.06,24.66,107214,2,1,0,10
4.45,8.42,180251,0,0,1,1
7.15,12.15,113433,2,1,2,20
1.82,3.92,122736,3,1,0,8
2.51,4.46,145755,2,0,1,5
5.23,8.75,36300,3,1,0,2
15.92,24.9,127934,1,0,0,4
10.3,19.78,22668,0,1,1,18
17.27,19.92,178769,1,1,2,1
19.81,23.87,94482,1,0,0,20
10.14,11.61,45133,3,1,2,19
6.44,10.39,194053,3,0,2,14
2.63,6.15,88244,2,1,2,15
9.49,11.15,42614,3,1,2,10
9.61,20.9,153623,3,1,2,19
14.01,23.62,174027,2,1,2,5
14.67,16.48,95478,2,0,2,5
5.69,7.92,80199,2,1,1,9
5.9,12.5,83605,2,0,0,20
4.63,7.58,111376,2,0,1,9
8.06,11.0,90461,1,1,2,6
11.31,15.5,196183,0,0,1,14
4.89,7.7,42049,2,0,0,11
6.57,7.78,149623,2,0,0,14
5.59,11.49,179848,1,1,0,14
8.31,9.96,69408,2,1,2,7
8.34,20.31,27478,0,0,1,17
10.72,19.36,60839,0,0,1,14
10.19,18.48,80953,1,1,1,10
8.9,14.71,167080,2,1,0,17
17.89,23.0,30446,2,0,1,16
14.79,19.88,158662,2,0,0,15
13.63,23.83,153578,3,1,0,5
9.98,16.73,182569,3,0,1,16
4.41,10.8,134695,2,0,1,18
12.19,14.3,141428,2,1,0,14
11.5,18.41,73973,0,0,2,13
11.83,17.51,92272,3,0,1,6
13.61,22.9,104619,2,0,2,14
5.58,11.96,94686,0,0,1,7
4.15,4.83,122931,0,1,0,12
4.9,8.35,51427,1,1,0,17
16.03,19.2,94426,3,0,2,20
14.33,20.29,32743,1,1,0,10
7.56,18.8,29008,1,1,1,18
10.69,16.76,55499,2,0,1,10
13.69,22.03,21060,3,1,0,2
4.24,6.17,147081,3,1,0,12
9.45,19.64,64694,0,0,0,10
6.54,8.52,95376,3,0,0,7
2.49,4.36,134478,2,0,0,18
7.49,10.0,99759,3,0,1,18
11.31,19.33,130946,2,1,0,9
3.89,6.75,186106,2,0,1,2
9.96,12.95,42246,2,1,1,6
11.76,24.77,170725,3,1,0,8
10.65,23.81,61883,2,0,1,2
1.67,3.48,107821,0,1,1,14
11.68,18.92,118470,2,0,0,1
15.29,23.96,190079,1,0,0,18
9.87,13.79,85742,0,1,2,7
11.17,14.65,94416,0,1,0,16
5.62,11.14,69516,1,0,1,6
7.87,10.5,91785,0,1,0,3
8.57,15.39,10084,2,0,0,5
11.73,13.8,162967,3,0,0,4
15.37,18.66,100363,2,1,2,12
6.54,10.2,167700,0,0,1,20
18.21,22.43,57444,3,1,2,1
7.86,14.52,137154,2,0,1,14
2.56,6.17,11627,3,0,0,14
8.02,16.77,150559,0,0,1,6
4.61,7.35,164001,1,1,0,12
14.11,22.09,149854,0,1,2,19
8.42,17.22,108687,3,0,2,7
1.66,3.87,139141,2,1,0,2
4.57,5.25,47829,3,0,1,16
7.81,12.08,23239,3,0,2,18
12.16,15.06,28454,1,0,0,16
2.88,4.24,184181,1,1,0,13
17.27,19.69,45011,0,0,2,13
2.21,3.42,80927,3,1,2,8
4.9,7.59,157761,3,1,1,19
5.45,6.35,6926,0,0,2,14
5.07,6.52,57844,0,0,1,8
3.52,5.62,79811,2,1,0,8
8.89,11.52,32978,1,1,2,19
7.92,10.94,19252,0,1,1,11
6.44,7.76,52426,2,0,1,20
13.97,16.24,48321,0,1,2,8
15.94,22.46,13178,0,0,1,17
8.54,19.03,46808,1,0,2,8
3.39,4.67,114441,3,0,0,9
6.01,13.05,58651,2,1,0,12
15.82,18.95,124339,0,1,2,18
10.11,13.55,196741,3,0,0,2
8.45,13.94,127080,3,0,2,19
15.07,18.82,58136,0,1,2,11
8.79,20.83,175441,2,1,2,6
6.5,9.3,28177,2,0,2,19
8.97,18.98,146758,2,0,1,9
11.67,24.64,81663,2,0,0,6
4.85,8.57,41081,2,1,0,1
6.68,14.14,168856,1,1,2,10
4.03,4.8,114832,3,1,1,8
13.56,17.62,48175,2,0,2,3
9.97,15.07,108536,1,0,2,9
5.0,7.97,173795,3,0,0,17
9.53,18.29,85361,0,1,0,18
1.55,3.36,82538,3,0,1,20
8.97,12.28,98720,0,0,1,17
6.73,9.68,167334,3,1,1,14
8.05,10.73,72051,3,0,2,10
10.43,24.88,104606,3,0,2,5
3.94,4.83,194865,2,0,0,18
13.84,24.65,14002,2,0,0,1
15.0,18.04,160563,2,1,1,20
14.68,18.34,106758,3,1,2,12
7.54,13.8,123417,3,0,1,4
9.05,18.11,25138,1,0,2,17
11.02,19.99,16501,0,1,2,15
9.37,20.79,35432,1,0,1,6
8.4,20.48,117714,0,0,1,9
6.86,9.14,151088,3,0,2,19
11.55,13.44,137936,3,1,0,9
4.43,7.11,56515,0,0,0,2
10.75,15.81,35369,1,0,0,15
2.13,3.25,20727,3,1,1,8
8.33,10.03,68878,1,0,1,16
3.5,5.18,106674,3,1,2,14
14.02,21.95,22824,1,0,2,16
14.25,23.63,73804,3,0,0,9
10.59,17.78,102958,1,0,2,14
18.85,22.55,174355,1,0,0,4
7.02,16.2,114397,1,0,1,7
7.38,9.18,175437,0,0,1,8
9.54,13.73,185473,1,0,0,4
16.1,24.45,144654,0,0,1,5
12.35,14.3,87064,1,0,1,1
15.62,21.17,140704,0,1,2,14
11.31,20.65,185442,0,0,2,16
5.19,6.82,194947,1,0,0,4
7.22,11.25,107663,2,1,1,5
4.05,4.59,37618,2,1,0,1
20.31,23.41,124212,0,1,1,12
21.91,24.59,169655,3,0,1,19
2.6,5.63,52475,3,0,0,10
11.7,14.77,38402,1,1,0,3
7.92,10.43,168672,2,1,0,17
14.06,16.28,74923,1,1,2,1
4.84,9.97,62638,1,1,0,2
15.52,19.29,75707,3,0,0,2
11.09,13.11,48422,0,1,0,13
10.37,12.57,162212,1,1,0,11
8.87,18.67,121005,2,0,0,7
7.2,12.61,142346,2,0,2,5
4.92,11.21,189406,1,1,0,14
5.65,10.77,76864,1,0,0,10
3.62,8.37,187866,2,0,1,2
8.59,13.8,194839,3,0,1,20
5.7,8.92,73120,1,1,1,13
1.81,4.06,64920,3,0,0,9
11.15,23.5,123777,2,1,0,4
4.27,9.86,141448,3,0,2,7
12.29,23.72,49020,3,1,1,5
9.98,14.75,126251,1,1,0,15
7.96,10.16,50034,3,0,0,20
3.34,4.06,45870,0,0,0,15
5.18,6.85,33803,3,0,0,6
7.45,9.32,143646,2,0,2,20
14.59,18.8,111220,2,0,0,2
6.78,7.55,162233,3,0,1,19
7.22,11.22,87456,1,1,1,11
14.77,20.39,41659,2,1,0,2
14.72,22.88,71301,2,1,1,13
6.35,12.15,18460,3,0,0,16
11.16,13.23,106333,3,0,2,9
5.86,13.5,130687,1,1,0,3
4.23,6.21,191411,3,0,0,17
7.49,11.88,165674,0,0,0,6
12.37,15.88,119923,3,1,1,4
13.42,17.53,120307,1,1,0,10
5.84,11.45,108389,0,1,0,1
12.41,15.52,114468,2,1,0,7
3.51,6.59,14820,3,0,0,18
3.47,5.51,180483,0,0,2,5
8.51,15.05,199540,1,1,0,3
7.08,12.55,76352,0,0,0,20
4.36,9.61,72539,1,1,1,2
15.68,23.37,187814,2,0,2,16
4.61,9.58,68568,3,1,1,10
12.71,20.93,45382,0,1,1,8
11.84,13.7,133938,1,0,0,13
4.74,8.35,48226,0,1,0,11
1.94,4.81,198312,2,1,2,18
15.78,24.82,5547,1,0,2,16
7.42,17.65,27942,0,1,2,9
9.9,24.74,166051,1,0,0,18
13.14,16.05,166332,0,1,1,12
15.7,21.75,46259,3,1,2,1
2.71,3.7,93777,2,0,1,11
9.72,12.2,66636,0,1,1,8
8.12,18.47,14646,3,1,1,16
3.4,6.29,24252,0,0,1,16
4.18,5.7,173902,0,0,2,7
5.46,11.01,107444,3,0,1,19
15.22,20.88,126504,0,1,1,15
14.58,17.48,153522,3,0,1,7
6.5,13.71,92701,1,0,0,18
8.73,12.19,7418,0,1,0,15
10.0,19.97,136354,0,0,2,5
8.21,16.47,165490,2,0,0,2
7.17,10.32,111780,2,0,2,11
6.6,8.08,87622,2,0,2,2
17.87,20.97,180225,2,1,2,19
2.02,3.89,122768,2,1,1,13
18.2,20.92,148273,0,0,2,3
8.02,14.75,149797,1,0,0,14
12.94,17.43,8725,0,0,0,3
3.1,5.86,196631,0,1,1,17
8.55,19.04,99746,0,1,0,14
19.09,21.77,5872,0,1,1,17
3.59,5.67,145140,2,1,1,10
8.65,10.77,106680,0,1,0,18
4.11,6.21,47032,1,0,0,15
9.84,21.78,118351,2,1,0,10
13.17,17.02,158709,1,0,1,1
14.57,17.14,57196,2,1,2,10
2.93,3.38,179215,2,0,1,9
4.15,5.95,30159,3,0,1,18
19.45,24.91,195291,3,1,1,3
8.85,21.09,81926,3,1,2,3
11.32,20.95,45117,3,1,1,12
7.92,19.25,111658,0,1,0,11
9.45,16.26,31246,0,0,0,4
12.55,15.68,157627,3,0,2,15
18.61,23.09,25883,0,1,1,3
4.4,9.86,115145,0,1,0,19
9.6,23.88,159220,3,0,1,17
3.72,5.35,46630,1,0,0,3
12.96,17.27,154163,3,1,2,15
4.41,6.73,183899,3,1,1,16
4.16,8.23,117649,1,0,0,3
20.89,24.42,112883,0,1,2,8
5.59,8.61,163664,2,0,2,7
10.83,15.69,172987,1,1,0,16
11.4,19.09,184324,0,1,2,19
7.64,18.78,187510,0,0,0,14
15.8,18.93,37307,2,0,1,16
11.01,21.87,43250,1,0,1,14
5.07,12.62,71089,1,1,2,12
8.82,14.53,58435,1,0,0,6
15.79,19.92,129055,3,0,1,7
10.72,12.89,185468,2,1,1,13
5.16,12.64,39992,2,1,2,13
7.79,17.12,42930,0,0,2,4
8.44,20.59,110831,3,0,1,4
17.03,19.67,180229,1,1,0,13
8.01,10.2,185784,0,0,0,20
4.1,5.39,85304,0,1,2,15
12.11,17.74,162698,3,0,2,8
9.55,22.59,90122,0,1,2,14
12.17,13.85,117937,3,1,0,10
13.98,22.06,58728,3,0,2,7
4.0,7.86,61238,3,1,2,16
4.08,5.65,78508,1,0,0,7
4.46,5.61,70619,1,0,2,1
11.6,14.9,177306,2,0,1,12
2.55,4.95,157798,0,0,2,17
15.98,23.56,123582,3,1,2,9
3.74,7.24,46144,1,1,0,12
6.94,9.49,21062,1,1,2,16
9.05,11.07,83536,1,1,1,14
1.32,3.17,103182,2,1,0,8
2.09,4.61,113803,1,0,1,14
14.15,21.23,160784,1,0,0,15
11.55,21.41,121673,1,1,1,1
7.12,11.26,145364,3,1,0,11
16.25,23.89,34665,1,1,2,3
17.58,20.58,68041,3,1,1,13
7.87,14.83,73067,1,1,1,4
10.2,21.71,58818,3,0,0,5
8.3,18.86,148321,2,0,1,7
2.95,3.73,8022,3,0,0,20
2.37,4.78,185343,2,1,2,2
3.19,3.57,44262,2,0,1,1
5.24,6.5,148071,2,0,2,12
4.11,6.31,80753,0,0,0,18
5.3,12.56,11881,3,1,1,4
9.88,17.01,28249,0,0,1,9
2.71,5.7,113258,1,0,2,2
8.77,11.06,49626,3,0,0,19
5.31,7.57,112527,2,1,2,7
3.04,7.06,21912,3,0,2,4
17.37,22.58,143750,0,0,1,17
10.89,14.34,104113,3,0,0,13
13.33,17.81,42093,0,0,1,16
5.45,6.49,68626,0,1,0,11
10.65,24.14,71020,2,0,0,11
18.55,23.82,102954,1,1,2,9
5.17,10.48,184092,3,0,1,9
10.02,12.05,78344,3,1,1,11
10.04,15.23,136326,0,0,2,13
7.46,17.82,94110,0,1,0,19
12.1,24.33,98077,0,1,1,14
9.23,20.75,31784,2,1,2,13
8.51,16.34,57066,1,1,0,19
7.2,17.17,64170,3,1,2,8
12.48,13.93,90836,2,1,0,4
6.82,7.59,11964,3,0,0,15
3.85,5.81,161551,1,0,1,3
7.15,8.81,79356,3,1,2,5
9.25,11.62,164840,3,0,2,14
14.96,20.79,142877,0,0,0,18
6.7,11.73,130133,1,1,0,13
16.63,23.72,164008,3,0,1,15
4.65,10.43,25118,0,0,2,10
8.73,21.25,170276,1,0,1,19
10.27,24.26,199971,3,0,0,7
15.68,23.76,19519,0,0,2,19
12.46,21.0,12148,3,1,0,18
16.88,19.89,71591,3,1,1,15
4.44,5.39,169201,1,0,1,2
4.71,5.55,84693,2,0,1,19
11.55,13.49,179878,1,1,0,13
13.1,17.19,166089,3,0,2,13
10.67,16.33,17449,3,0,2,20
21.16,23.57,192341,1,0,2,15
11.39,20.78,177168,2,0,0,2
11.98,20.24,156854,1,0,2,3
8.0,9.48,136186,1,1,0,17
11.74,21.46,63465,2,1,1,15
11.71,18.39,151252,3,0,0,1
3.79,6.83,61598,1,0,2,6
10.69,22.77,141369,3,1,1,13
20.06,22.52,35881,2,1,2,7
8.03,11.94,99036,2,1,2,16
9.41,15.6,95365,1,0,1,8
14.96,17.78,184744,0,1,1,17
13.48,20.1,109509,0,1,0,14
5.42,13.53,63650,2,0,0,15
3.63,5.57,106498,3,0,0,19
15.8,23.8,103354,0,0,2,19
2.58,4.61,198391,2,1,2,1
8.08,17.13,169358,1,0,0,6
6.86,12.69,161981,3,1,2,5
14.56,19.79,112910,1,1,2,8
14.8,19.41,133999,2,1,2,18
1.84,4.47,74086,0,1,0,1
11.28,12.99,28379,0,1,1,14
4.65,5.39,147786,3,1,2,8
1.89,4.73,47829,1,1,2,17
3.98,5.91,134957,2,1,0,10
3.12,4.64,180079,0,1,2,6
2.22,4.05,108701,3,0,1,10
6.08,8.2,58710,2,1,0,19
14.16,19.3,135982,1,1,0,6
14.91,22.32,159401,3,0,2,18
3.87,6.78,148163,2,0,0,7
6.88,8.35,35142,0,1,1,3
13.72,15.59,122871,2,0,2,13
5.59,12.98,188530,1,1,0,17
13.29,19.82,103596,1,1,2,9
4.52,10.21,46737,0,0,2,9
12.58,23.62,185026,1,1,0,6
3.62,6.05,153862,3,1,1,2
12.98,16.4,80708,1,1,1,1
18.3,23.93,186349,2,0,2,19
5.44,9.56,163753,3,0,1,16
10.55,16.77,138047,2,0,0,6
14.15,22.69,110291,1,1,2,13
7.98,9.05,25445,2,0,1,6
4.33,6.3,168483,2,1,1,3
14.08,15.69,134474,0,0,2,4
10.52,18.01,67254,3,0,1,15
7.05,10.3,124704,3,0,2,1
16.62,20.12,94818,0,0,1,15
6.73,11.67,41793,0,1,2,2
12.41,18.04,198818,2,1,2,16
14.19,23.56,94177,3,1,2,2
9.24,18.89,131694,2,1,1,10
4.03,7.88,187084,0,1,2,2
8.96,15.32,107555,2,0,2,17
2.6,3.34,89001,0,1,0,10
14.11,16.82,36451,3,0,2,11
4.38,6.63,57205,1,1,0,5
3.38,7.62,85630,2,0,1,9
2.61,5.36,196085,1,0,2,14
3.21,5.14,116738,3,0,0,4
3.86,9.24,27842,1,0,2,17
17.85,23.86,36985,2,1,1,4
4.65,8.98,39019,0,1,0,20
9.28,15.26,117237,2,0,1,10
14.21,21.98,41233,0,0,2,11
9.8,12.28,100344,0,1,1,2
18.57,23.03,26752,0,1,0,1
2.31,3.94,85436,1,1,0,19
8.94,20.58,88198,0,0,0,17
4.59,7.49,170938,3,0,1,4
8.63,14.55,105418,2,0,2,4
9.78,12.31,172070,2,1,0,13
16.25,21.61,198658,0,1,2,9
15.62,20.72,50317,1,1,0,14
6.59,16.34,174121,3,0,2,14
11.74,22.48,141207,2,1,2,20
8.79,13.19,11350,2,0,0,3
14.41,22.8,130849,0,0,0,15
5.57,6.4,154741,1,0,1,8
4.95,8.3,31804,1,1,2,3
5.1,6.86,124843,2,1,0,5
4.82,7.0,45682,1,1,0,10
17.03,20.59,177293,0,1,0,7
7.63,10.15,100339,1,0,1,15
4.11,5.69,194998,1,0,1,7
13.43,23.72,154695,2,1,1,13
13.1,21.15,157637,1,1,0,1
8.74,10.28,179776,2,1,1,19
5.27,6.04,151358,1,1,0,10
3.57,5.96,100500,1,1,0,17
13.88,19.74,133174,2,1,2,12
8.7,17.68,98680,2,1,0,9
4.73,9.12,84194,3,1,1,20
9.32,10.63,47730,3,1,2,18
5.82,6.68,196303,3,0,0,2
5.97,9.1,197655,1,0,1,5
4.96,7.63,160578,3,0,0,18
9.62,19.1,35293,2,0,2,16
3.28,4.18,163816,3,0,1,16
2.46,5.85,52371,3,1,2,17
13.7,17.56,143714,1,1,1,10
4.11,7.23,104689,3,0,2,2
9.54,20.09,32165,1,1,1,11
12.17,20.38,184055,1,1,2,20
17.17,24.6,44355,1,1,2,10
18.93,24.88,96743,3,0,0,9
10.97,13.92,9479,2,1,1,2
8.31,12.32,99113,0,0,0,14
18.83,21.62,72988,3,0,0,14
2.75,5.71,166022,2,1,0,7
12.63,16.63,121159,2,1,1,1
3.9,5.86,78767,0,0,0,13
6.57,7.88,191209,1,1,0,20
9.65,10.99,111309,2,0,1,1
3.08,4.43,121080,0,0,0,1
4.0,8.53,32898,2,1,0,13
12.15,15.21,36066,3,1,0,19
9.48,15.18,31313,3,1,1,7
2.59,3.94,8441,2,1,2,4
19.61,22.11,33359,2,1,2,20
6.27,11.99,31651,1,1,0,19
9.59,10.94,144118,0,0,0,11
7.56,18.49,11498,1,0,1,17
9.73,18.47,161279,1,1,1,7
17.58,24.99,57524,2,0,1,14
12.17,21.11,25691,1,0,0,7
2.57,4.27,74731,3,0,2,19
2.83,3.55,22776,2,0,0,2
2.03,3.82,176731,3,1,1,12
7.66,17.69,190526,3,1,2,13
13.96,17.22,161744,2,1,0,11
7.36,15.99,184609,2,1,1,6
12.21,24.02,43912,3,0,2,8
6.61,8.46,50664,1,0,2,12
14.37,23.06,165051,3,1,1,2
1.52,3.58,127491,1,1,1,16
15.75,21.5,178213,0,1,0,19
12.39,18.06,166273,2,1,0,9
19.78,24.18,196615,0,1,2,6
15.13,22.67,84721,3,0,2,8
13.18,19.22,66115,0,1,2,4
2.31,4.36,11735,2,0,1,15
17.43,21.23,52141,3,0,0,18
19.91,23.55,138928,0,0,2,18
4.9,6.31,195370,2,0,0,4
4.96,10.8,192008,2,0,1,2
10.01,13.88,149663,2,1,1,19
7.45,10.79,125649,1,1,2,8
15.08,18.44,79197,2,0,2,7
2.33,3.56,123766,3,1,0,7
4.92,10.44,106170,1,0,2,3
5.08,5.75,136735,0,1,2,3
19.97,22.37,41034,2,0,2,19
3.2,4.5,10781,3,1,0,2
8.33,15.9,194994,1,0,0,17
4.64,7.69,193668,0,1,0,13
4.5,10.07,138967,3,0,1,12
6.43,13.9,73729,2,1,0,11
5.49,9.02,153693,2,1,2,11
12.31,18.4,160856,3,0,1,16
2.73,6.2,76171,2,1,1,3
5.04,7.06,108420,2,0,2,1
13.06,15.09,86688,0,0,1,1
7.02,8.75,87196,3,1,2,2
14.76,17.95,20358,0,0,2,1
6.84,10.73,23450,3,0,0,19
8.81,9.92,112686,3,0,1,7
1.71,4.23,132273,0,0,2,1
4.65,8.5,17309,2,0,1,2
9.56,12.03,90688,1,0,1,5
17.14,22.03,133458,3,0,1,7
5.8,7.23,137755,2,1,1,13
16.29,20.58,104945,2,0,0,12
8.23,11.72,92556,1,1,2,17
3.0,6.53,53952,0,0,1,7
10.15,18.27,129242,0,0,0,5
3.58,4.74,78644,3,0,2,17
6.88,17.07,20720,3,0,2,4
18.58,24.6,131143,1,1,0,4
10.01,16.1,98943,0,1,2,2
14.7,20.44,48020,3,1,0,7
3.85,7.49,70858,0,0,1,19
8.08,19.05,144536,0,0,1,2
3.16,6.85,38532,1,0,1,4
3.52,4.04,182162,0,0,2,12
8.73,10.45,43179,3,1,0,6
6.56,9.28,145841,3,0,1,6
6.03,8.34,81931,2,1,0,14
7.2,14.86,184590,2,1,2,3
3.05,4.34,22634,1,0,1,3
3.35,3.73,164614,0,0,2,14
8.64,10.28,65166,3,1,2,13
6.89,12.69,137423,2,1,1,8
7.55,8.6,180643,0,1,2,12
15.65,21.03,99799,1,1,0,14
3.83,8.3,161173,2,0,2,10
10.45,15.74,158701,3,0,1,2
8.35,18.47,130656,1,0,0,2
18.6,20.82,196076,2,1,1,19
16.59,22.9,150947,2,1,0,16
18.14,20.43,44570,2,0,0,2
5.02,7.62,50194,3,1,0,2
1.63,3.99,35663,1,1,0,17
6.78,11.49,118762,3,0,0,4
7.44,15.05,82456,3,1,2,20
19.66,22.75,80854,3,0,1,13
14.58,20.23,149266,0,0,2,7
8.9,21.31,30600,3,0,0,10
9.71,11.14,78124,2,1,1,20
14.13,22.86,17078,2,1,0,20
19.66,22.91,108019,3,1,1,20
11.67,20.77,146991,0,1,2,20
2.6,3.33,152245,2,0,2,1
7.73,11.31,195215,2,0,2,16
10.48,20.27,143400,3,0,2,6
8.82,11.01,102254,1,0,0,18
5.35,13.0,103842,1,1,0,2
9.78,12.5,188905,2,0,0,16
20.28,24.51,150043,0,1,1,11
9.19,10.38,87406,2,0,1,9
11.44,17.76,41167,1,1,2,18
4.35,6.18,29091,2,0,1,3
5.73,6.58,163114,3,1,2,15
10.06,18.86,101060,3,0,1,12
11.94,21.34,16893,1,1,0,5
10.52,13.93,5015,3,0,0,9
7.57,12.02,18851,1,0,0,10
4.65,6.59,151798,3,1,1,4
8.52,17.34,140452,2,1,0,4
3.96,4.59,147146,3,1,0,7
17.79,23.75,173160,3,0,0,9
5.83,6.92,126588,3,1,1,1
15.01,19.45,16434,2,1,0,18
2.99,3.72,23580,0,1,1,19
10.17,22.93,176349,0,0,0,12
13.03,20.54,141813,1,0,0,16
6.78,8.66,128788,3,0,0,1
10.56,20.84,26664,3,0,0,11
7.86,10.74,152188,1,1,1,16
4.46,7.69,195938,1,1,1,11
3.85,4.33,76567,3,0,0,4
13.52,15.05,193153,1,1,1,2
10.1,11.42,170313,2,1,1,13
3.6,4.17,121479,2,0,2,10
9.46,10.75,100478,1,1,2,10
12.68,14.9,92374,3,0,2,19
17.07,19.07,179609,1,1,0,11
9.01,20.14,106685,1,0,2,6
13.38,18.0,19151,1,0,2,6
6.22,11.16,66291,3,1,0,1
5.56,7.01,87246,0,1,0,16
16.94,19.71,188405,0,0,0,7
20.26,22.94,95970,0,0,0,15
4.15,9.22,134056,1,0,2,6
3.08,4.09,97763,0,1,2,3
2.21,4.06,107936,1,1,0,18
3.22,5.61,77727,1,1,2,2
7.94,18.37,79504,0,1,2,1
18.92,22.37,166637,0,1,1,10
6.09,10.49,16981,3,0,1,2
17.11,23.69,8420,2,1,2,2
9.98,18.78,130173,2,1,2,8
14.48,17.57,154494,0,1,0,14
10.76,13.8,103822,0,1,0,8
7.38,16.92,7897,2,0,0,15
4.43,7.04,32726,1,1,2,8
9.4,18.45,44177,0,1,0,2
13.18,19.22,13375,3,1,0,20
9.98,15.23,113528,3,1,0,3
9.28,11.64,62657,3,0,1,8
13.29,19.59,152475,2,1,0,10
12.62,16.06,160607,1,1,0,15
9.76,12.22,51971,2,0,2,13
4.2,4.71,126095,1,0,0,15
10.58,20.63,47494,3,1,1,18
3.95,5.18,164382,3,1,2,15
9.26,23.02,194474,3,1,0,2
7.38,12.6,145386,3,0,2,4
2.99,6.68,186071,3,0,0,5
10.37,14.77,188334,3,1,2,5
10.87,13.55,50187,0,1,2,2
12.05,24.9,41202,1,1,0,17
5.15,7.7,82213,1,1,1,3
8.13,9.1,132736,1,1,1,18
7.82,15.7,191263,1,1,0,9
21.31,24.53,77613,1,1,2,14
10.44,13.96,38342,1,1,0,6
7.99,14.07,114557,2,0,0,16
10.31,18.01,20057,1,0,1,20
5.26,11.75,158239,1,1,2,9
7.71,17.34,161818,2,0,2,20
15.15,21.93,46712,1,1,1,19
14.44,21.53,199477,3,0,0,13
13.46,15.48,58221,2,1,1,16
13.5,15.26,101619,2,1,1,8
8.14,18.41,45100,2,0,0,13
8.69,15.79,71777,2,0,0,11
12.37,16.3,54431,2,1,1,11
5.59,11.29,123912,2,0,0,1
5.01,9.5,43497,1,0,1,18
4.32,5.23,139922,2,0,0,16
8.38,18.94,191440,2,1,0,13
8.82,10.45,67763,2,0,2,3
5.65,11.02,66826,1,1,0,19
15.28,18.54,100903,2,1,1,18
8.79,11.14,127396,0,0,1,12
12.71,15.91,193888,0,0,0,8
9.99,11.16,128781,2,0,0,7
3.52,7.59,78493,0,0,0,7
12.59,18.35,7076,0,0,0,3
12.78,16.11,89697,2,0,1,8
2.23,5.48,67791,1,0,2,15
12.13,24.72,74650,0,0,2,2
12.61,15.84,69962,2,0,1,3
4.82,7.7,19637,1,1,0,11
2.72,3.66,174244,2,1,0,20
3.2,4.75,196336,0,1,0,17
11.3,20.94,177475,2,0,1,9
2.02,4.07,135343,3,0,2,5
4.99,7.9,121577,2,0,1,16
3.32,7.29,5892,3,1,1,14
2.46,4.38,101334,3,1,0,3
16.7,21.84,51709,0,0,1,5
3.96,5.64,11938,3,0,2,14
11.86,13.88,48117,3,0,2,18
7.07,10.72,45415,1,1,2,9
9.39,20.25,95169,0,1,0,5
4.96,6.32,186724,1,1,0,15
8.2,11.0,129172,0,1,0,11
7.12,12.39,137979,2,1,0,7
16.05,24.47,16943,2,1,0,3
2.49,3.85,8711,2,0,2,8
5.83,7.89,151348,3,0,2,3
11.65,14.75,72704,1,0,1,12
5.52,6.19,61804,1,1,2,16
10.33,19.6,81555,0,1,0,17
5.85,11.91,103835,0,0,2,9
18.62,22.8,68502,1,1,2,19
7.14,8.97,184221,3,1,1,19
7.03,8.04,151509,0,1,2,10
3.82,7.83,106021,0,1,2,18
7.53,17.45,106218,2,0,1,5
13.47,15.51,50686,0,0,2,12
3.59,4.58,153432,0,0,0,12
16.19,23.53,28940,1,0,2,2
4.68,10.87,53460,1,0,0,5
9.97,24.48,179761,2,1,2,7
5.47,6.29,24212,1,0,1,18
9.32,15.46,123988,2,1,0,3
7.11,13.79,131844,1,0,2,7
11.25,17.85,12423,2,0,0,8
16.25,23.7,184552,1,1,2,14
4.25,10.23,54381,0,1,0,8
2.77,4.0,36732,3,0,1,16
17.89,24.85,152597,2,1,0,12
7.75,12.26,152131,0,0,1,16
9.74,15.59,160473,3,1,1,11
6.55,12.39,13853,3,0,0,9
6.3,9.92,62826,2,0,2,9
10.63,24.18,120704,0,0,0,15
4.41,7.53,187117,3,0,1,10
4.14,6.55,47231,2,1,0,17
11.73,16.51,142499,0,0,1,10
9.59,17.46,70015,0,1,1,7
14.32,20.28,85046,1,0,1,12
8.88,12.92,64353,2,1,2,2
2.87,6.77,63858,2,0,2,3
20.01,24.74,180376,0,1,0,14
15.12,24.28,154686,1,0,0,17
5.85,10.19,140940,2,0,1,5
2.47,5.9,37941,3,0,2,2
18.72,21.66,105008,1,1,0,7
2.69,5.35,35093,0,0,2,9
8.03,11.62,91708,3,1,2,1
4.14,7.8,23031,0,0,2,1
5.18,11.72,63009,0,1,1,10
3.44,7.19,111796,3,1,1,15
5.7,9.44,74500,3,1,2,6
12.2,18.71,113969,3,0,2,6
9.17,15.52,78552,3,1,2,16
5.46,12.64,79985,1,0,0,5
2.87,4.29,64868,3,1,2,10
14.16,23.78,115657,2,1,0,1
4.23,5.94,45191,3,1,0,14
6.01,11.83,33260,1,1,0,10
5.2,11.98,120598,2,0,0,12
17.2,21.83,42222,0,1,2,6
3.99,6.82,173232,3,1,2,19
12.31,15.23,72715,1,1,1,2
2.21,4.03,146605,3,0,2,16
19.22,24.07,178517,3,1,1,15
16.91,23.16,72880,2,0,2,7
6.11,10.06,73275,1,1,1,5
11.42,17.08,64608,1,1,1,9
10.87,22.19,21800,3,0,1,4
7.89,9.2,71773,1,1,2,3
10.31,12.93,25003,1,1,0,14
6.18,14.68,139614,2,1,1,17
11.99,21.98,132069,1,0,0,19
12.82,24.38,166808,1,1,1,2
5.8,6.8,42251,0,1,2,17
4.06,7.0,10626,1,1,1,6
8.38,11.29,89017,2,1,2,15
9.14,18.23,56249,0,0,0,20
9.13,14.05,140938,0,0,1,11
17.18,20.7,7706,2,1,2,20
4.47,7.17,183748,1,0,2,10
5.02,6.52,161692,1,1,1,14
6.45,13.43,49694,1,0,0,5
5.03,10.68,26945,1,0,2,8
2.9,6.32,79930,2,1,0,15
7.5,9.99,179283,1,1,1,2
14.0,17.21,50183,1,0,1,16
7.38,10.37,72950,0,1,0,18
6.17,7.91,146114,3,1,2,17
1.95,4.41,173392,3,1,1,15
10.77,14.25,34531,1,0,2,11
21.01,24.81,83106,3,0,2,5
3.84,4.29,86082,3,0,0,3
14.55,23.42,135502,2,0,2,2
14.43,20.07,106637,2,1,2,10
10.38,18.93,62071,3,0,0,7
1.9,4.65,52978,3,1,2,15
7.95,14.7,34561,3,0,2,12
4.43,6.38,111496,0,1,2,6
2.23,5.44,149061,2,0,0,14
7.47,18.54,21354,1,1,2,15
2.87,7.15,30260,0,0,0,8
17.2,22.78,149135,1,1,2,4
8.54,19.88,21370,2,0,1,2
17.98,21.87,51480,2,1,1,13
14.88,22.8,26837,2,0,1,7
4.67,8.45,149742,3,1,0,17
17.34,20.4,57723,1,1,1,4
10.04,13.14,162309,2,1,1,15
10.05,13.85,29896,0,1,2,5
11.7,14.5,176491,3,0,2,3
15.15,24.04,35612,3,0,2,6
12.8,17.15,146824,2,1,2,3
10.77,18.43,103794,2,0,2,16
3.03,6.04,122497,1,0,0,17
6.43,9.0,119073,2,1,2,1
2.49,3.49,75285,2,0,0,1
10.04,15.63,108902,3,0,2,6
6.4,8.61,97259,0,0,0,5
5.82,7.26,164452,3,0,0,4
18.71,21.46,141049,1,1,1,11
8.31,20.08,144907,0,1,2,11
11.68,20.74,7598,3,1,1,4
14.45,24.15,15245,3,1,1,16
14.09,21.34,98996,3,1,1,3
6.56,9.71,146782,2,1,2,5
4.95,12.15,67013,0,1,0,9
3.05,4.01,95416,3,1,0,14
7.82,11.52,30451,1,0,1,9
12.12,15.53,136767,3,1,1,6
2.86,3.69,170418,0,1,0,19
20.31,23.22,84433,1,0,1,12
11.98,17.64,115608,0,0,0,12
2.81,6.12,38042,2,1,1,8
17.3,19.9,53296,3,0,0,7
17.15,23.5,174742,3,0,1,14
15.3,22.82,84580,0,0,1,5
3.42,5.12,65754,3,1,0,15
5.26,10.33,96146,3,1,1,11
15.13,17.49,28961,2,1,2,16
10.91,13.88,116568,1,0,2,6
7.45,15.19,49818,1,1,2,10
4.65,5.23,35318,2,1,1,10
2.79,4.2,18690,0,1,1,18
8.26,12.99,75580,1,1,1,6
17.15,22.22,196837,3,1,1,6
6.05,9.61,154704,0,1,1,2
5.7,13.74,145067,3,0,0,13
14.74,18.14,67821,1,1,2,18
11.39,14.13,50896,3,1,1,5
7.3,13.45,7527,2,0,2,3
6.16,9.9,37041,2,1,1,18
5.79,13.62,139180,3,0,2,13
5.96,7.14,78194,3,0,2,5
18.94,23.54,160317,3,1,0,8
4.13,6.0,163492,2,0,0,8
12.67,15.93,158573,3,0,1,1
13.39,15.7,144274,1,1,2,13
6.55,12.01,141856,1,0,1,1
14.25,20.08,82998,2,0,0,4
18.71,23.04,102238,0,1,2,3
10.55,21.54,18459,2,1,0,17
10.53,14.63,54160,3,1,1,11
12.63,14.64,73863,0,0,1,2
12.93,14.51,107555,3,1,2,15
4.35,7.62,136800,3,1,2,20
11.48,21.35,25915,3,1,0,5
7.78,13.3,17319,2,1,0,6
2.77,4.97,177226,3,1,2,9
4.35,7.29,181510,3,1,0,10
11.15,24.09,144627,2,1,2,13
8.14,10.69,68792,3,1,2,10
1.7,3.94,90915,0,0,0,17
3.92,4.53,94981,2,0,1,8
11.76,23.13,25674,2,1,1,16
15.47,20.57,20821,0,1,1,13
5.72,12.91,69568,2,1,2,11
8.89,15.5,98603,3,0,0,5
10.13,24.04,165810,1,0,0,8
2.43,3.62,46525,2,1,1,6
4.19,9.49,141639,0,0,0,13
20.38,22.65,168434,0,0,2,19
5.06,12.01,74625,3,1,2,11
9.7,15.03,40486,3,1,1,3
6.58,7.59,40211,3,0,2,7
10.08,12.97,143639,0,1,2,12
9.53,15.65,16771,0,1,0,7
12.86,14.8,77933,2,0,1,4
17.8,21.82,67162,2,0,0,17
3.63,8.85,56523,3,0,1,6
5.19,7.47,59595,3,1,2,19
11.23,12.75,99147,1,0,1,5
5.76,12.89,70816,3,0,0,5
18.73,21.17,114872,1,1,1,4
17.52,20.33,15359,1,1,2,12
11.83,18.93,98349,3,0,0,19
2.75,4.25,185916,0,1,0,20
9.16,11.17,67966,3,0,0,12
4.15,6.17,77626,3,1,2,16
14.86,24.63,155558,1,1,1,8
11.15,20.46,53633,1,0,0,11
6.28,14.74,168016,0,0,0,17
3.14,7.73,129489,2,1,0,8
14.04,20.14,13335,2,1,0,16
9.61,10.93,112287,3,0,1,2
7.01,16.31,12870,1,0,2,5
1.81,3.57,125951,3,1,2,20
3.08,6.78,29516,2,0,0,6
6.39,13.9,53663,0,0,0,8
3.66,5.44,48826,2,0,1,5
7.48,8.39,19101,1,0,0,11
7.91,10.93,29338,1,1,0,15
4.21,8.94,26569,0,0,1,2
5.68,11.27,10925,2,0,0,15
14.08,23.3,128292,0,1,1,13
14.67,21.2,99133,3,1,0,9
2.43,5.34,179958,3,0,2,17
13.49,24.85,189318,2,0,2,8
15.05,20.41,139662,1,0,0,7
7.78,14.0,75578,3,0,2,20
11.13,24.48,152994,2,1,0,3
5.79,9.62,18199,1,1,0,7
16.45,24.55,78033,2,0,0,10
4.45,6.47,63720,2,0,1,4
3.03,6.26,7550,1,1,0,15
19.19,22.86,5390,3,1,0,9
11.49,14.42,70186,2,1,2,3
2.11,3.07,141601,3,0,0,20
14.18,20.56,11066,2,1,0,8
5.73,7.43,124733,2,0,0,5
11.27,20.49,93300,2,0,1,3
3.35,3.89,11044,0,1,1,13
18.47,22.59,194533,3,1,1,17
12.7,17.57,150567,0,0,0,18
5.75,7.16,73098,3,1,1,20
3.78,9.11,112771,2,0,2,13
13.65,21.99,118231,3,1,1,12
16.34,20.82,190162,1,1,2,20
14.25,16.12,80755,2,1,2,6
9.09,14.02,23357,1,1,1,9
10.55,12.05,46882,0,1,0,14
2.2,4.92,167465,1,1,2,11
12.93,18.11,23204,0,0,2,17
2.38,5.52,13311,1,1,1,8
5.3,11.98,19098,1,0,0,7
2.49,4.97,51079,2,0,0,20
3.19,3.65,74334,3,0,1,16
6.8,7.94,196499,0,1,1,10
13.81,22.66,120292,0,1,0,15
1.99,4.94,67022,1,0,0,1
7.19,8.17,151363,2,1,0,12
9.1,19.65,183097,1,0,0,10
8.74,11.62,114656,0,1,0,4
20.69,24.64,167896,2,0,1,12
10.2,21.26,178641,1,1,0,6
19.64,24.45,33535,2,1,0,7
7.97,9.89,76270,3,0,2,13
7.15,15.05,33957,2,0,0,8
3.53,8.65,50106,0,1,0,9
11.48,17.75,165552,3,0,0,17
11.3,21.86,117468,0,1,2,20
10.14,14.62,77673,3,0,1,18
8.6,10.64,30779,1,1,1,20
3.22,7.31,78129,1,1,2,11
3.18,4.12,165248,2,1,1,8
3.76,5.21,196360,2,1,0,16
2.19,4.37,188203,2,1,0,15
1.87,3.71,8461,3,1,2,12
15.78,19.45,159584,2,1,2,5
17.52,22.45,45786,3,1,2,8
13.68,21.6,171758,0,1,2,11
2.68,4.69,119700,1,1,1,17
12.74,15.28,182208,3,1,1,15
10.13,19.73,192448,2,0,0,1
14.36,18.19,34115,1,1,2,3
16.01,22.34,159161,0,0,0,1
6.03,7.36,93826,2,1,0,3
8.38,20.56,148400,0,0,2,15
1.75,3.32,175742,1,1,1,19
3.91,6.57,36861,2,0,1,15
4.83,11.77,128773,0,0,2,12
6.29,8.41,100597,3,1,2,17
17.41,21.45,83169,3,0,0,17
6.54,7.35,17168,0,0,0,14
11.46,16.64,63230,0,1,0,17
7.41,9.63,33085,3,0,0,20
5.34,6.24,101547,2,0,2,19
6.13,11.89,69243,0,0,2,11
2.07,5.06,90420,0,0,1,18
10.94,13.79,158408,0,1,2,16
4.71,10.06,34141,2,0,0,10
6.38,8.15,102547,3,0,1,16
4.77,11.28,172638,2,1,2,16
2.71,3.41,82499,0,0,1,8
2.64,6.11,98874,3,1,0,6
7.82,13.2,99805,2,0,2,4
4.34,7.76,132579,3,0,1,19
17.69,21.49,136925,1,1,0,18
5.34,6.8,73042,2,0,0,2
12.9,14.36,83710,2,0,0,3
9.49,12.8,103893,2,1,1,20
12.11,18.99,110090,0,1,2,14
13.29,18.88,129566,3,0,2,7
3.9,6.88,186907,1,1,1,13
14.24,18.12,163330,1,1,1,20
19.07,21.78,117476,0,0,1,1
2.78,4.27,129174,2,0,1,6
8.74,12.6,25178,1,1,0,15
5.9,7.62,110497,2,1,0,5
3.25,6.86,173680,3,0,1,15
10.94,12.37,36638,2,1,1,5
9.71,16.57,147395,0,1,0,15
5.62,6.87,32149,3,1,0,9
20.43,22.77,113320,3,0,0,20
3.83,8.91,25298,3,0,1,8
13.97,23.28,26072,2,0,2,20
16.4,23.71,81337,1,0,0,20
15.96,23.17,103758,2,0,1,12
9.88,24.54,150544,3,0,1,7
4.56,6.44,96696,0,1,2,19
5.97,7.95,126115,1,1,2,1
12.11,21.09,63250,0,1,0,17
11.24,18.81,123636,1,1,2,7
7.52,10.83,58846,0,0,2,11
8.72,14.12,148165,2,0,1,20
2.73,6.73,148036,1,1,0,20
19.25,22.89,83457,3,0,2,18
11.85,23.11,158296,0,1,0,2
1.64,3.14,48980,3,0,2,15
4.83,10.57,20565,0,0,2,10
5.5,7.97,111121,0,1,0,19
18.35,22.25,82212,1,1,0,14
2.78,3.59,152935,1,1,1,3
2.14,4.99,156987,2,1,0,12
3.69,6.14,135131,2,0,2,17
7.77,9.11,22187,1,1,2,9
16.24,22.84,94626,1,0,1,14
11.84,18.47,31181,2,0,1,18
8.27,10.01,180054,0,1,0,5
10.4,22.59,116600,3,1,2,20
19.13,22.85,87681,3,1,2,3
2.26,4.38,186163,0,0,0,17
3.43,7.62,41588,0,1,2,12
8.62,13.67,160000,0,1,1,6
19.41,21.92,45193,1,0,2,12
10.0,20.41,159848,0,0,0,3
11.28,13.84,105192,1,1,2,7
14.26,24.7,117721,3,0,1,2
9.48,17.64,118584,0,1,2,3
5.08,6.78,89053,1,1,0,3
4.09,8.85,131420,1,0,0,4
15.24,19.22,26011,1,1,0,10
2.13,3.19,32863,2,0,1,9
10.52,15.15,54467,1,1,0,15
3.73,8.41,76703,1,1,2,15
7.26,11.68,186829,2,1,1,7
18.7,21.22,18792,2,1,0,10
8.98,21.39,174611,3,1,2,5
5.62,8.4,57636,1,0,1,13
2.51,4.91,160159,3,1,2,18
5.51,13.15,177772,0,1,2,16
13.56,21.28,19389,1,0,0,7
7.57,18.69,97795,0,0,0,4
5.58,8.97,28627,1,1,0,14
8.25,20.3,35059,0,1,1,14
4.56,6.02,57441,0,0,0,11
8.32,13.11,126614,0,0,0,14
17.4,21.89,59638,0,1,1,7
11.72,20.79,129094,3,1,0,7
8.22,16.63,153014,1,1,1,5
4.17,7.82,85649,3,1,0,3
8.46,10.6,92881,2,0,2,12
5.22,6.64,81918,1,1,1,20
11.53,15.49,78629,1,0,0,3
17.12,24.54,5842,0,0,2,20
5.22,6.84,107449,0,1,2,12
7.16,13.49,25356,3,0,2,13
9.82,19.21,81965,0,1,1,7
5.17,11.72,103350,0,0,1,19
4.58,5.89,106633,3,0,2,6
11.16,14.43,140667,3,1,1,18
16.07,23.34,48761,3,0,0,5
10.25,17.3,152350,1,0,1,6
5.36,10.42,14569,2,0,2,19
5.02,8.4,12090,1,0,1,4
7.4,15.06,40557,2,0,2,17
8.19,20.07,166037,2,0,0,12
13.78,19.72,182275,2,1,2,4
6.05,7.5,183189,2,1,2,7
11.55,20.57,172164,0,1,0,10
3.55,4.29,174846,3,0,0,6
9.51,11.6,53973,2,1,1,7
16.41,23.76,157100,3,0,0,14
3.59,6.39,189137,1,1,1,3
10.4,14.75,85730,2,1,0,20
12.55,18.8,160021,3,0,1,14
9.86,18.23,34610,2,1,1,1
3.96,6.95,166724,2,1,1,1
11.99,24.92,144067,1,1,0,12
14.95,20.22,186859,2,0,1,16
13.0,21.92,6462,0,1,1,4
7.12,15.76,18580,1,0,0,4
10.82,23.67,17158,1,0,0,14
9.29,22.36,58369,3,0,0,6
4.41,6.3,48412,1,0,2,8
14.28,19.55,12914,2,0,2,10
12.25,17.11,127402,3,1,1,15
12.65,18.08,193542,3,0,1,2
2.46,5.91,151137,3,1,1,8
15.23,16.98,50935,1,0,1,19
6.01,10.17,160939,0,0,0,14
5.36,6.93,197881,0,0,0,18
7.18,16.13,158502,1,0,0,7
4.81,7.02,74798,3,0,2,20
1.57,3.02,81977,1,1,1,6
4.17,7.89,116388,2,0,2,9
19.82,24.36,109885,1,0,2,20
6.79,12.94,135655,0,0,0,2
14.82,24.14,65508,2,0,1,14
3.19,4.62,102735,2,1,2,2
16.81,23.93,53757,1,0,2,19
3.55,5.83,105619,2,1,0,1
9.65,11.29,159667,1,1,1,9
13.0,19.17,109809,2,1,1,3
1.71,3.27,36829,1,0,2,7
3.58,5.1,57466,3,1,1,13
1.99,3.65,22432,2,1,2,20
18.53,24.04,84943,3,1,0,18
3.69,5.6,58510,2,1,2,11
9.28,13.34,13695,2,0,1,3
16.82,19.33,179883,0,0,2,15
2.18,4.22,52880,3,0,1,16
16.88,23.73,31818,2,1,2,1
9.95,11.85,39526,2,1,2,9
7.78,12.87,112083,2,0,0,20
12.03,21.69,6763,2,1,2,11
7.28,10.0,24016,0,1,0,15
6.94,13.92,134988,3,0,0,19
9.54,12.22,155889,3,0,2,13
11.23,16.15,23607,2,1,1,2
3.53,7.18,196827,0,0,1,19
10.61,16.4,76023,2,1,0,3
18.42,24.7,6346,2,1,2,10
8.47,20.3,170117,0,0,2,18
20.08,24.14,48636,0,0,1,13
3.03,7.24,72054,0,0,1,8
14.84,19.32,196081,0,0,1,3
6.1,11.63,100877,2,0,1,1
2.85,4.11,7964,0,0,0,20
8.15,9.08,9816,1,1,2,3
10.63,17.98,159289,3,0,2,20
8.42,11.79,78059,2,1,1,3
3.68,6.46,187927,0,1,0,10
4.91,10.54,114451,1,0,1,13
11.96,14.07,137966,2,0,0,20
5.08,6.7,183126,3,1,0,1
5.95,7.39,43078,3,0,2,18
6.43,15.18,152030,2,1,2,12
3.28,5.45,177018,2,1,0,17
5.89,7.97,128308,2,0,2,10
7.13,9.52,195423,1,1,1,12
7.6,9.36,24248,0,0,1,18
9.64,20.69,112000,1,0,2,5
6.56,11.27,5727,1,1,2,2
5.65,9.63,39010,2,1,1,3
10.22,11.83,91676,2,1,1,4
4.83,8.25,7192,3,0,0,8
6.08,14.99,36636,3,1,0,1
9.94,17.06,42529,0,1,2,13
15.48,19.88,125604,2,1,0,14
15.29,17.28,53935,3,1,0,2
9.25,10.67,134236,0,1,0,6
8.19,9.29,150971,0,1,2,10
4.11,5.74,9270,2,0,2,18
7.21,9.23,79184,2,1,2,14
4.45,6.29,134321,0,0,0,9
10.98,24.33,112056,1,0,0,13
2.69,3.23,122678,2,1,0,6
6.28,10.77,21485,3,0,0,14
3.32,4.49,65397,2,1,1,20
2.6,4.19,143034,0,1,1,7
3.23,4.65,69302,2,1,2,11
18.78,24.31,196869,3,0,2,8
4.62,10.02,125647,2,0,2,19
8.92,15.78,117639,1,0,2,8
10.21,13.89,169417,2,0,2,1
3.61,4.08,53689,2,0,0,6
14.13,20.73,31282,3,0,1,20
5.79,7.77,42658,2,1,0,13
13.59,24.96,111134,1,0,0,2
12.31,20.94,125635,1,1,1,15
20.11,23.21,168040,1,1,0,5
3.39,8.24,52804,0,1,1,16
4.71,7.16,50924,1,0,1,1
7.74,16.3,142696,3,0,1,18
7.61,10.22,75445,2,0,1,18
11.02,15.5,164737,1,1,0,7
10.31,20.35,69449,1,1,0,8
6.56,12.89,127385,2,0,1,5
16.44,19.06,12412,3,0,0,11
6.43,11.33,14057,1,1,2,13
3.51,4.87,14854,3,0,1,11
11.37,17.86,118856,1,0,1,20
9.17,11.17,5634,1,1,0,16
5.26,7.2,138262,2,0,2,8
4.92,9.22,122392,2,1,2,18
19.3,24.58,188234,0,0,2,14
9.55,12.4,159475,0,0,2,4
4.84,6.14,114299,0,1,0,14
20.71,24.46,72439,1,1,2,13
12.76,15.89,144897,3,0,2,3
3.22,8.02,9268,1,0,2,10
4.87,6.02,55622,0,0,0,15
6.62,10.5,192467,2,1,0,15
8.69,12.91,173548,3,0,0,14
10.85,14.49,105773,0,0,1,8
13.61,19.45,155720,2,0,2,6
9.68,18.11,168455,1,1,2,7
5.12,6.39,108539,3,0,0,6
5.31,11.82,6942,0,0,2,8
6.75,11.94,77819,2,0,1,4
5.67,10.75,50127,0,1,0,5
9.59,14.52,93494,1,1,1,8
6.4,12.12,97510,1,0,1,18
3.13,4.51,139294,0,1,0,12
13.16,14.64,145092,1,0,0,14
7.83,12.96,69264,0,1,0,18
8.35,17.15,20928,3,1,2,4
10.39,19.43,60729,3,1,2,12
13.52,16.12,155957,0,1,2,5
3.22,5.41,100047,3,0,0,12
5.82,7.5,103996,0,0,1,6
6.39,15.61,182427,3,0,0,13
10.05,18.78,70791,1,0,2,15
13.84,24.45,41677,3,1,1,1
2.66,3.9,30262,2,0,2,16
7.65,13.13,164819,0,0,2,7
16.44,24.86,185023,1,1,2,12
17.0,20.31,141314,0,0,0,10
8.34,17.23,62614,3,0,2,13
12.37,19.65,48449,0,1,1,1
11.07,18.4,105649,1,0,0,14
14.79,23.31,28678,1,1,1,4
11.72,21.08,152620,3,1,0,9
6.69,13.12,42856,3,1,0,16
6.53,8.02,183076,3,0,1,15
7.19,16.81,122446,0,0,2,3
13.18,18.47,23507,2,0,1,10
14.36,16.05,25288,3,1,1,14
1.93,4.46,157878,3,0,2,4
11.77,19.77,169413,1,0,1,1
12.8,14.55,45777,2,1,0,14
5.77,11.78,33514,3,1,2,2
3.76,5.19,153654,2,1,0,3
1.87,3.15,110326,3,1,1,5
4.66,5.9,131103,1,1,0,2
16.76,22.92,139055,0,1,0,12
2.24,3.97,133668,2,1,1,10
14.56,18.19,8478,1,1,2,9
2.96,5.2,91316,0,1,1,14
10.97,17.16,142572,1,0,1,16
6.59,9.85,138457,3,1,1,19
20.57,23.92,175760,1,0,0,5
5.4,11.81,121383,3,0,1,14
10.73,12.82,19008,1,0,1,1
8.65,14.27,74049,0,1,1,7
10.39,23.98,10675,1,0,0,7
11.79,14.13,59607,2,0,2,5
11.92,16.23,189366,1,0,2,15
12.71,18.63,40836,0,0,2,14
12.79,24.91,64446,3,0,0,15
5.6,10.63,198689,2,1,1,3
7.9,9.6,105742,2,1,1,14
7.87,10.85,79300,0,0,0,2
2.67,3.06,8441,3,0,2,6
3.87,4.58,80151,1,0,2,3
8.66,11.51,20354,1,0,1,5
13.35,19.19,38675,2,1,0,20
18.37,20.86,116346,3,1,0,20
13.3,22.6,113951,3,0,1,3
11.26,23.96,5392,2,0,0,7
2.78,5.96,38555,0,1,0,19
12.44,24.38,150156,2,1,0,6
9.6,22.01,166026,0,0,0,5
4.56,9.46,166685,0,0,1,12
19.32,22.98,118844,2,1,2,8
4.97,8.42,38617,0,0,1,8
9.66,19.67,172604,2,1,1,2
3.45,3.99,61710,0,1,2,1
8.03,10.55,196000,0,0,2,10
9.05,13.58,52334,1,0,1,8
12.66,24.05,22328,0,1,1,13
4.47,9.43,56897,3,0,2,5
6.72,13.26,88051,3,1,2,4
6.01,9.28,120556,2,1,0,10
8.81,20.7,136608,2,1,1,4
7.05,15.81,90084,0,0,1,14
5.46,12.08,170493,2,0,0,3
11.83,16.53,111270,2,1,1,19
15.48,21.46,111573,1,1,0,6
5.48,11.19,74016,3,1,0,18
6.42,7.3,53501,0,1,2,15
11.2,23.14,41203,3,1,0,10
5.41,11.99,14612,0,1,0,8
15.08,24.63,110328,1,1,0,17
8.16,9.11,13259,1,1,0,16
4.68,11.31,176708,3,1,0,9
7.55,14.75,59807,1,1,1,12
11.47,14.37,35603,1,0,1,15
5.7,10.33,61774,2,0,2,11
6.04,12.42,6304,2,1,1,6
15.62,19.4,196281,1,0,2,15
9.02,16.75,68570,0,0,0,5
6.75,11.9,29147,2,0,1,9
13.94,21.64,75126,1,1,2,2
2.63,4.33,114197,0,0,0,4
8.91,11.9,157464,0,0,1,13
9.73,18.83,179829,2,0,2,7
5.36,6.39,58096,2,0,0,13
9.69,13.45,46065,1,0,1,10
14.34,23.68,80135,2,1,1,14
5.52,11.65,146138,2,1,1,17
7.96,10.8,63878,3,0,2,17
7.58,18.28,28169,2,0,0,14
2.08,4.3,186176,3,0,1,8
15.51,22.88,10006,2,1,0,3
14.7,24.54,79835,0,0,0,16
13.26,17.13,42788,2,0,1,10
16.2,23.18,55136,1,1,0,14
13.74,21.05,73751,3,0,2,8
11.85,18.81,153676,2,1,1,8
4.05,7.93,91150,3,0,0,3
4.43,10.7,154741,1,1,0,15
7.07,7.98,76349,2,0,2,14
16.04,24.05,76730,0,0,0,14
15.53,24.01,118812,3,0,2,19
4.69,5.28,7732,3,1,1,18
10.77,22.66,15132,2,1,1,15
20.94,24.98,23967,3,0,0,3
12.7,24.01,57578,0,1,0,17
6.14,10.02,24578,3,1,0,14
6.41,11.41,25928,3,0,0,3
10.01,22.29,189923,3,0,1,14
4.44,6.55,141512,0,1,0,20
7.2,13.11,170675,2,1,1,3
13.99,21.68,101600,2,1,0,5
8.52,20.35,25890,0,0,0,3
13.1,24.97,49386,3,0,0,2
16.01,18.62,26600,0,0,2,18
14.41,24.25,53639,0,0,0,7
4.45,6.86,176963,3,1,2,10
7.42,9.23,193917,0,0,1,9
8.21,9.21,154477,1,1,1,1
12.01,16.0,169801,2,0,2,17
5.98,7.58,100436,1,0,2,8
7.85,13.03,107161,2,1,1,18
9.14,22.23,129888,3,0,0,8
2.04,3.11,104109,1,1,2,13
10.72,12.79,31897,2,1,2,4
15.91,24.74,31290,1,0,1,12
3.29,7.23,193773,1,1,0,15
4.24,6.26,50872,3,0,1,3
13.11,14.57,98825,0,1,1,16
2.06,3.86,150291,3,0,0,18
17.3,23.59,95971,1,0,0,17
13.82,19.86,144096,2,1,2,15
21.4,24.04,150889,2,1,0,9
1.39,3.38,24080,3,0,0,3
3.93,4.7,92272,3,0,1,11
6.54,12.02,124048,3,1,2,3
9.12,17.83,164971,1,0,2,4
11.27,17.82,64596,3,1,0,20
11.8,18.96,193409,2,0,1,1
8.67,10.11,95303,0,0,0,3
18.54,22.69,5173,2,0,1,2
8.87,14.44,147402,3,0,1,16
8.21,13.11,66218,0,1,0,7
6.07,10.0,121433,2,0,2,8
2.19,4.29,98772,0,0,2,3
11.92,16.55,47134,0,0,1,8
12.3,21.91,52277,0,1,2,5
11.55,22.82,50641,3,0,0,16
8.47,18.61,85691,0,0,2,6
5.69,10.21,93614,3,1,1,17
10.01,20.8,8918,0,1,0,2
5.6,7.88,42853,0,1,0,14
8.69,10.09,145986,2,1,1,18
16.2,23.06,41653,1,0,0,20
9.58,13.68,46149,3,1,1,17
12.71,14.91,51355,1,0,1,6
4.56,7.62,6298,0,1,0,1
6.72,15.9,136101,0,1,0,13
8.45,12.2,181009,1,1,1,19
5.13,7.97,163386,3,1,2,1
5.1,7.04,157506,3,1,0,20
8.33,11.28,193204,3,0,2,10
2.1,3.05,122832,1,1,1,11
8.89,18.99,61936,3,0,1,9
11.26,19.9,79675,2,1,1,3
14.3,20.21,36003,1,1,2,20
21.61,24.43,117173,0,0,0,6
7.48,17.26,114599,1,0,1,5
1.84,4.21,178586,3,1,0,3
11.41,17.85,107443,2,0,2,18
9.6,16.92,58607,1,0,0,5
4.72,10.83,45714,2,0,1,3
10.18,23.06,26964,0,1,0,13
14.83,23.66,69183,1,1,2,20
4.68,7.56,73066,2,1,0,18
14.84,19.61,145344,2,0,1,5
13.17,15.54,94345,1,1,0,10
14.27,17.68,12951,1,0,1,12
10.43,12.48,62757,3,0,0,15
5.08,9.95,95551,2,0,1,12
8.75,16.5,112671,0,1,0,8
11.37,20.91,156455,3,0,1,12
6.84,9.93,113337,2,0,2,16
17.71,21.89,42485,2,0,1,10
5.35,6.95,65664,2,0,2,5
10.27,22.06,24123,0,0,0,12
3.41,6.24,56349,2,0,1,15
15.68,18.91,126540,0,0,2,5
6.75,13.1,58375,1,0,1,19
14.14,17.97,42753,2,1,2,3
8.59,9.97,193158,2,1,1,12
8.79,11.95,62595,2,1,0,14
10.23,24.75,44727,0,1,1,18
10.04,20.01,147380,2,0,0,12
4.46,6.66,186230,2,1,1,4
16.06,21.74,172802,0,1,0,20
13.33,24.68,114918,3,1,1,3
9.51,11.13,29531,0,1,0,1
13.57,22.78,81486,0,1,0,17
13.77,19.14,156277,0,1,0,4
1.88,4.35,68436,2,1,2,11
14.11,21.34,55051,0,0,1,14
4.26,10.03,137562,3,0,2,6
5.18,11.39,122277,0,1,2,10
5.09,6.4,126265,2,0,2,19
7.34,12.59,32971,2,1,0,17
9.64,15.57,106025,1,1,1,2
10.24,13.48,15927,0,0,0,18
4.7,10.84,146326,2,0,2,12
8.74,15.0,69726,1,0,0,16
5.28,11.8,42231,0,1,2,8
12.86,14.87,75171,2,1,0,10
3.62,6.34,140119,2,0,1,20
8.2,16.04,174698,3,1,0,7
3.38,5.77,140753,2,1,0,10
11.56,13.28,54923,2,1,2,3
13.45,19.84,63657,2,0,1,6
3.09,5.66,136403,1,0,0,17
8.15,20.17,21116,1,1,0,20
4.5,6.1,82385,1,0,2,12
15.84,21.67,186335,3,1,2,5
7.18,15.82,129449,2,0,1,2
8.41,11.95,15667,1,0,1,6
1.97,3.38,192013,0,0,2,20
5.21,7.32,125296,1,1,1,9
10.02,24.65,189397,0,0,2,13
6.96,12.27,34889,3,0,0,13
2.99,3.96,109062,2,1,2,17
4.05,5.96,96396,0,0,2,19
11.23,22.0,58295,1,0,0,6
4.87,7.11,79367,3,0,0,1
13.85,23.33,171086,1,1,0,4
17.71,23.73,134723,2,1,2,18
5.57,9.83,146223,1,1,1,16
2.88,3.87,14013,3,1,0,20
14.04,17.66,103825,3,0,1,11
17.72,21.13,134894,1,1,0,14
19.46,22.77,176823,1,1,0,10
8.05,18.89,159490,1,0,2,19
15.71,19.0,86191,3,1,1,17
3.71,4.42,147542,1,1,0,12
11.53,18.54,171030,3,0,1,12
6.08,14.74,173479,1,0,2,15
5.89,10.67,154966,0,1,1,18
1.93,4.62,28141,1,1,2,13
9.79,13.94,58163,0,1,2,7
11.62,24.72,85851,1,0,2,2
7.8,17.25,195964,2,1,2,9
9.86,13.53,37837,1,1,1,5
10.69,14.57,179273,3,1,1,3
3.34,6.78,46658,2,1,2,8
5.69,12.85,109092,0,1,2,14
11.95,17.87,192203,3,0,2,1
5.68,8.32,88359,1,0,2,2
8.37,13.57,44922,2,0,0,5
12.54,21.45,151025,3,1,0,3
2.61,5.75,120557,0,1,2,11
16.66,23.97,41457,2,1,2,18
5.81,12.71,174944,2,1,2,3
15.21,20.03,6143,0,1,2,9
8.82,15.35,133784,3,1,0,6
3.3,7.32,37372,0,1,2,2
4.85,11.61,168987,1,0,2,4
5.09,10.58,52489,2,1,2,1
2.82,3.34,49079,2,1,0,3
14.72,20.28,105897,1,0,1,12
9.56,13.33,197617,0,1,2,13
8.55,9.71,178891,2,0,0,12
11.87,14.94,134223,0,0,0,8
5.55,10.27,22192,2,1,2,12
9.63,14.15,82771,0,1,1,12
6.32,7.75,107665,0,1,0,5
8.52,13.4,142501,0,1,2,6
13.59,19.97,164929,0,0,2,7
12.75,22.06,13303,0,0,2,10
8.61,16.11,144463,1,1,1,19
7.15,9.17,163206,3,0,0,14
12.79,22.95,159741,3,1,0,5
5.41,6.03,151563,0,1,2,7
3.95,9.6,95045,3,1,1,20
19.19,22.46,41508,0,1,1,13
10.81,21.89,91667,3,1,2,1
14.05,15.67,77029,2,1,1,9
5.15,6.28,118804,1,1,2,12
7.43,14.52,134999,0,0,1,19
7.74,8.71,118086,3,0,0,18
7.72,13.49,84806,0,0,2,18
10.91,23.32,114544,3,0,0,19
5.7,12.73,105996,3,0,1,13
14.69,18.82,48721,3,0,0,7
5.68,8.67,36071,2,1,2,4
16.12,23.52,116121,2,1,0,1
9.98,16.15,24334,3,0,0,1
12.63,18.86,159710,2,1,2,10
12.88,23.85,61443,3,0,0,17
8.18,17.3,19990,1,0,1,11
14.82,21.9,42946,3,0,0,19
6.8,10.96,102277,1,1,2,5
7.31,9.44,11365,1,1,2,10
4.97,8.47,166228,3,0,1,11
10.04,17.92,33102,1,0,2,17
9.32,11.58,94058,1,1,1,16
13.95,18.08,26857,2,1,0,16
9.61,16.06,69536,0,1,2,17
5.74,12.57,131889,0,0,1,6
7.3,12.73,81550,3,1,0,20
3.66,9.03,18400,3,0,2,12
5.67,8.37,134595,1,0,0,4
9.65,16.08,136858,3,1,1,15
12.95,16.3,193436,2,0,1,20
7.0,14.8,194687,3,1,0,18
8.57,17.63,122022,0,1,0,3
7.58,11.26,31358,1,1,0,12
10.15,17.47,49317,1,1,2,3
13.29,22.39,181191,2,0,0,18
10.87,14.82,182402,2,0,2,13
9.23,13.25,138767,2,0,0,20
1.83,3.94,97691,3,0,0,19
2.95,5.51,68293,3,1,0,6
7.67,13.09,143696,3,0,1,14
16.56,23.56,115183,2,0,1,12
9.95,16.2,123887,1,0,2,17
11.8,18.14,182138,1,1,2,17
9.11,11.82,40251,2,1,1,9
6.24,13.88,125262,2,1,0,9
6.72,7.78,176776,2,0,1,16
14.55,22.49,51113,1,0,2,8
2.78,4.58,124820,0,1,1,17
4.34,9.5,64444,2,0,1,15
2.14,3.6,70602,2,1,0,5
6.07,15.13,65640,1,1,1,8
14.23,18.18,25645,1,1,2,13
8.06,13.62,20112,1,1,0,15
3.56,4.1,199727,3,0,0,12
9.15,14.3,78601,1,1,2,16
10.08,12.82,157931,3,0,2,17
11.58,14.57,196128,0,0,2,6
5.51,12.87,162356,1,0,0,1
7.27,9.14,112274,0,1,0,17
3.36,4.69,60380,2,1,1,7
14.83,21.24,49082,0,1,2,14
2.91,5.27,161416,1,1,0,7
14.22,21.46,60380,3,1,2,2
3.97,5.5,59311,2,0,1,19
5.35,7.15,184114,2,1,1,9
9.05,20.65,68459,0,1,0,17
9.47,18.16,19754,0,0,2,11
10.52,14.08,94586,3,0,1,10
7.7,16.28,45403,0,0,1,14
16.43,21.34,188648,3,0,1,18
18.54,22.9,32864,1,1,0,15
8.17,11.69,154801,0,1,2,3
3.82,8.54,66277,1,1,0,3
11.8,16.15,141659,3,0,1,5
10.61,14.84,40549,1,0,1,2
6.23,10.23,29365,3,1,0,14
8.36,13.35,117405,1,0,2,1
13.97,18.55,7937,0,1,2,13
8.57,19.17,75876,1,0,2,15
4.36,7.07,66522,3,1,2,13
5.14,9.38,49091,0,1,0,11
3.38,8.38,101431,0,0,1,12
3.68,5.6,197895,0,0,0,18
9.33,20.66,79712,0,1,0,1
3.15,3.86,86538,0,1,2,6
2.51,4.23,51945,3,1,1,1
4.92,10.03,75036,1,1,0,8
7.03,11.41,105035,1,0,0,5
10.14,14.82,29450,3,1,2,13
9.38,20.24,85096,0,0,1,13
7.64,14.27,54236,1,1,0,15
3.43,7.59,102236,2,0,2,12
11.42,14.17,99888,0,1,1,19
13.43,23.78,150354,2,1,1,1
7.57,15.71,96067,0,0,2,20
6.8,8.47,116914,2,0,0,20
9.77,16.22,128292,0,1,2,10
5.8,7.43,14865,0,1,2,4
20.72,23.89,60644,2,0,1,4
11.01,15.96,165246,3,1,1,6
15.36,22.19,118568,0,1,0,20
19.33,24.19,61332,2,0,1,20
13.09,21.24,114794,3,1,2,5
9.13,12.29,10243,2,0,2,4
3.78,7.5,187005,2,1,1,15
14.25,19.71,9361,2,0,1,10
3.1,4.0,191628,1,1,1,11
12.76,15.93,91804,0,1,1,3
20.38,24.57,183910,0,0,2,19
12.89,19.62,83867,2,0,2,15
16.34,19.69,111746,2,0,2,13
6.44,7.86,193767,3,0,2,9
4.99,11.3,92415,1,0,2,2
18.7,21.91,43647,2,0,1,4
12.75,22.61,106526,3,0,0,19
4.9,9.69,78730,0,0,2,12
3.54,8.12,145828,1,0,1,13
4.06,4.95,192187,2,1,1,7
5.78,9.16,98671,1,1,1,11
15.89,23.75,121522,2,0,1,13
8.96,16.49,184342,0,1,2,9
16.79,21.67,121949,3,0,1,9
6.62,12.24,129602,1,0,1,6
7.54,10.8,85773,1,1,0,6
14.23,19.6,59446,3,1,2,10
11.97,15.56,77813,0,0,2,19
4.8,6.3,81154,1,0,1,4
9.01,10.52,52262,2,1,2,13
11.64,21.96,14651,3,1,2,20
18.73,20.93,158331,2,1,2,13
10.78,14.04,160076,3,1,2,1
11.15,14.05,122393,2,1,1,10
11.5,13.35,116424,2,1,1,11
11.48,19.13,112900,1,0,2,6
9.88,11.11,94939,0,1,1,16
9.51,18.43,186313,1,0,1,15
7.36,9.94,131138,2,1,0,20
2.14,4.21,22624,2,1,1,12
4.95,9.77,68867,3,0,2,5
6.57,10.47,73458,1,1,1,4
3.58,8.77,32030,1,1,1,1
11.11,14.82,183771,2,0,1,18
4.51,5.1,28638,3,1,0,11
7.64,14.31,56274,0,0,0,9
13.73,23.58,146024,3,0,1,1
16.69,20.75,20174,0,1,2,1
8.42,10.27,141007,2,0,2,8
6.73,7.73,58879,1,1,2,15
16.82,19.11,56400,0,1,1,19
10.27,18.48,50363,3,0,2,16
20.11,24.52,18637,1,0,0,13
10.2,22.9,82382,0,1,0,5
2.8,4.84,173064,3,0,0,13
3.94,7.18,85559,2,1,0,19
15.09,25.0,199091,0,0,1,1
11.9,19.31,190577,0,1,2,7
7.6,16.15,30763,0,1,0,15
8.46,9.75,26504,3,1,2,7
18.33,24.61,104755,3,1,0,8
2.75,5.95,199000,1,1,0,12
9.78,16.92,135867,1,0,0,18
7.84,14.64,170524,3,1,1,20
6.45,8.07,178552,2,1,2,2
1.95,4.08,57753,3,0,2,6
7.69,16.55,197680,2,1,2,10
2.44,4.94,92733,0,1,2,9
4.97,11.79,104641,3,1,1,4
10.06,12.21,99008,0,0,2,20
18.41,24.25,15920,0,0,1,1
12.14,24.18,73048,2,0,1,8
5.07,7.85,151502,2,0,1,16
7.31,16.72,67299,3,1,0,1
3.15,3.51,28116,2,0,1,2
7.75,9.1,122235,3,1,0,2
4.34,5.67,194013,0,1,2,10
6.51,9.38,24246,0,1,1,2
6.65,9.77,38592,0,0,1,13
9.66,17.07,152953,1,0,0,14
6.73,8.63,138833,2,0,2,3
9.37,16.05,48725,1,1,2,16
15.14,22.82,34041,1,1,0,3
13.01,22.76,139804,0,0,1,7
12.29,14.05,165120,0,0,1,5
9.97,15.64,155691,3,0,2,12
2.69,4.79,130193,0,0,1,14
8.24,18.59,77465,0,1,1,3
8.29,10.11,36536,2,0,1,6
5.14,8.9,111498,3,0,1,13
10.93,16.45,120500,1,1,2,17
8.67,10.72,137203,3,1,0,14
13.54,19.69,90794,1,1,0,18
7.31,9.18,146937,0,0,1,4
10.83,15.17,153825,2,1,2,7
9.84,24.36,76983,1,1,0,4
17.14,22.15,119985,2,0,0,10
6.19,10.18,76451,0,1,1,9
10.62,16.53,119666,2,0,0,19
10.06,16.84,59056,3,1,2,19
12.73,21.06,96494,0,1,0,4
20.52,24.34,194439,1,0,1,9
10.44,22.24,148922,2,0,1,10
14.21,23.73,102197,0,0,0,14
12.52,15.35,10865,3,1,1,6
5.36,11.24,22962,0,0,2,5
4.71,10.46,181209,1,0,2,15
8.38,13.47,120336,2,1,1,2
8.36,10.96,84427,1,1,1,20
6.02,13.36,134139,1,1,2,3
12.8,19.89,19095,0,0,0,12
7.43,16.06,127321,3,1,1,9
10.32,13.17,64956,0,1,2,12
8.53,18.27,131813,0,0,1,12
2.83,5.28,94812,0,0,2,12
14.11,22.26,103066,0,1,0,10
6.36,11.07,102748,0,0,1,3
17.02,23.42,30616,3,0,2,9
9.72,20.09,112621,0,1,1,17
7.94,13.23,70961,2,0,2,20
13.48,17.73,133225,0,0,2,5
10.27,15.58,15941,2,0,2,10
1.58,3.82,125974,2,1,0,8
4.43,10.65,182682,3,1,1,6
8.34,15.6,174398,2,1,2,6
5.93,9.9,30655,3,1,2,10
12.21,19.95,158453,1,1,1,3
20.99,25.0,101472,2,0,0,5
3.89,5.82,144979,3,1,1,6
7.9,19.57,165456,1,0,1,17
12.28,13.83,86200,2,1,1,15
12.77,18.67,195625,3,1,0,5
12.97,17.61,124610,0,0,2,20
7.61,11.58,11603,1,1,2,16
15.69,20.82,74315,1,0,2,5
3.64,4.95,38097,1,0,2,17
8.1,10.09,46698,3,1,1,15
19.57,22.03,108367,2,0,1,1
10.81,18.4,52412,0,1,0,9
3.43,5.15,185232,3,0,1,4
10.6,14.25,9794,3,1,2,14
4.77,7.76,194340,3,0,0,2
5.51,11.4,40279,0,1,0,12
7.54,8.87,20640,1,1,2,10
11.47,23.05,7993,2,0,1,14
1.63,4.02,155211,2,1,2,5
9.47,20.06,103885,0,0,1,13
13.04,18.16,22217,3,1,0,5
8.96,15.0,140304,0,0,2,11
1.91,3.98,180973,0,0,2,13
9.22,13.28,33623,2,0,2,7
9.73,16.4,10356,3,1,0,13
5.29,5.88,178540,2,1,2,11
13.06,19.22,102979,1,1,2,18
8.34,13.22,7824,3,1,0,8
6.48,8.48,109326,1,1,0,1
4.21,5.49,154785,2,0,2,15
3.15,6.11,163199,1,1,2,20
10.3,17.05,6117,1,1,1,1
6.15,10.44,71511,0,1,0,11
4.61,9.69,28180,1,1,2,18
7.67,11.09,171405,3,0,2,10
2.29,5.2,134222,3,1,1,6
11.86,14.01,19937,3,0,2,7
2.74,3.11,29437,1,1,0,8
5.25,11.47,72860,2,0,1,6
12.99,21.87,7461,0,0,2,7
16.83,21.54,172523,3,1,0,13
12.2,15.76,115152,0,0,1,12
13.53,20.15,84218,3,0,2,17
9.62,21.56,146925,2,0,1,14
9.51,13.64,124279,0,0,1,15
3.41,5.31,18428,2,0,1,17
5.4,9.38,199820,2,0,0,9
5.82,11.52,156156,0,1,0,15
1.71,3.23,138030,0,1,1,2
13.22,18.92,196080,3,1,1,8
10.57,13.48,168786,2,0,2,3
6.68,13.3,176508,2,0,0,9
11.18,13.31,53165,3,1,1,5
11.5,24.74,37296,2,1,2,13
10.25,11.95,176221,1,1,0,19
2.1,4.14,42512,1,0,1,13
17.17,20.32,190694,0,1,1,20
5.23,10.56,39213,2,1,2,1
2.85,4.99,137605,3,0,1,11
8.34,14.68,150669,2,1,0,12
18.77,24.16,170609,3,1,1,17
16.08,24.19,42531,0,0,1,9
13.79,24.35,100725,2,0,2,11
1.52,3.6,52297,1,1,0,8
19.73,23.18,13960,0,0,0,18
9.35,20.07,178495,2,0,0,2
6.86,8.54,46289,0,1,2,18
9.25,13.43,179727,0,0,0,17
4.88,7.28,52907,3,1,0,13
2.31,4.73,15833,0,1,0,10
4.78,6.24,46736,3,0,1,20
14.28,23.84,22517,2,1,0,9
9.99,11.93,39500,3,0,0,12
11.21,17.98,154724,1,1,2,8
3.61,4.22,145130,0,1,0,8
21.28,24.29,138087,1,0,2,2
10.3,12.38,28048,2,1,0,20
10.54,13.68,75226,0,0,0,8
5.0,11.03,194364,2,1,0,17
4.0,5.84,24297,3,0,0,1
7.07,7.99,44162,3,1,1,13
7.31,10.49,47342,0,0,0,2
9.97,12.45,60315,3,1,0,18
5.71,10.35,125452,0,0,2,6
12.84,21.19,157783,1,1,2,6
4.02,8.23,23373,2,1,2,3
11.89,18.58,125871,0,0,0,7
18.6,21.92,168220,2,0,1,10
4.22,5.43,111456,1,1,2,5
2.16,4.03,64347,3,1,1,2
13.9,15.79,114775,3,1,2,5
7.84,12.22,97887,2,0,0,18
9.31,11.4,186894,0,1,0,8
6.23,12.08,162180,3,1,0,13
2.84,6.26,68367,2,1,1,10
14.88,23.05,72796,2,1,2,11
12.44,14.48,37997,1,0,1,18
4.42,6.6,155787,0,0,2,11
18.12,20.33,26605,3,1,1,5
14.77,19.32,126889,2,1,0,15
2.51,6.15,152526,3,0,1,14
2.5,4.49,174062,2,1,2,7
8.69,10.0,177663,1,1,1,10
10.55,13.84,42646,2,0,1,1
4.39,7.94,56498,2,0,1,2
13.39,19.27,181126,0,0,2,14
5.43,10.36,56938,3,1,0,13
4.25,8.11,94230,3,1,1,5
2.49,5.23,51848,0,0,0,11
3.33,6.46,68367,0,0,0,6
4.77,8.47,39621,2,0,1,16
6.3,14.76,135719,0,0,0,10
16.74,22.7,185113,2,1,0,16
13.43,16.65,102343,1,1,2,2
10.38,23.71,140495,1,1,1,19
13.44,19.04,86280,3,1,1,13
12.67,21.88,87328,2,1,0,5
15.05,16.9,39461,1,0,0,4
4.38,5.95,24512,0,1,1,7
2.01,3.2,5203,0,0,0,16
7.24,9.92,152423,0,0,1,19
4.94,9.73,184788,3,1,0,18
3.7,4.73,79587,3,1,2,19
9.06,13.68,139596,3,1,1,16
15.16,17.44,106154,3,0,2,8
12.7,19.14,28224,2,0,2,3
9.95,17.54,105089,1,0,0,19
3.28,3.75,130610,1,1,2,4
6.38,12.84,170746,0,0,0,11
10.94,14.35,195618,1,0,2,6
18.68,23.95,141427,0,0,1,6
9.92,16.37,58587,0,0,1,11
2.23,3.78,118975,2,0,0,2
8.83,10.43,133823,2,0,1,3
8.55,10.72,164283,1,1,0,19
2.96,4.07,169054,1,1,0,4
8.99,14.64,95728,1,0,1,9
1.53,3.41,57445,2,1,1,13
7.15,11.17,148525,3,1,1,17
5.31,6.05,103290,0,1,2,19
17.32,24.93,82538,3,0,1,19
5.25,8.21,138693,2,0,0,6
3.91,7.45,78950,3,1,2,20
4.5,9.4,87017,1,0,2,18
3.65,5.34,153934,0,0,1,12
10.65,14.26,135162,3,1,0,16
4.59,6.41,90801,3,1,0,10
2.45,5.85,80227,2,1,0,19
3.12,4.73,101721,0,1,2,9
6.26,10.41,113217,3,1,2,20
7.51,13.73,150050,2,0,0,16
3.07,4.82,41840,0,0,1,7
2.66,3.33,46961,1,0,0,16
4.33,8.37,125976,0,1,0,18
18.36,21.43,33803,1,0,2,18
16.57,20.87,74093,1,1,1,2
3.06,3.54,124065,3,1,2,18
19.0,21.63,104186,1,0,1,10
8.25,15.15,60422,1,1,1,3
4.84,7.36,23287,3,1,1,18
8.77,18.34,65674,2,0,1,18
2.34,3.85,99675,0,0,1,6
5.99,9.51,136944,3,1,0,17
16.26,20.81,97717,0,0,0,12
11.61,13.07,178380,0,0,2,16
2.98,3.6,61307,0,0,0,12
16.72,23.74,69731,2,1,0,1
9.73,24.2,23561,3,1,1,8
8.05,10.71,22135,3,0,1,6
2.17,4.93,14491,2,0,1,13
3.98,6.65,64207,0,1,1,17
5.63,9.39,141591,0,0,2,6
5.84,14.37,127499,2,1,0,12
15.96,20.55,6029,2,0,1,6
11.45,22.96,161111,3,1,0,2
9.57,12.73,155401,3,0,2,18
3.6,6.74,29333,3,0,2,20
6.63,12.85,64624,0,0,1,7
5.14,8.03,33546,1,0,0,15
12.38,22.28,19523,1,0,1,20
8.58,18.83,193123,2,1,0,14
6.48,7.76,153878,1,0,2,6
18.67,23.44,56400,0,0,2,16
17.81,21.38,45221,2,0,2,13
13.31,24.8,68288,3,0,1,18
7.26,12.47,100758,2,0,1,19
2.65,5.76,192983,0,0,2,1
13.23,15.26,54277,0,0,1,2
15.71,21.03,145277,3,0,2,14
9.0,10.93,6285,1,1,1,10
11.33,18.93,108578,1,0,0,17
9.12,21.34,174986,1,1,0,1
12.96,17.67,34120,3,0,0,19
2.87,4.55,158464,0,1,0,7
9.24,21.82,5316,1,0,2,18
9.07,21.31,168707,2,1,0,8
3.38,4.62,74126,3,0,2,14
13.93,16.82,113184,0,1,2,13
4.54,5.78,23827,1,1,1,16
14.9,19.51,142958,0,0,1,14
15.12,17.04,169463,3,1,1,18
14.15,19.82,185952,1,1,1,12
13.18,16.0,113482,0,1,0,1
8.76,20.19,179699,1,0,0,13
5.04,6.28,171478,3,0,2,3
9.23,13.14,73167,0,1,1,13
17.92,22.95,113651,0,1,2,15
13.33,19.87,196272,3,1,1,7
4.16,7.86,116695,3,0,1,13
16.15,21.5,88168,3,1,1,18
5.77,13.54,164842,3,1,2,4
15.22,24.0,66703,2,0,1,12
4.36,7.76,54875,3,1,2,20
7.35,10.58,167327,2,0,2,10
14.43,16.24,99110,0,1,2,14
4.6,8.61,123342,3,0,2,16
10.04,24.73,124550,2,0,1,14
9.93,21.98,32282,0,1,0,6
8.65,20.52,147354,1,1,2,20
11.43,16.82,172115,2,1,0,15
17.09,22.54,184031,1,1,2,19
7.17,8.05,116872,0,1,0,6
4.21,5.94,21791,0,0,1,5
6.05,12.61,192818,2,0,1,18
4.94,6.45,196723,0,1,0,18
14.75,22.47,13483,0,1,0,9
16.61,22.3,59523,1,1,1,7
2.45,5.84,89472,1,1,2,16
9.68,18.02,172705,0,1,1,12
2.54,6.11,151867,3,0,0,2
8.67,12.28,116744,2,1,0,17
12.84,21.88,71647,3,0,0,14
7.33,11.6,157118,0,0,2,7
3.79,5.2,196068,2,1,2,20
13.99,21.26,49553,1,1,0,7
2.28,3.13,9760,2,1,0,9
12.11,21.4,190689,1,1,2,10
15.36,23.58,90033,1,0,2,3
6.29,8.17,76044,2,1,1,11
12.66,16.11,17248,3,1,1,14
11.56,14.14,119138,2,0,0,10
2.59,4.81,121691,3,1,1,13
17.46,20.65,144892,3,1,2,9
3.64,4.48,86133,1,0,2,7
17.61,24.11,82336,1,0,2,10
8.63,15.4,121117,3,1,1,9
8.4,20.54,63589,0,0,0,2
17.42,22.23,90233,3,1,2,6
21.69,24.54,98492,2,1,1,2
3.5,6.99,58767,2,1,2,15
6.66,8.99,118409,1,1,2,14
7.07,9.18,32742,2,0,0,5
15.68,18.31,17750,1,0,0,10
9.73,11.04,173482,2,0,0,4
6.92,13.28,187629,3,0,0,2
11.0,15.92,166343,0,0,1,5
11.92,22.13,86187,2,1,2,12
4.7,5.98,172837,0,0,1,7
18.51,24.86,33606,0,0,2,9
5.0,7.6,165228,3,0,1,4
14.26,21.81,123080,2,0,2,4
3.04,4.58,130029,0,0,2,3
3.09,4.25,121092,2,0,0,14
7.18,9.96,11695,2,0,2,14
4.75,6.27,56739,0,1,0,15
8.42,11.99,159106,0,1,0,14
17.15,19.83,41239,0,1,1,18
7.48,9.9,180891,0,1,1,13
8.54,18.18,54381,1,0,1,1
5.32,9.42,165530,1,0,1,18
15.67,18.29,15984,3,0,0,9
5.2,8.53,56003,0,0,1,5
2.47,5.45,46973,1,1,1,8
8.94,21.54,90177,3,1,0,20
13.05,17.28,177022,0,0,1,3
8.0,15.26,97458,0,0,1,7
7.3,15.77,18383,1,0,0,10
9.82,13.97,146278,1,1,1,5
15.05,21.87,55249,3,0,0,7
11.12,14.43,187001,2,1,1,20
1.66,3.38,184739,2,0,2,2
9.29,11.81,125038,2,1,2,20
10.91,24.04,182790,3,1,1,18
10.18,16.46,124824,1,0,0,11
11.24,15.13,55760,3,0,2,18
5.14,6.23,5640,3,1,0,1
19.35,23.23,16042,1,1,2,15
6.27,12.78,78329,0,0,1,6
11.74,14.78,121629,1,0,0,3
4.28,6.49,178076,3,0,2,16
2.21,4.17,81319,0,1,2,3
11.35,13.8,8444,3,0,1,12
15.7,18.29,72389,1,0,0,16
7.93,15.1,187157,0,0,0,6
5.75,9.0,88382,3,1,0,1
8.97,14.31,164033,0,0,2,1
13.45,20.5,40738,2,0,1,19
7.21,12.63,5343,3,1,1,17
12.78,19.03,109284,1,0,1,8
20.47,24.99,156316,1,1,0,11
9.21,19.74,73815,1,0,0,15
14.06,20.42,27214,0,0,0,8
8.79,13.37,186440,2,0,0,17
6.12,13.55,175095,2,1,1,19
5.48,7.95,148647,2,1,2,13
5.15,12.07,180555,3,1,0,11
2.67,4.12,32822,3,1,1,5
3.41,6.27,179358,1,1,0,19
1.58,3.26,181837,0,0,2,18
13.06,17.84,176429,1,0,2,6
15.87,19.46,71690,0,0,2,6
14.54,19.8,72610,3,1,1,1
2.78,5.49,193428,3,1,0,11
10.26,13.09,165591,2,0,1,13
4.7,5.53,182224,0,0,0,3
4.08,9.63,177307,0,1,1,6
10.48,15.94,14138,0,1,1,12
9.4,17.82,121446,3,1,0,19
6.27,11.23,68828,3,1,0,12
13.5,23.04,140811,0,0,2,19
8.52,15.19,195551,1,1,1,1
8.85,12.07,136092,2,0,2,2
2.68,3.18,15455,2,1,1,3
17.76,24.29,134850,3,0,1,1
13.95,21.18,155587,3,1,1,3
17.17,24.38,71947,0,0,1,5
4.97,9.48,158059,3,0,2,20
10.88,24.71,52248,3,1,1,5
8.46,14.78,76152,1,0,1,10
16.83,23.23,140913,2,0,1,1
8.63,10.25,72628,3,0,0,12
17.66,23.2,40702,1,1,2,17
11.87,24.18,119023,0,1,1,10
15.93,22.71,140248,1,0,1,8
12.37,16.29,115607,2,1,1,5
7.11,15.2,110398,1,0,0,7
6.84,10.38,71145,1,0,0,7
13.31,18.54,122836,1,1,0,16
19.4,24.12,51205,3,1,1,6
7.94,13.04,97312,3,1,0,11
12.35,18.37,133854,2,0,1,3
5.75,10.02,83330,0,0,0,18
10.23,12.53,190768,3,1,1,9
4.0,4.67,49919,2,1,1,16
7.75,9.0,159489,0,1,2,1
20.86,24.78,122704,1,1,0,3
17.33,21.47,48925,2,1,0,13
19.34,23.2,59522,2,1,1,15
9.2,14.99,40699,0,0,0,5
11.74,13.18,104278,1,0,1,4
4.94,7.98,75421,3,1,2,3
4.27,8.01,63160,0,1,1,3
3.17,6.82,175491,2,1,1,7
4.45,7.69,144130,2,1,0,10
5.77,7.85,171731,1,0,0,6
7.83,18.6,71734,0,0,1,11
11.5,14.47,195433,2,1,1,7
4.68,5.29,129957,3,0,2,17
7.43,11.79,174062,2,0,2,11
6.27,9.53,78016,2,1,0,20
15.38,18.66,168472,0,0,2,15
9.62,23.2,119741,1,0,1,6
17.64,21.49,182599,2,1,1,2
2.46,3.53,150531,3,1,2,7
5.48,7.96,69209,3,0,0,19
3.23,6.16,63679,3,1,0,8
10.39,17.82,35662,1,0,0,3
5.52,11.88,10551,2,0,0,10
16.45,23.37,100896,0,0,1,10
7.4,10.49,94983,0,0,1,5
8.47,18.14,106377,2,0,2,13
18.89,22.26,80032,1,1,2,9
4.99,5.88,178750,3,1,0,10
14.48,17.3,30239,1,0,1,8
5.32,9.5,82555,1,1,1,5
12.52,19.83,73701,1,1,0,8
8.77,18.03,68431,1,0,0,9
8.18,15.82,119427,0,1,2,15
12.26,21.1,15167,0,0,2,18
2.35,4.34,12054,0,1,2,2
12.62,22.89,90175,3,1,0,13
17.15,19.3,196328,0,1,0,11
11.54,16.22,184730,2,0,0,14
11.22,13.86,81114,3,1,0,15
3.69,4.9,187401,3,1,0,1
10.9,16.03,85036,3,0,2,11
4.62,9.64,99493,3,1,0,7
6.38,7.23,107905,3,1,0,14
13.41,22.38,169111,0,0,0,7
16.31,21.88,62056,3,0,1,20
4.59,10.06,12909,1,1,1,19
6.63,16.03,117684,3,0,1,12
2.77,4.28,192579,1,0,0,9
3.63,4.66,103913,3,1,0,13
18.42,24.11,137075,3,0,0,5
13.92,19.71,155295,3,0,1,14
2.32,3.3,160663,2,1,2,20
12.58,24.71,69964,3,0,0,16
11.46,14.5,7333,2,0,2,10
8.04,15.31,56878,0,1,1,19
12.34,22.57,133691,1,1,1,10
13.29,16.2,6364,1,0,2,10
15.79,18.09,149286,0,1,0,16
17.48,19.92,156023,1,1,0,1
11.88,13.9,152008,2,0,2,7
4.13,6.2,68051,0,0,1,14
6.68,11.01,86579,2,0,0,6
3.76,8.08,28156,1,0,1,8
14.03,22.59,155755,3,0,1,9
4.35,9.64,139446,0,0,1,4
8.32,14.97,190265,2,1,1,15
6.3,11.39,31732,1,1,0,3
12.67,16.37,109770,0,0,2,4
9.69,11.34,96916,2,0,2,12
15.18,23.35,65679,0,1,1,12
9.13,16.9,87512,0,0,0,12
6.67,8.08,6820,2,1,1,20
14.14,24.04,142012,2,1,2,16
15.31,17.34,195520,1,1,2,17
15.23,17.48,19510,2,1,1,9
13.86,20.18,163481,0,1,0,20
9.59,12.06,186711,1,0,2,14
5.77,7.15,129219,3,1,1,12
7.07,10.28,178215,0,0,1,2
10.12,16.49,106501,0,1,2,11
19.05,21.54,188019,1,0,0,5
1.45,3.17,8140,2,0,1,4
11.8,15.76,79597,1,0,2,6
10.61,20.95,191541,1,0,2,17
7.28,16.33,193332,3,0,0,4
7.05,15.24,32116,0,0,1,6
8.09,19.23,67759,0,1,2,18
5.77,6.82,189972,0,1,2,11
8.28,17.08,131718,2,0,2,14
7.22,15.62,150436,3,0,1,5
7.9,9.03,124628,3,0,2,8
4.48,5.86,196040,2,0,0,3
6.32,13.73,156219,3,0,1,20
6.23,8.6,191794,1,0,1,12
5.68,6.79,84160,1,1,0,11
16.04,25.0,180401,2,1,0,5
10.98,15.33,36719,1,0,0,5
3.74,4.9,175341,3,1,1,15
6.7,15.58,158499,2,1,0,5
10.25,12.47,193461,1,0,0,3
6.49,9.76,180279,3,1,2,7
2.64,3.21,160642,2,1,1,5
14.38,20.09,143341,2,1,0,4
8.61,20.61,190152,1,0,2,5
10.99,17.79,186289,2,1,2,16
8.51,10.65,129458,0,0,1,7
7.19,12.4,108590,3,1,1,16
6.18,8.97,129945,3,0,1,2
9.67,19.61,20993,2,1,0,16
15.8,21.59,106958,0,0,1,16
7.11,8.31,165376,2,1,2,13
4.93,8.0,27686,1,0,1,8
8.94,19.38,101494,1,1,0,8
12.89,21.49,60034,1,1,1,9
3.75,8.07,72599,0,1,2,7
8.59,13.24,62439,1,1,0,13
6.17,8.13,65143,3,1,2,19
4.28,8.52,13920,3,1,0,14
16.69,22.51,56551,1,0,1,13
3.74,5.81,174258,3,0,0,18
4.18,5.22,142301,3,0,2,6
10.63,14.89,176061,0,0,1,8
3.74,5.11,133310,1,1,1,16
2.77,3.66,59069,1,0,2,11
5.83,8.79,39809,1,1,2,14
10.47,16.5,164170,1,1,2,6
1.57,3.5,48248,0,0,1,9
7.46,17.98,195705,3,0,1,18
9.33,11.91,180923,2,0,1,4
10.88,13.36,83077,2,1,2,7
4.84,10.88,166385,1,1,1,2
10.58,21.84,104911,0,0,0,16
7.01,9.49,155145,1,0,2,6
2.15,3.16,150838,0,0,1,11
3.16,7.36,128189,1,1,0,9
2.57,3.35,43396,1,0,0,18
7.81,10.72,107372,1,1,2,15
5.8,9.27,137380,1,0,2,14
2.15,3.11,30175,3,0,1,8
17.27,19.45,59492,2,0,1,20
16.77,22.5,169613,0,0,0,3
19.69,24.82,20277,3,0,0,5
6.88,9.44,190403,3,0,1,7
11.21,20.92,192635,0,0,0,5
12.51,14.87,148943,1,0,1,13
7.16,10.58,28036,0,0,0,7
9.53,14.63,146491,0,0,1,2
10.69,16.34,110716,1,0,0,19
1.8,4.27,67847,2,0,2,10
4.85,8.83,63272,0,0,2,15
3.4,6.89,34385,0,1,0,10
8.55,12.94,6339,1,0,1,4
3.76,9.4,116979,3,0,1,1
7.82,12.71,125469,3,0,0,12
2.91,6.9,93612,2,0,2,15
16.07,18.62,191373,3,0,0,7
7.34,14.46,63093,1,0,0,10
11.66,20.93,140167,3,0,1,17
9.23,20.38,8030,3,0,1,14
2.27,5.08,147076,3,1,2,6
7.5,16.37,156623,0,0,1,11
12.63,15.66,181119,1,0,0,17
8.1,12.53,178084,3,0,2,4
12.16,16.14,58479,0,0,2,16
7.72,16.2,26949,1,1,0,17
4.41,9.15,97540,3,1,2,14
15.18,23.76,60888,2,0,2,19
8.09,10.67,45501,3,0,0,3
15.51,18.19,52530,3,1,1,18
21.73,24.93,102150,0,1,0,2
2.37,5.59,118147,3,1,2,17
18.29,22.25,166108,1,1,1,13
12.43,15.84,138160,1,0,0,9
4.47,5.53,79577,2,1,2,13
13.23,16.93,154610,3,0,0,8
3.1,6.59,22066,1,1,2,9
9.38,11.91,76849,3,0,2,17
16.13,21.48,146850,2,0,0,7
13.17,21.5,76611,0,0,0,3
2.62,3.25,183285,3,1,2,8
5.4,8.77,109431,1,1,1,6
2.69,6.12,76874,3,0,1,12
12.82,22.97,51960,0,0,1,6
3.92,4.88,162435,3,0,1,1
3.64,6.06,170154,0,0,2,5
3.54,5.96,184930,2,1,0,20
7.71,11.51,193523,3,0,2,8
4.86,5.8,109863,2,1,0,4
9.12,11.13,46261,0,1,0,8
18.46,21.08,135348,3,0,0,9
3.96,6.94,58235,2,1,2,12
15.88,19.39,141965,2,0,0,10
6.24,10.96,19828,3,1,1,17
15.11,19.89,54392,0,0,0,14
8.49,16.48,168492,1,1,2,10
2.65,3.15,27333,0,1,2,17
17.46,20.44,77656,0,0,2,17
6.55,8.84,56598,2,0,0,13
3.15,5.13,35082,1,1,0,16
13.91,16.7,153334,3,1,0,5
5.5,11.42,86456,0,0,0,2
6.86,10.96,129117,0,0,0,10
6.63,14.05,144771,1,0,1,11
2.92,5.82,89391,3,1,2,15
5.41,10.28,70412,1,0,0,20
14.79,24.71,120705,2,1,2,20
8.18,14.89,134799,2,1,0,16
7.34,9.89,23941,2,1,0,5
9.41,20.1,190951,3,0,1,9
4.41,8.65,74029,3,1,1,18
8.59,10.82,159895,2,0,2,11
5.0,9.86,58671,2,1,2,6
6.74,7.99,68711,2,0,2,9
2.81,3.63,11593,0,0,1,6
12.46,16.19,100498,0,1,2,1
11.89,14.52,29201,2,1,0,4
10.13,15.6,45225,1,0,0,9
4.02,5.81,80619,1,1,0,4
3.98,7.1,162832,3,1,1,15
6.72,7.55,35843,1,0,1,6
7.06,13.38,135120,3,0,1,6
13.17,21.91,97602,2,1,0,7
18.11,21.75,36495,1,1,2,3
10.63,22.03,145819,0,1,1,7
12.99,18.58,61490,3,0,2,12
17.1,24.96,117954,2,0,0,2
6.69,14.95,65715,0,1,1,12
14.37,20.85,77644,3,0,1,4
2.53,5.16,73521,2,0,2,9
5.5,13.42,190472,1,0,2,18
3.08,5.09,185695,0,0,2,4
3.49,6.67,168227,1,1,1,12
13.07,23.01,108252,1,0,1,14
9.29,14.43,129843,1,0,0,7
9.49,21.34,85897,3,1,2,14
16.21,24.12,176011,1,0,0,20
3.01,7.41,164103,2,0,0,14
2.6,5.07,26495,0,1,1,19
4.27,7.04,57116,2,1,1,11
6.53,16.28,27814,2,0,1,2
10.28,18.49,9862,3,0,0,6
10.37,17.55,12015,2,1,1,4
4.84,6.99,14586,3,1,0,6
3.58,6.99,85098,3,0,2,6
10.73,12.65,46479,2,0,1,2
13.02,16.6,46145,2,1,0,6
4.38,9.78,167156,2,1,2,10
1.9,3.1,158678,2,1,0,7
6.72,10.55,163584,2,0,0,4
13.34,24.84,112668,3,0,0,14
10.04,13.78,134183,2,0,2,16
10.33,17.43,106514,0,1,1,6
11.18,21.52,198534,0,1,2,9
4.46,8.57,100563,1,0,2,16
13.81,16.45,87528,0,1,0,4
11.17,20.7,96592,2,0,0,6
5.17,7.75,196207,1,1,0,3
14.4,16.22,84414,3,1,1,7
11.57,13.09,19512,3,1,2,13
4.13,7.81,190210,0,1,2,8
6.17,11.97,140404,2,1,0,16
12.62,23.34,127494,0,0,2,11
7.2,8.45,40780,2,1,1,19
4.7,6.23,19073,0,1,0,1
4.29,6.94,133249,3,1,1,20
17.04,24.49,73778,2,1,2,11
15.28,24.91,10695,0,0,1,14
5.93,8.93,129009,0,0,2,9
9.38,12.02,53687,2,0,1,15
3.11,4.33,27333,3,1,0,5
15.95,23.29,62257,1,0,1,8
10.67,16.16,159206,3,1,1,9
9.53,23.57,121888,3,1,0,7
9.92,21.59,100254,2,1,1,8
12.18,24.24,143336,0,0,2,19
10.92,20.72,64768,2,0,1,14
15.16,18.18,6897,1,1,2,11
7.58,16.52,54582,1,0,0,19
6.99,12.42,141120,0,0,0,18
13.06,15.36,155086,1,1,0,3
8.12,13.15,102450,1,1,0,19
2.72,6.5,175124,2,1,0,9
20.62,24.11,48288,2,0,0,20
2.63,3.65,161563,0,1,0,13
3.13,7.59,47821,0,1,2,6
1.44,3.1,81600,1,0,2,10
11.43,20.77,19540,3,1,1,16
9.16,14.68,190812,0,0,2,11
18.1,22.47,158855,0,0,0,6
17.62,21.26,103237,1,1,2,4
12.25,19.82,41197,1,1,2,14
4.11,7.06,99984,2,0,1,10
3.39,3.9,19060,2,0,1,2
9.57,12.98,32083,3,0,2,4
17.27,22.47,90285,1,0,1,17
1.61,3.9,92146,0,0,2,11
7.26,11.1,92199,3,1,1,14
12.51,20.07,83649,2,0,1,6
12.05,22.23,101976,1,0,0,2
12.32,19.21,70095,3,0,0,11
15.56,22.23,100469,0,0,1,11
6.28,12.6,39752,0,0,0,17
5.24,10.26,158648,1,0,1,16
9.83,16.73,10458,1,0,0,12
9.42,11.74,56732,0,1,1,5
11.27,13.92,171977,0,0,1,17
4.78,8.29,80966,0,0,0,3
10.83,12.33,151340,1,0,2,17
8.24,12.12,19147,0,0,2,7
3.06,5.02,136790,0,1,1,2
8.25,11.15,91410,0,1,2,18
6.68,13.05,65689,2,1,0,2
3.33,3.79,155930,0,1,0,7
5.57,11.18,149668,3,0,0,9
2.15,3.96,111403,1,1,2,15
3.52,8.35,158992,1,1,2,7
7.74,15.31,166202,0,1,1,18
9.68,12.51,70133,1,1,1,6
10.06,18.39,53652,2,0,1,4
10.52,19.01,113272,0,1,2,16
16.01,19.76,162095,1,0,2,15
11.49,18.03,149091,0,0,1,18
7.08,12.81,28150,2,0,0,4
16.75,20.83,91581,0,1,2,18
2.3,3.23,45002,3,0,2,12
10.41,11.59,180026,3,1,0,8
10.53,20.19,43245,0,0,0,2
14.5,22.87,64390,2,1,1,15
4.83,7.48,113442,0,1,0,18
14.06,20.32,90946,2,0,1,12
4.6,11.48,182471,0,1,1,4
12.48,17.34,73455,0,0,0,5
8.04,13.27,101375,2,1,1,15
3.77,6.91,21109,2,0,1,12
9.37,22.04,40989,3,0,2,17
12.15,20.7,112177,1,0,2,20
2.92,4.09,27961,1,0,1,10
9.18,18.62,58690,3,1,0,7
9.05,15.06,5409,3,1,0,14
2.79,6.32,163109,0,0,2,9
4.5,10.96,161918,2,1,1,7
14.63,16.65,30082,1,1,0,1
16.94,23.73,6635,0,1,0,11
3.64,4.69,161064,3,0,1,7
16.78,20.68,57734,0,1,0,10
6.51,9.24,26675,0,1,0,19
7.4,12.35,97114,1,1,1,7
13.05,22.9,98271,2,0,1,18
6.29,10.3,44266,3,0,2,10
12.2,19.44,42741,3,1,1,5
9.26,15.1,15923,0,1,0,7
2.15,4.83,141983,2,1,0,15
14.15,20.59,54184,1,0,1,9
6.9,9.2,157767,2,0,0,4
7.47,15.8,54373,1,1,1,6
7.1,11.71,74485,0,1,2,15
3.39,6.14,14049,0,1,1,20
2.03,4.1,63027,0,1,1,17
11.05,19.81,6707,0,0,2,14
2.6,3.06,146625,2,1,1,19
1.77,3.73,174544,3,0,0,6
15.8,21.02,94393,1,1,2,17
12.11,19.39,29257,0,1,1,2
6.82,16.31,103297,3,1,2,8
3.59,8.26,188879,0,1,1,2
10.43,19.92,54598,2,0,1,1
2.73,3.61,162852,0,0,1,5
19.06,23.42,98046,1,0,0,11
18.11,21.75,105190,0,1,0,5
8.31,14.84,174877,1,1,2,5
10.7,12.03,38730,3,0,2,15
17.25,19.27,11917,2,1,2,20
17.41,21.57,5914,2,1,0,12
10.26,13.99,111487,3,0,1,16
9.61,21.73,18042,2,0,2,5
10.13,22.38,31360,2,0,1,16
12.13,24.21,122859,0,1,2,20
5.23,6.28,97825,1,0,0,15
14.83,23.54,178774,1,1,0,2
6.87,10.85,116258,2,1,1,5
4.32,5.65,39266,2,0,1,3
7.58,12.92,67588,0,1,2,5
7.72,11.2,163442,3,0,0,13
10.77,21.53,165336,0,1,0,19
14.34,20.82,34343,2,1,1,8
12.79,17.92,60807,2,1,1,13
11.72,14.67,140161,0,1,1,8
3.36,6.91,185760,0,0,1,10
3.89,5.73,53836,1,0,0,4
6.47,8.08,48306,1,0,2,6
12.14,14.24,92987,1,0,1,6
7.43,9.96,131446,2,0,1,19
3.4,4.63,37909,0,1,1,14
6.16,14.06,187365,2,1,2,13
10.92,22.8,125436,0,1,1,16
11.53,18.44,102821,2,0,0,2
10.48,15.69,111676,3,0,0,14
8.02,15.6,76375,0,1,0,8
2.77,3.34,43248,2,1,1,18
9.84,21.51,44388,3,0,2,12
15.05,17.11,61132,1,0,1,1
12.35,14.63,136805,3,0,2,14
2.11,3.83,54454,2,1,1,5
10.34,21.51,185123,0,0,1,11
21.19,24.76,5851,1,0,1,7
8.78,18.6,49464,0,0,0,1
4.33,8.41,82359,2,0,1,6
13.21,18.07,193938,3,1,0,5
7.14,15.72,98708,0,1,1,6
16.51,19.28,5119,0,0,1,18
1.89,4.48,139898,0,0,2,8
7.83,14.63,93021,1,0,1,18
8.97,19.08,8233,3,0,2,9
10.95,15.14,120145,0,1,2,10
14.22,18.49,51577,1,1,2,19
12.44,17.15,31907,0,0,0,17
1.6,3.15,27043,0,1,2,11
5.61,9.26,49147,3,1,2,17
4.55,5.38,84159,3,0,1,20
21.61,24.55,139608,2,0,2,1
11.5,18.2,43502,3,0,1,18
20.46,23.89,31681,0,0,0,10
13.7,18.83,151734,3,1,2,16
10.12,22.42,62076,1,0,0,10
7.55,8.52,192502,1,0,0,3
9.64,13.49,26410,3,0,0,8
3.98,6.5,145744,2,0,0,12
17.19,20.0,167287,2,0,1,11
3.11,4.14,146316,2,1,0,11
13.79,17.31,51786,3,1,2,6
18.54,22.41,102090,2,0,1,19
6.52,10.58,52932,3,1,2,16
10.62,13.68,118875,0,1,2,15
16.52,20.71,49370,1,1,2,17
13.56,20.1,125434,3,1,1,15
9.98,17.32,65882,1,0,2,15
3.48,4.56,26140,1,1,1,13
7.5,9.87,127573,3,1,1,13
7.64,11.25,194586,0,1,1,5
8.51,11.31,114090,1,1,2,6
12.08,20.86,156729,0,0,1,20
4.55,6.58,102199,3,1,2,15
8.38,19.33,165519,3,1,2,19
4.66,5.41,189549,3,0,1,9
4.76,5.36,65396,1,0,2,10
2.47,3.22,92864,3,1,1,1
2.84,6.09,73371,2,1,2,16
3.54,7.76,147866,3,1,2,15
13.47,17.38,154475,0,0,0,1
2.82,4.55,47265,2,0,0,17
4.05,4.93,163944,1,1,2,18
5.06,11.86,68107,0,1,0,4
9.36,20.91,144604,1,0,2,13
7.85,18.74,182605,1,1,1,9
12.46,18.54,11222,3,0,1,18
7.84,12.34,149219,1,1,1,18
13.58,16.34,130369,1,1,1,2
11.12,17.17,179140,1,0,0,14
1.71,3.95,99692,3,0,0,17
1.48,3.26,81623,1,0,1,18
6.6,15.57,39906,1,1,2,6
7.78,12.31,186521,2,1,2,9
17.44,20.62,162262,2,0,1,4
15.97,19.18,102272,2,1,0,5
10.89,16.34,27026,1,1,0,14
5.93,14.15,63936,3,0,1,12
9.67,12.02,138642,2,0,0,4
6.32,15.22,184723,2,1,0,3
8.55,10.65,131998,0,1,2,17
6.27,8.25,107576,0,0,2,10
9.77,19.88,157968,0,1,1,14
12.18,14.36,115225,1,0,2,13
12.52,19.89,56699,1,0,1,18
13.87,18.82,62421,0,0,2,9
11.35,17.91,124546,1,1,0,2
9.63,13.02,41657,0,0,1,19
13.53,24.72,50557,2,0,2,18
10.13,22.64,78266,0,0,1,20
12.68,14.48,72400,2,0,1,18
2.93,4.3,72832,2,1,0,5
11.09,14.05,127211,1,0,1,17
9.98,18.24,177913,2,1,1,19
11.96,17.51,143965,2,1,0,8
5.74,8.74,64658,2,1,1,19
11.65,21.51,47164,0,1,2,8
2.64,4.3,139127,1,1,0,14
13.73,23.29,185706,3,1,1,12
6.89,16.08,129421,0,0,1,9
10.98,19.03,45516,2,1,2,14
4.25,7.62,41194,1,1,1,10
2.47,5.4,22422,1,0,0,12
3.16,5.25,198201,1,1,1,5
3.82,6.88,181920,2,1,2,16
11.17,20.96,151941,0,1,0,9
3.0,5.39,184678,0,1,1,7
8.22,14.75,91363,0,0,2,18
11.01,18.84,168804,3,0,0,16
10.24,20.58,40013,0,0,2,15
14.03,18.26,180548,1,0,0,19
7.55,9.96,135305,3,1,1,5
17.41,20.34,82251,1,0,1,12
10.74,13.61,79782,2,1,0,5
5.26,12.4,18859,2,0,1,11
9.24,12.56,199436,0,0,1,3
4.61,8.01,152448,2,1,0,2
1.44,3.49,71627,0,0,2,17
7.26,16.27,16409,3,1,2,14
9.08,13.31,120437,1,1,2,12
7.08,9.53,37604,1,0,0,5
15.37,19.49,186546,1,0,0,13
7.28,15.25,98713,2,0,2,6
8.26,15.54,195292,0,0,2,12
13.9,22.27,50429,3,0,2,4
8.42,12.67,32910,1,1,0,16
9.67,16.19,59701,2,1,1,14
17.52,23.2,75942,3,0,1,7
3.5,5.18,47826,3,1,1,9
19.72,23.63,190427,1,0,2,20
12.45,17.94,93738,1,0,1,11
10.3,20.48,52857,0,1,0,5
5.5,7.26,39915,1,1,0,6
2.64,5.63,8124,2,1,0,9
5.18,7.26,169634,2,0,0,12
2.87,4.5,98447,3,1,0,5
6.7,15.49,55998,1,0,0,3
10.58,16.7,66063,3,0,0,5
13.17,23.71,199530,3,0,2,12
6.75,16.34,187641,2,1,2,9
5.54,13.39,50304,3,1,2,19
12.39,21.6,78210,0,1,0,2
6.13,7.61,90944,2,1,1,13
5.31,12.8,167805,1,1,1,9
19.55,22.49,79189,0,1,2,20
4.92,5.68,62943,2,0,2,12
8.06,14.34,132033,0,0,2,9
5.31,9.68,16296,1,0,1,17
4.37,9.41,108113,2,1,2,1
4.36,9.34,185826,1,0,0,17
10.4,22.95,43335,0,0,2,12
9.92,21.88,80113,2,1,1,14
16.69,22.68,151733,0,0,1,3
1.99,4.66,27555,2,0,1,1
7.3,14.09,168791,2,1,1,18
2.24,4.15,46971,3,0,1,5
12.49,14.47,43592,1,1,1,1
1.96,3.06,15296,1,0,0,6
12.8,21.44,102850,1,1,0,4
8.49,17.7,195123,0,1,0,13
10.36,11.57,131816,1,1,0,9
14.72,20.17,125018,0,0,0,3
10.56,18.52,52612,2,1,2,16
16.97,20.26,5220,2,0,2,3
1.67,4.02,58880,3,0,1,1
3.23,5.75,140156,0,0,0,14
8.71,20.63,116723,0,1,1,5
3.51,8.45,121690,0,0,1,13
4.54,7.33,151753,1,0,0,11
17.3,22.94,130307,3,0,1,18
8.35,12.62,36965,2,1,1,4
11.57,13.76,99777,0,0,0,15
5.62,7.56,72695,3,1,0,7
12.81,15.68,158414,1,0,2,13
2.68,3.31,188153,1,0,2,20
20.56,23.86,72781,2,0,0,12
11.33,21.26,179785,2,1,1,9
9.98,12.19,159428,3,0,2,10
6.69,11.15,176155,2,0,2,11
7.34,11.47,70983,3,1,0,7
14.66,17.77,94659,2,0,1,4
1.96,4.55,100356,2,0,0,15
5.88,10.93,199091,3,1,2,6
6.65,10.96,15641,1,1,2,3
6.72,12.5,184718,2,1,1,4
10.99,21.94,118191,1,1,1,7
2.84,4.22,28320,1,1,0,13
12.37,23.28,138250,2,0,2,17
6.56,10.11,142119,1,0,0,3
5.09,11.64,95073,2,0,1,2
9.39,18.57,142175,2,0,2,6
10.03,17.45,91030,2,1,2,18
15.7,20.77,147241,0,0,0,14
9.79,17.37,41927,3,1,2,6
5.06,5.84,116298,2,1,2,7
10.11,11.65,184307,1,0,0,14
12.02,24.25,124950,3,1,0,5
16.28,20.89,164047,0,1,0,5
11.51,24.01,124064,3,1,2,3
12.98,16.95,97233,1,0,1,19
3.76,6.31,29602,2,1,2,15
10.32,24.68,97486,0,1,1,14
6.77,10.11,181579,3,1,2,16
7.71,9.91,161054,3,1,0,5
12.32,22.45,143731,3,0,1,16
9.98,19.72,162351,1,0,0,20
4.87,8.83,6024,3,1,1,16
2.49,5.12,151082,1,0,1,5
7.87,13.77,97955,2,0,0,13
6.17,10.85,64045,3,0,0,6
14.12,23.0,111505,1,1,2,15
2.95,6.94,190546,3,1,2,12
6.17,7.57,71763,1,0,0,17
11.13,16.61,199210,0,0,1,5
6.03,7.16,189773,3,1,0,5
16.26,23.22,185527,2,1,2,6
8.54,9.93,180101,1,1,1,9
20.11,24.63,13807,0,1,0,15
12.74,21.35,54699,2,0,1,12
16.98,21.12,152699,3,1,0,14
12.07,16.89,126474,2,1,1,20
10.84,13.16,17309,2,0,0,15
8.02,16.23,62225,1,1,0,19
2.89,3.95,20727,1,0,2,2
12.73,23.5,91692,2,0,0,5
12.71,17.48,126247,0,0,2,3
4.26,7.84,191577,0,0,0,14
7.31,9.53,112693,3,0,1,10
8.01,9.9,22821,0,0,1,14
13.41,17.84,99103,0,0,1,2
3.37,3.92,172920,1,0,0,20
11.93,15.53,108589,0,1,0,15
3.67,6.51,38523,0,0,2,2
13.45,21.46,56894,1,0,1,9
4.25,9.01,79642,0,1,0,19
14.54,21.62,17121,2,1,2,1
4.36,6.14,9231,0,0,2,3
11.49,16.33,48567,3,0,2,14
12.06,22.75,151012,2,1,2,8
15.57,23.27,127640,0,0,1,19
2.3,3.53,119898,0,0,1,1
11.15,16.37,185311,3,1,2,8
10.9,14.12,183854,0,1,1,7
5.28,6.63,129970,2,1,0,7
8.27,12.85,46638,2,0,0,10
10.51,13.29,55446,0,0,1,12
2.39,5.32,97651,2,1,1,8
9.45,11.71,136636,2,0,1,4
19.15,22.67,71799,0,0,2,1
6.27,12.18,27722,0,1,2,10
11.58,22.11,147727,3,1,1,13
9.84,12.26,22856,2,1,2,5
6.74,15.12,5618,1,1,1,1
2.5,5.11,101223,1,1,1,14
4.04,7.76,56078,1,0,0,16
7.34,15.17,25853,1,1,2,2
11.42,23.13,131853,1,1,0,1
11.31,17.59,124668,2,1,2,17
12.57,18.19,177007,2,0,0,20
15.73,23.66,85978,1,1,1,15
6.39,9.88,193424,3,0,2,18
15.38,22.75,185866,1,1,2,19
9.78,22.93,71719,1,1,1,15
14.01,17.11,51850,3,1,0,2
11.13,21.94,191171,3,1,2,9
4.21,7.11,123192,1,1,0,9
3.46,5.46,119465,0,1,0,13
6.25,13.87,11965,2,1,0,8
19.71,24.72,127757,2,1,0,7
3.34,5.11,54493,1,0,0,10
4.77,6.75,15694,3,0,0,20
3.74,9.22,181608,3,1,0,20
2.87,3.6,89502,0,1,2,10
7.53,12.08,133290,2,0,1,11
5.58,13.83,197370,3,0,1,1
18.45,21.28,94061,0,1,0,11
11.05,22.86,120832,2,1,2,5
12.7,15.42,35881,1,1,1,15
2.15,4.98,46327,0,0,0,17
12.43,14.75,24135,3,1,0,8
1.69,3.91,87522,0,1,2,11
7.84,13.14,180189,0,0,2,18
8.53,11.92,56181,1,1,1,3
1.95,3.56,171388,1,1,0,1
20.21,24.93,76925,2,0,1,17
8.41,12.15,23671,1,0,2,6
3.5,5.12,15226,2,0,1,20
19.62,23.5,131660,3,1,2,18
11.44,15.21,70950,1,0,2,14
5.94,12.69,177259,1,0,2,15
11.44,17.18,52863,2,0,2,2
12.27,13.97,125213,1,0,2,4
9.23,22.62,169368,3,0,2,5
5.84,7.3,163971,2,0,1,7
12.4,17.9,70132,0,0,0,16
12.46,16.26,149984,2,1,0,13
6.91,8.48,64178,3,1,0,5
6.3,12.04,55969,3,1,0,17
6.21,11.76,56444,1,1,1,9
13.97,20.59,143458,1,0,1,15
5.37,9.23,74820,0,0,1,19
3.07,4.85,32591,0,0,1,16
4.77,6.67,26247,0,0,1,11
6.17,14.12,101229,3,0,1,13
14.57,17.12,50518,0,0,0,5
7.13,12.7,58555,2,1,1,12
13.78,21.79,21031,0,1,2,13
18.39,21.85,130857,1,0,1,13
5.21,6.77,90008,3,1,1,3
18.94,24.55,67550,2,0,0,8
10.77,24.73,171642,2,0,1,19
4.78,11.56,195157,2,0,1,2
4.2,5.25,43544,2,0,1,1
7.64,12.34,74798,3,1,0,20
2.73,3.05,195617,2,1,1,10
3.44,7.12,130985,2,1,0,19
3.65,4.32,107527,0,0,0,15
11.78,16.61,104805,0,1,0,6
7.61,9.29,77945,0,1,2,18
3.83,7.9,133014,2,0,2,5
5.81,6.73,189714,0,0,2,9
15.56,18.35,60925,1,1,1,5
8.87,13.98,155675,1,0,1,10
9.5,13.32,193715,0,0,2,20
4.14,5.27,6164,3,0,1,3
12.85,22.24,144130,2,0,2,20
11.03,21.8,114876,2,1,1,20
9.58,21.6,49934,0,0,0,10
6.16,11.35,176809,3,0,1,16
5.43,9.45,136520,1,0,1,2
7.49,10.4,77461,2,1,1,13
18.31,23.27,100032,2,0,1,7
12.03,20.87,195512,0,1,0,3
19.26,23.64,149391,2,1,2,10
17.12,20.72,49537,1,0,1,5
4.55,7.6,168623,3,1,0,15
6.48,10.47,14973,0,0,2,4
11.19,23.71,79152,0,0,0,18
9.41,10.5,190379,2,1,1,3
7.19,16.53,114374,2,1,1,15
5.86,14.24,41893,1,0,0,19
9.68,14.6,135594,2,1,2,18
19.34,22.84,163133,1,0,0,8
3.57,4.45,27289,3,1,2,1
2.37,4.35,102964,0,0,2,13
3.09,4.19,52378,1,1,1,7
7.13,14.89,196669,3,0,1,3
11.06,13.97,124979,1,0,1,7
5.41,9.85,96381,3,0,2,8
8.66,16.49,187402,3,1,0,17
9.33,16.73,155522,1,1,0,8
3.6,7.15,26560,0,0,2,13
7.78,13.22,42553,2,0,0,20
5.74,12.68,193036,0,0,1,8
4.71,5.36,115117,1,1,1,15
6.32,12.98,19295,3,0,1,2
4.41,10.59,179770,0,0,1,15
3.21,6.54,148182,3,0,0,17
12.77,17.93,92507,0,0,2,8
13.13,24.97,118392,1,1,0,11
2.23,4.6,102098,2,0,1,12
11.0,13.86,7447,2,0,0,12
13.32,22.65,83973,1,0,0,17
10.62,22.88,199747,3,0,2,10
5.47,13.15,191406,1,0,0,18
2.72,5.33,30623,3,1,2,13
6.6,11.48,75305,1,0,1,18
16.17,18.79,191549,1,0,2,15
9.19,10.45,28674,2,1,1,4
14.43,19.34,33786,2,1,1,9
12.95,15.31,157637,1,1,1,7
6.83,11.96,8709,0,0,0,12
4.43,7.82,158881,1,0,1,18
8.51,14.24,102830,3,1,0,18
18.83,22.88,123239,2,0,2,7
11.11,15.56,138029,1,0,0,5
7.6,10.65,134672,1,1,0,19
9.18,20.9,196830,1,1,0,9
9.44,13.62,111264,3,0,0,16
13.41,19.57,28717,2,0,2,17
15.71,21.41,100111,2,0,0,20
3.58,7.24,113325,2,0,1,15
8.59,11.22,167618,0,1,1,6
8.95,21.44,191105,2,1,0,20
4.77,9.79,142300,0,1,2,16
2.98,5.8,194956,2,1,2,10
7.39,18.19,44648,3,0,2,4
10.52,24.26,178360,1,1,0,7
8.9,14.06,25605,3,0,1,15
8.45,11.65,107834,0,1,2,8
10.5,17.3,46514,0,1,0,18
17.29,24.5,133800,0,1,1,14
5.81,7.81,170921,1,0,2,9
3.61,5.78,185688,2,1,2,10
2.12,4.04,196779,2,1,1,10
3.26,5.77,109337,0,0,0,18
15.72,24.04,67379,3,0,0,1
10.32,15.92,120793,3,0,2,12
7.43,11.98,97287,1,1,2,18
3.92,5.39,153765,3,0,2,8
7.8,15.77,82726,0,0,1,12
4.03,4.69,67315,2,0,0,8
15.31,18.55,157730,0,0,2,19
4.17,6.12,59601,1,1,0,14
9.62,20.16,27796,3,0,0,2
10.32,20.05,180991,2,0,0,3
15.08,17.72,12619,1,1,0,20
13.95,19.68,156477,2,1,1,20
17.2,23.77,57256,0,1,1,15
7.72,12.25,5251,3,0,2,9
11.3,13.79,80235,2,0,0,10
4.37,8.73,123119,3,0,2,10
2.8,3.12,199693,2,1,2,1
17.34,19.61,140655,3,1,1,19
21.72,24.58,40808,2,1,1,14
20.89,24.66,138271,0,0,0,12
9.29,20.15,106215,2,1,0,18
9.91,23.16,181035,2,0,1,18
6.55,12.7,190884,2,1,1,8
5.82,8.1,155401,0,1,0,2
8.65,14.68,155795,1,1,0,2
9.27,10.7,37991,0,0,2,20
3.84,5.28,157810,0,1,2,18
3.6,6.65,156365,0,1,2,11
10.33,19.73,41574,2,0,1,13
2.26,3.8,170873,0,1,1,7
12.18,17.25,152895,1,0,1,20
2.27,3.47,31193,1,1,2,14
16.71,22.2,122366,2,1,2,1
10.28,22.3,128711,3,1,0,15
9.28,21.15,32640,2,0,1,13
7.71,11.93,123572,1,1,0,6
20.6,23.28,144110,0,0,0,19
7.31,14.08,53680,1,1,1,9
6.26,13.75,131399,0,1,1,6
4.55,10.52,126984,0,0,1,10
2.84,5.08,86048,0,0,1,9
18.03,24.4,82901,1,1,2,11
11.95,17.4,163215,3,1,0,7
6.33,9.92,118450,1,1,1,17
7.57,12.41,197945,0,0,2,6
12.2,24.35,147762,3,0,1,20
14.39,18.46,51524,2,1,2,10
11.43,19.42,95204,1,1,1,11
11.43,24.37,99257,2,0,0,1
16.75,22.0,93406,1,1,2,10
1.59,3.17,172729,0,0,0,3
4.19,5.42,142713,1,0,2,8
10.91,13.59,194618,2,1,2,12
6.72,10.58,78166,1,1,2,3
11.08,23.2,165093,0,1,2,14
2.43,6.07,187768,1,1,2,13
3.81,8.52,196979,0,0,1,2
3.12,4.42,146336,1,0,0,12
13.58,22.59,96004,1,1,1,19
3.97,7.2,180043,3,0,2,5
14.87,23.93,99447,2,1,0,3
8.66,20.15,101124,1,0,1,16
13.25,24.13,60135,3,1,0,11
4.53,6.74,99765,0,0,2,2
6.96,11.64,25456,3,0,0,14
11.77,13.32,108319,3,1,2,17
6.49,9.86,17871,2,1,2,8
6.6,12.53,67794,3,1,0,18
9.05,11.54,66569,1,0,1,17
7.54,9.73,81049,0,0,0,10
9.94,22.69,97273,3,0,0,15
8.84,11.42,113677,1,1,1,19
7.24,16.01,172023,0,1,2,7
19.24,22.61,40152,3,0,1,8
8.4,15.01,80468,1,1,1,5
3.62,4.23,51582,1,1,1,9
12.19,19.34,8666,3,1,2,12
5.87,11.25,49284,0,0,1,4
2.89,5.07,146790,1,0,0,6
7.53,13.01,88044,1,0,2,12
4.22,6.45,52160,3,1,0,15
9.18,15.9,183275,2,1,0,4
5.88,12.18,117751,0,0,2,15
13.33,24.71,40617,3,0,0,13
6.54,8.44,185354,3,0,1,19
9.32,11.74,44835,1,0,0,1
7.85,13.6,108018,0,0,2,13
3.05,3.42,63920,2,1,1,4
9.82,12.05,69432,3,1,1,3
17.02,19.59,76403,2,0,2,19
14.52,21.4,35911,2,1,0,20
8.69,16.51,131694,2,1,2,19
11.64,13.38,131989,3,0,1,18
10.87,14.61,137153,2,0,0,8
6.62,9.46,77911,2,0,0,5
5.0,11.66,196263,2,1,0,13
6.12,15.28,147404,1,0,0,20
12.77,17.92,158519,0,1,1,3
7.09,11.85,40843,2,0,0,17
10.67,12.21,80935,1,0,0,7
8.4,13.34,23218,0,1,1,8
6.56,13.72,75158,1,1,0,13
10.29,19.78,98820,1,1,2,1
12.06,24.6,54337,2,0,2,3
3.58,5.05,71573,2,0,1,20
13.99,19.01,57875,2,0,2,12
2.44,3.88,114316,0,0,1,1
6.99,13.54,123153,3,1,2,2
1.74,3.47,128244,3,1,1,12
16.37,18.53,135262,2,1,0,17
17.51,21.82,47348,2,1,2,5
16.63,23.96,156040,0,1,0,7
3.88,8.44,23387,0,0,1,7
13.36,23.7,105934,1,1,2,17
5.19,6.66,133593,0,0,2,17
1.82,4.41,110993,0,0,2,2
9.99,20.12,101445,3,1,1,3
4.19,7.47,143834,2,1,1,7
10.27,12.57,168120,3,0,0,17
2.3,4.3,197475,0,1,0,20
8.52,20.03,37253,0,0,2,13
4.3,6.5,112773,1,0,0,5
12.45,23.33,199678,2,0,0,6
10.94,13.57,56093,0,0,2,1
11.61,14.19,125964,2,1,2,9
5.51,7.13,158870,0,0,2,10
7.37,13.11,151340,3,0,1,5
7.93,18.41,72419,0,1,0,13
3.42,5.66,31110,2,0,0,11
12.43,20.08,5156,2,1,1,5
3.11,7.69,90405,1,1,2,7
12.68,23.17,185238,3,0,1,1
4.93,5.98,49027,3,0,1,8
17.23,23.92,108878,3,0,1,13
12.77,22.49,38059,0,0,2,12
18.21,24.58,16744,3,1,1,15
2.22,3.72,53439,1,1,2,9
11.37,22.16,128539,1,0,1,1
6.83,12.58,89665,0,1,1,6
7.68,16.8,175899,0,0,0,15
18.38,23.79,136223,2,0,2,15
3.44,8.27,141129,2,1,0,18
9.38,11.32,121282,2,0,1,13
3.31,5.93,33891,2,0,2,9
14.32,24.6,7201,0,0,2,9
12.29,22.57,74975,1,0,2,5
16.01,23.52,88352,1,1,1,15
2.57,3.55,105368,0,0,0,7
17.24,20.61,158977,0,1,1,5
4.33,8.51,92706,2,0,1,4
10.77,14.66,10215,2,1,0,10
18.47,23.63,114281,0,1,1,14
18.57,23.65,118123,1,1,2,16
9.59,22.86,122873,3,1,1,12
12.58,18.2,48993,3,1,2,4
11.75,22.35,177568,0,1,1,1
2.84,5.42,162672,3,1,1,4
2.09,3.92,36650,1,1,1,4
6.92,15.16,199268,0,1,1,19
11.61,18.85,177304,3,1,0,4
3.12,5.14,188934,2,1,2,18
5.58,6.54,81182,2,1,2,18
4.79,6.28,184679,1,1,0,17
14.93,21.0,75117,0,1,0,6
1.47,3.1,156709,1,0,2,8
6.42,11.13,185053,2,0,1,7
6.95,16.9,60333,0,0,0,4
8.47,15.54,108833,2,0,0,4
8.65,11.48,194821,0,1,0,4
3.15,3.51,43731,2,0,0,13
8.88,12.09,62034,0,0,1,15
9.76,14.97,36082,0,1,1,10
7.71,14.4,101729,1,0,2,19
16.26,23.41,37763,2,0,1,3
5.36,7.32,102112,2,0,1,1
4.05,6.05,113610,1,0,0,15
4.03,5.7,58965,0,0,2,12
5.54,6.54,40180,3,0,0,19
6.71,12.25,152856,1,0,1,20
5.8,7.91,100618,3,1,2,6
1.81,3.67,61875,3,0,1,18
10.4,17.02,116293,0,0,2,2
16.86,19.53,191759,3,1,2,16
10.95,14.2,69723,1,1,0,13
8.18,12.83,191533,0,1,2,3
3.1,6.13,90066,1,0,0,11
14.35,22.47,134116,2,0,1,9
8.61,17.84,17557,0,1,0,6
13.09,14.58,118239,2,1,2,11
12.02,18.65,145045,0,1,2,8
9.39,13.17,185371,1,0,1,11
2.91,4.23,105484,1,1,0,5
3.5,6.3,88160,2,0,1,19
12.59,17.19,142714,2,0,2,6
12.5,22.21,155520,0,1,0,18
5.05,10.38,119878,3,0,1,3
8.48,13.88,154670,1,0,1,14
17.57,23.76,134358,3,1,0,2
2.87,3.97,193245,3,0,0,20
12.75,20.97,180061,2,0,0,4
7.84,13.75,158661,3,0,0,10
7.05,17.6,7076,0,1,1,20
14.51,17.5,131817,2,0,2,15
8.3,16.62,140338,0,0,0,16
7.48,13.22,199757,1,1,0,2
5.12,8.1,118251,2,0,0,10
13.58,22.87,39099,2,1,0,12
2.32,3.2,190823,3,1,1,18
3.32,4.65,184758,3,1,2,5
13.24,16.12,131188,2,0,2,2
8.46,13.44,28619,0,0,1,12
11.09,14.01,69220,1,0,0,7
13.75,23.47,155161,0,0,2,8
10.53,13.77,88932,3,0,0,8
12.66,18.15,176038,2,0,2,4
3.13,7.04,104320,1,1,0,18
6.63,11.69,120709,0,1,2,2
3.6,4.4,163637,2,1,0,10
5.61,7.42,43035,3,1,1,8
2.68,4.24,138802,0,1,0,12
16.59,19.83,56225,1,0,0,9
18.22,23.28,47778,0,0,1,5
10.64,18.33,92723,3,1,0,5
16.37,23.24,105710,3,0,2,2
2.85,7.03,130372,1,1,0,3
5.77,11.6,154927,2,1,0,16
10.33,12.56,147874,3,0,1,13
12.84,18.25,199471,0,0,0,18
8.36,10.77,113442,2,0,2,2
4.81,6.44,62701,1,0,2,1
11.01,22.13,119603,1,1,0,20
19.77,23.91,147388,2,0,2,9
7.77,10.72,161926,2,0,2,14
11.57,21.71,135767,0,1,1,11
10.26,22.73,69327,3,1,2,16
2.61,4.08,146516,0,1,2,3
6.07,14.94,175527,3,1,2,10
14.52,22.57,115222,0,0,1,3
10.61,15.94,122056,2,1,1,18
6.02,11.55,91637,1,0,1,11
17.17,19.36,112065,2,1,2,12
15.13,23.24,49634,3,1,0,7
9.22,13.67,59194,1,0,0,14
16.94,24.2,35226,0,0,1,10
13.91,19.53,11926,2,1,1,16
14.94,23.89,132614,2,0,2,9
10.12,16.34,29414,2,0,1,17
5.43,7.51,120663,0,0,2,9
15.35,18.03,95794,2,1,0,1
7.86,14.77,73798,2,0,0,1
6.42,10.04,93853,2,0,0,2
8.04,17.08,25803,0,0,1,6
18.11,22.85,24059,3,0,1,8
10.73,16.04,180325,1,1,2,5
16.11,23.2,89852,0,1,1,20
6.61,11.36,149317,0,1,1,13
14.12,23.36,81139,3,1,2,11
6.64,8.43,19503,0,1,1,13
15.74,22.29,101581,0,0,0,14
3.26,7.09,189529,3,0,2,4
12.28,16.92,137185,1,1,1,10
7.32,8.45,159137,1,0,1,7
2.62,3.6,135945,0,1,0,7
6.65,9.1,100367,1,1,2,11
15.65,18.1,9513,1,1,1,20
2.99,6.25,140474,2,1,1,9
7.45,9.69,25554,2,1,1,1
6.78,10.03,158106,1,0,2,6
14.89,18.77,159746,2,0,0,18
8.02,10.25,87686,3,1,2,5
6.67,10.45,169274,1,1,1,8
8.82,10.68,54776,2,1,0,20
8.77,14.76,88249,2,1,1,16
14.75,23.61,63823,1,0,2,4
3.45,6.75,27143,2,1,1,2
9.06,15.46,143721,3,0,2,14
5.91,7.49,116424,3,0,0,4
8.4,14.79,116559,3,0,1,14
16.99,24.91,96723,1,0,0,9
7.35,10.01,172458,2,0,0,20
2.87,3.86,91038,3,0,1,11
7.34,12.85,60372,0,0,2,4
1.92,4.02,10578,3,1,1,16
17.81,20.36,197713,1,0,1,19
8.91,14.51,36164,3,0,2,20
12.54,24.32,28417,3,0,2,8
3.34,3.99,15860,0,1,2,9
11.35,15.92,39110,2,0,1,3
10.61,20.37,168529,0,1,2,1
4.6,7.65,62025,1,0,1,8
8.96,19.97,199982,1,0,0,10
10.91,22.17,180081,2,1,2,11
2.88,3.77,15650,0,1,1,1
17.66,22.09,147536,2,0,0,3
1.9,3.23,155825,3,1,0,11
13.75,21.14,159661,2,1,0,5
5.42,8.06,169287,3,1,1,20
2.94,5.23,71160,2,0,1,19
2.78,5.46,96535,1,0,2,13
10.17,12.95,50145,0,0,1,4
4.73,11.0,150587,2,0,0,12
3.91,4.97,93303,2,0,0,13
12.58,23.63,26623,2,0,1,8
16.96,21.66,73810,1,0,1,19
13.87,18.01,136131,2,0,1,9
14.0,17.52,155302,1,1,1,18
6.61,14.13,117347,1,0,0,1
8.93,11.63,90265,1,0,0,1
4.23,9.19,182176,0,1,0,5
10.52,18.26,54895,1,0,1,7
2.31,4.9,56762,1,1,2,8
13.72,23.65,185336,3,0,0,12
11.39,20.0,131154,2,0,2,9
9.47,23.3,187746,2,1,1,4
5.61,7.52,13550,1,1,2,14
3.03,6.33,128171,1,0,0,13
7.89,12.84,194006,2,1,2,6
17.49,19.77,145883,0,0,1,11
8.23,16.43,24116,0,1,2,1
9.06,12.0,73323,3,1,1,8
14.8,22.75,174388,3,1,1,7
18.01,22.84,191447,2,1,1,17
6.54,9.65,59361,1,1,0,13
17.85,20.5,179259,3,0,1,10
7.13,14.89,7970,1,1,2,12
10.78,14.02,186698,0,1,0,13
7.68,9.07,180151,2,0,1,9
7.24,8.72,27698,3,0,1,13
7.25,14.0,53064,0,0,1,20
20.48,23.91,112583,1,0,2,19
2.67,5.9,93313,1,1,0,1
1.83,3.95,114002,0,1,1,10
13.99,21.58,157550,2,1,0,5
18.01,24.97,130203,2,0,1,2
14.97,24.57,61209,2,1,1,19
8.1,12.74,64253,3,1,1,19
11.16,15.73,56120,1,1,1,14
4.42,6.9,15371,0,0,2,8
16.12,22.64,122672,1,1,0,10
6.78,8.03,35724,1,1,0,6
6.33,12.98,182996,0,1,1,2
9.31,17.76,182201,2,0,0,2
11.22,14.13,110334,0,1,0,18
10.18,20.91,155467,2,0,1,5
13.67,21.39,68486,0,1,1,1
9.68,14.97,146469,3,0,0,10
7.8,15.78,196822,1,1,0,1
16.13,24.81,190234,1,1,0,9
10.87,17.81,157223,3,1,1,9
2.72,3.68,167027,0,1,1,8
10.55,24.7,105458,1,0,2,15
3.52,5.87,106273,1,0,0,12
3.64,4.15,149109,3,1,1,11
12.76,18.2,36739,0,0,2,18
2.82,4.02,33871,0,1,2,12
1.89,3.12,92219,1,1,1,20
4.89,11.03,101752,1,1,1,13
3.93,8.28,12374,2,1,0,17
7.41,12.11,199639,0,1,1,8
5.59,12.69,80379,3,0,0,6
4.84,10.42,44625,2,1,1,5
8.68,9.95,126789,3,1,0,17
20.29,24.36,88164,3,0,0,5
4.17,5.55,81745,0,0,1,12
6.74,7.77,181369,3,0,0,6
16.76,22.61,5143,0,0,2,2
11.51,14.94,129672,1,1,0,19
19.8,23.53,110727,2,0,0,18
7.91,17.31,14639,2,1,0,14
7.5,16.89,175387,3,0,1,4
6.02,11.37,115596,3,0,1,2
8.65,20.19,194477,1,1,0,16
11.86,22.14,58942,0,1,1,7
7.28,9.98,81452,1,1,0,5
17.29,23.95,21370,1,1,1,13
4.49,8.76,19369,0,0,2,4
5.04,8.24,185733,1,0,1,16
6.76,8.66,54368,3,0,2,7
2.53,3.21,13842,3,1,1,10
17.32,23.49,173259,1,1,1,17
6.84,16.17,184291,2,0,2,3
3.35,4.18,151126,1,0,0,8
12.19,16.95,77957,0,1,0,10
16.47,18.45,102286,2,0,2,12
2.31,3.76,179287,1,1,0,5
8.71,20.53,88825,1,1,0,5
8.62,14.4,167890,2,1,2,17
4.47,10.89,153022,3,0,2,1
7.49,14.05,144103,2,1,1,16
13.56,19.3,163949,0,0,2,14
4.15,4.99,95788,2,0,2,17
3.21,3.57,144654,2,1,0,1
15.2,24.12,35867,0,1,0,16
4.09,8.31,26315,2,1,1,14
17.26,21.14,190714,0,1,1,20
8.32,18.16,188318,3,0,0,15
8.58,17.36,134646,0,1,2,5
18.77,21.98,52159,0,1,2,5
4.93,7.07,120156,0,0,2,12
9.82,13.02,166903,1,1,2,4
18.23,24.92,40636,1,0,1,10
11.06,13.82,164329,1,0,2,3
9.52,13.75,125673,1,1,1,15
2.57,5.81,43951,3,1,0,18
2.63,4.12,12702,0,1,1,14
21.44,24.44,78117,3,1,0,8
5.96,6.99,49597,2,0,2,16
2.96,4.3,193622,3,0,0,5
20.51,24.45,152287,1,1,0,4
14.63,23.9,34256,1,0,2,13
12.88,14.35,166813,1,1,1,19
14.44,16.74,24533,0,1,2,17
3.96,7.34,172234,1,1,0,20
6.72,12.8,180936,2,0,1,14
8.11,9.79,120244,3,1,1,10
11.41,17.3,138091,0,1,2,10
12.07,17.69,51975,0,1,2,20
6.38,9.17,131155,1,0,2,3
7.01,7.82,23389,0,0,0,9
15.22,19.36,121981,2,0,0,14
3.42,7.69,66060,3,1,0,8
5.26,10.31,199920,1,1,2,2
15.97,21.5,72012,2,1,1,17
12.88,20.03,61337,3,1,2,20
5.11,6.02,18328,0,1,1,2
10.19,20.74,107538,2,1,1,16
7.99,15.3,130352,0,0,1,7
6.45,15.66,163834,2,1,0,16
17.85,20.92,46656,0,1,0,20
10.26,18.3,188950,3,0,1,10
7.84,12.58,189560,3,0,1,10
1.98,3.74,87468,3,0,1,15
8.32,20.55,78559,3,0,2,5
15.81,20.58,162658,3,1,0,5
12.14,22.01,25562,0,0,2,12
2.81,3.42,23916,2,0,2,5
1.27,3.12,17851,3,0,2,12
4.53,8.61,99053,2,0,2,7
10.1,20.81,97014,3,1,1,3
7.68,12.35,87904,3,1,2,8
7.14,16.25,198587,3,1,1,5
4.04,6.89,177458,3,0,2,9
5.57,9.78,33534,2,0,1,20
9.08,16.9,184244,2,1,2,18
14.35,18.2,64952,1,0,1,19
2.36,4.27,99954,3,0,1,5
6.15,11.35,114948,1,0,0,12
6.79,8.01,138297,3,0,2,3
6.65,8.98,184004,1,0,2,16
16.12,18.79,74770,0,1,2,18
6.05,11.46,147715,1,0,2,11
10.02,13.88,9793,1,0,2,4
10.09,12.2,71753,1,1,1,5
5.2,9.03,43801,3,1,1,13
13.48,21.63,154854,2,0,1,16
13.81,19.58,186422,3,0,0,8
12.25,21.45,38077,1,0,1,8
9.26,13.92,9062,2,0,2,2
2.95,3.58,103243,1,0,0,17
13.94,21.83,121741,3,1,1,11
18.85,21.61,127701,1,1,2,6
5.77,10.92,78950,3,0,1,18
5.66,11.14,170132,0,0,1,16
11.85,18.61,176572,1,0,2,10
18.38,24.37,5845,3,1,0,12
4.15,6.53,197343,1,0,2,6
11.55,17.79,150833,0,0,1,10
6.57,8.16,116062,3,0,1,20
6.35,8.81,50214,0,0,0,11
19.68,24.13,163114,2,1,1,19
16.4,22.15,127430,1,0,0,5
22.31,24.86,152915,3,1,2,7
13.07,15.8,10690,1,1,1,7
2.26,5.18,163974,2,0,2,19
3.91,6.12,19017,3,1,0,4
8.65,21.15,156916,2,1,0,11
7.62,15.63,192723,0,1,0,7
10.26,17.8,172433,3,1,2,8
5.14,12.25,73902,3,0,2,11
6.11,8.79,98645,3,1,0,17
13.79,15.38,20613,2,0,2,13
5.89,8.58,61844,1,0,1,2
14.64,22.51,143910,1,0,0,11
13.26,16.81,170129,1,1,1,11
16.24,20.39,184249,1,0,0,5
2.32,4.02,91509,2,1,1,9
11.71,17.86,189274,1,0,2,11
12.24,15.96,68069,0,1,2,5
8.2,12.73,137756,2,1,0,7
2.56,3.4,104457,2,0,0,11
3.35,5.21,88032,3,1,1,11
7.47,8.81,189645,3,1,2,20
4.45,8.49,185479,1,0,1,12
16.55,23.31,81311,0,1,0,4
6.48,7.61,59794,3,0,2,2
9.15,11.13,121108,1,1,2,11
8.19,18.93,192649,0,1,1,19
9.72,12.13,12279,3,1,2,9
3.98,7.69,60856,2,1,0,6
11.97,17.53,80870,1,1,0,17
2.03,3.34,5022,2,0,2,12
5.28,12.38,110607,3,1,1,2
15.37,18.88,77547,3,1,1,3
3.22,4.16,87793,3,0,0,10
10.75,13.6,162397,2,0,1,16
18.53,21.64,72284,2,0,1,19
1.54,3.18,76660,2,1,1,9
17.23,22.29,178781,2,0,1,2
14.74,22.36,198653,2,1,1,12
9.04,15.28,30463,3,0,2,3
4.54,10.79,133479,2,0,1,10
4.78,8.78,197445,0,0,0,19
5.67,13.86,169929,3,1,0,8
13.01,21.02,64593,2,0,2,10
9.4,22.31,121456,0,0,2,12
9.66,17.64,35513,2,1,1,2
1.74,3.97,145214,1,0,2,20
4.46,6.39,64147,2,1,2,5
8.23,9.88,36850,0,1,1,19
2.7,3.31,185305,0,1,0,7
12.12,23.08,150122,0,0,1,6
3.23,5.26,168874,2,0,1,7
4.14,5.89,29206,1,0,2,5
7.62,8.7,7797,1,0,0,17
17.03,23.95,100300,1,0,1,6
17.18,20.27,19256,3,1,1,12
12.74,15.85,75151,2,1,0,2
8.41,10.53,111169,1,1,2,15
9.18,21.91,146483,2,1,1,20
13.66,18.79,197734,2,1,1,15
7.53,16.62,168249,2,0,0,10
16.51,18.52,44760,0,1,1,7
3.09,5.92,99305,2,1,0,19
5.24,6.26,90518,3,0,2,1
2.31,3.4,120131,1,1,2,12
14.37,16.99,80368,3,0,1,14
8.09,14.88,140076,1,1,1,10
3.51,4.36,188910,3,1,1,7
8.07,15.44,184107,3,0,1,12
19.98,24.51,171580,1,0,1,1
3.84,5.78,176665,1,0,1,20
2.21,5.5,54302,0,1,2,9
20.08,23.41,90923,0,1,2,3
10.85,20.05,147066,0,0,0,4
5.24,6.62,90328,1,0,0,4
1.55,3.29,186788,0,0,1,15
2.67,5.58,91370,3,0,2,19
5.46,13.43,95577,3,1,2,4
2.86,4.93,11425,0,1,0,12
11.94,13.84,170661,0,0,1,20
8.27,16.28,60794,2,1,1,2
8.3,15.58,158069,2,1,2,3
14.72,17.84,51705,3,1,1,16
4.57,7.37,16892,0,1,1,7
11.62,16.41,82877,0,1,1,14
9.68,15.73,54726,2,1,0,8
17.03,22.82,87606,0,0,2,11
7.68,11.1,147357,0,1,2,17
9.96,14.75,166839,2,1,2,17
3.15,5.83,7053,1,1,0,19
6.47,11.5,43056,1,1,1,2
1.84,3.53,86352,2,0,2,20
9.64,13.28,135978,3,0,1,11
11.66,19.14,163852,1,1,1,5
12.1,24.36,132279,1,1,0,14
9.25,13.13,29475,1,0,1,2
9.81,16.88,127345,2,1,0,19
11.86,14.15,168926,1,0,2,2
6.13,14.12,175438,2,1,1,15
16.13,21.78,137172,3,0,2,8
5.76,9.85,47842,0,0,2,19
9.08,12.29,24681,1,0,0,20
14.71,16.41,124626,3,1,0,1
2.33,4.37,60608,0,0,2,3
13.19,15.12,16672,1,0,1,6
9.35,14.86,186416,2,1,0,10
3.38,4.55,137213,2,0,0,14
19.6,23.28,163817,0,1,2,10
15.56,18.95,7258,2,0,2,5
7.71,12.65,38219,2,0,0,13
13.06,20.3,88894,1,1,2,10
8.19,9.24,48801,2,0,0,18
7.3,13.57,162886,1,1,1,12
4.95,6.5,64252,0,0,1,3
3.01,3.7,85978,0,0,0,16
5.64,10.31,122708,1,0,2,17
15.41,21.53,94900,0,1,1,10
9.24,15.37,115601,1,0,0,10
15.66,24.62,115106,3,1,0,16
11.19,24.76,73100,1,1,2,10
9.05,17.76,142786,1,0,0,7
6.65,10.88,71292,2,0,1,16
2.6,4.33,99477,0,0,0,18
13.06,17.34,25762,1,1,1,5
12.15,16.79,6066,3,1,1,13
15.77,21.96,107330,2,0,2,7
6.23,15.46,26911,3,0,1,19
12.66,22.21,85977,1,1,0,2
18.59,22.47,75455,2,1,0,5
3.25,6.98,192192,2,1,1,10
5.8,6.47,112915,2,1,2,14
3.18,4.3,144516,3,0,0,6
7.1,17.72,71277,0,1,1,14
6.17,6.88,125162,1,0,2,12
7.7,10.45,117998,3,1,1,7
18.6,22.55,181137,3,1,0,5
9.42,11.23,155212,2,0,2,4
9.45,13.86,87949,3,1,2,3
19.74,22.4,47900,1,1,0,9
17.82,23.32,76769,1,0,1,8
4.87,9.49,80305,0,0,2,12
17.82,23.87,135780,3,0,1,7
6.85,8.76,171843,2,1,2,16
3.18,5.26,7666,3,0,2,11
6.65,9.41,50545,1,0,2,11
3.83,5.88,38731,0,0,0,12
4.03,9.25,160225,0,1,1,15
10.3,19.35,64924,2,1,2,4
13.51,24.87,63446,0,0,2,16
8.69,14.31,10271,3,0,2,20
5.53,8.25,122912,0,0,0,11
2.81,6.43,47870,3,0,1,17
