Car_Name,Year,Selling_Price,Present_Price,Kms_Driven,Fuel_Type,Seller_Type,Transmission,Owner
Creta,2008,1.85,3.55,77097,Petrol,Dealer,Automatic,0
Swift,2005,3.3,5.06,65990,Diesel,Individual,Manual,1
Creta,2023,7.11,9.12,6703,Electric,Individual,Automatic,0
Fortuner,2011,10.85,24.06,93236,Petrol,Individual,Automatic,2
Baleno,2013,13.07,20.76,196294,Electric,Dealer,Automatic,2
Baleno,2024,15.48,22.48,99800,Petrol,Dealer,Automatic,0
i20,2012,11.89,22.06,104647,Diesel,Individual,Automatic,0
WagonR,2013,13.35,18.44,184187,Diesel,Dealer,Manual,1
City,2017,6.65,8.94,172772,CNG,Dealer,Manual,0
WagonR,2015,5.98,11.83,22350,CNG,Dealer,Automatic,1
Ertiga,2019,3.21,6.14,41603,CNG,Individual,Automatic,1
Baleno,2012,16.33,24.94,41262,Petrol,Dealer,Manual,2
Fortuner,2010,14.26,20.43,115666,Electric,Individual,Automatic,2
Ertiga,2005,13.31,17.97,35029,CNG,Individual,Manual,1
Verna,2018,5.68,6.48,5850,Diesel,Dealer,Automatic,2
Creta,2021,9.63,16.4,45065,Petrol,Individual,Automatic,0
City,2008,12.18,23.44,85612,Petrol,Dealer,Automatic,0
Ertiga,2022,14.49,19.85,38657,Diesel,Individual,Automatic,0
Verna,2022,9.82,19.62,185844,Electric,Individual,Automatic,2
Swift,2019,2.45,5.66,63903,Diesel,Dealer,Manual,0
Baleno,2006,6.67,8.04,13234,Diesel,Individual,Automatic,0
City,2022,4.07,5.91,154695,Electric,Individual,Manual,0
Innova,2008,10.71,17.5,97876,Petrol,Dealer,Manual,1
City,2015,10.81,20.61,33644,Electric,Dealer,Automatic,0
Ertiga,2013,8.19,13.18,24761,Petrol,Dealer,Manual,0
Fortuner,2012,4.27,6.66,132307,Petrol,Dealer,Automatic,0
Ertiga,2017,4.79,8.83,124277,Electric,Dealer,Manual,1
Swift,2011,18.67,24.31,156828,CNG,Dealer,Manual,2
Ertiga,2020,6.73,14.06,144231,Petrol,Dealer,Manual,2
WagonR,2007,10.74,17.85,66657,Diesel,Dealer,Manual,1
City,2023,13.38,15.43,87934,CNG,Dealer,Automatic,1
Baleno,2009,11.18,17.78,83642,Petrol,Individual,Manual,0
i20,2022,3.59,7.69,74520,Petrol,Dealer,Automatic,1
WagonR,2010,9.5,12.64,147401,Petrol,Individual,Manual,0
Creta,2013,4.27,5.54,33058,CNG,Individual,Manual,2
Ertiga,2015,6.18,7.48,171261,Electric,Individual,Manual,0
Creta,2018,8.54,21.25,16557,CNG,Dealer,Automatic,2
Creta,2018,6.71,15.34,34327,Petrol,Individual,Manual,1
Swift,2009,3.33,3.92,100591,CNG,Dealer,Manual,2
Fortuner,2008,9.08,10.78,151770,Diesel,Dealer,Manual,0
Fortuner,2018,3.06,3.55,198085,Diesel,Individual,Manual,2
City,2008,9.47,11.42,15151,Diesel,Individual,Automatic,1
i20,2012,3.92,7.9,178023,CNG,Dealer,Automatic,1
Swift,2021,6.67,11.79,145565,Petrol,Individual,Manual,2
i20,2013,2.37,3.84,161387,Electric,Dealer,Automatic,2
Ertiga,2011,5.32,8.6,190803,Diesel,Individual,Automatic,0
Verna,2015,13.77,16.71,178903,CNG,Individual,Automatic,1
Fortuner,2014,9.28,15.2,55289,Diesel,Individual,Automatic,2
WagonR,2005,5.96,9.69,60098,CNG,Individual,Automatic,1
Baleno,2011,6.91,14.25,197927,CNG,Individual,Manual,0
Swift,2014,3.76,7.94,57200,Diesel,Individual,Manual,1
Fortuner,2018,11.19,22.5,155908,Electric,Individual,Manual,0
City,2005,17.87,22.64,32941,Diesel,Individual,Manual,2
Innova,2012,14.56,23.18,36813,CNG,Individual,Automatic,2
Innova,2019,18.89,22.74,199944,CNG,Dealer,Automatic,2
Verna,2020,10.41,16.79,76984,Diesel,Individual,Automatic,1
Creta,2022,2.46,4.77,44539,Diesel,Dealer,Automatic,1
Fortuner,2015,6.44,14.94,113992,Electric,Dealer,Automatic,1
Fortuner,2005,18.44,23.74,83279,Diesel,Individual,Manual,1
Fortuner,2018,7.77,13.68,106936,Diesel,Individual,Manual,2
Swift,2022,2.5,3.59,108290,Petrol,Individual,Manual,1
Innova,2010,2.32,4.11,104379,CNG,Individual,Automatic,1
Ertiga,2018,5.43,8.55,26471,Petrol,Individual,Manual,2
Swift,2007,8.48,20.19,175853,Diesel,Dealer,Manual,2
WagonR,2009,6.06,8.25,129141,Diesel,Individual,Automatic,1
Creta,2010,7.47,16.33,193313,CNG,Dealer,Manual,1
City,2023,10.71,17.9,103384,Petrol,Dealer,Manual,2
WagonR,2014,17.43,21.71,162394,Petrol,Individual,Automatic,2
Fortuner,2016,2.58,4.52,174749,Electric,Dealer,Automatic,1
Ertiga,2019,9.06,18.56,119160,CNG,Individual,Automatic,1
Baleno,2023,7.26,8.9,69355,CNG,Individual,Manual,1
Innova,2023,9.34,16.43,104349,CNG,Dealer,Automatic,0
WagonR,2016,11.09,20.55,94217,CNG,Dealer,Manual,0
City,2012,12.77,18.84,133077,Electric,Individual,Automatic,0
Verna,2007,7.06,9.47,111011,CNG,Individual,Automatic,1
Verna,2022,6.44,10.28,189249,CNG,Dealer,Manual,2
Creta,2011,6.64,9.94,199741,Diesel,Dealer,Automatic,1
Baleno,2023,17.1,24.49,142530,Diesel,Individual,Manual,1
Verna,2010,6.44,9.65,190602,Petrol,Dealer,Automatic,2
Swift,2009,7.69,17.03,133680,CNG,Individual,Automatic,1
Innova,2015,3.72,7.06,18468,Petrol,Dealer,Automatic,1
Creta,2007,6.7,15.69,184949,CNG,Dealer,Manual,0
WagonR,2022,13.84,19.82,163942,Diesel,Individual,Automatic,1
WagonR,2014,12.11,21.92,117415,Petrol,Dealer,Manual,2
Creta,2011,4.22,8.82,26282,Petrol,Dealer,Manual,1
City,2019,9.91,18.17,128184,CNG,Individual,Automatic,0
City,2012,16.21,23.33,168855,Electric,Dealer,Manual,2
Creta,2009,10.02,22.99,42286,CNG,Individual,Automatic,0
Verna,2019,10.91,18.15,188430,Electric,Individual,Manual,2
Verna,2006,12.67,22.57,197553,Petrol,Dealer,Manual,2
Verna,2023,14.32,15.92,10438,Petrol,Dealer,Automatic,2
Fortuner,2019,20.8,23.15,52576,Electric,Dealer,Automatic,1
Creta,2018,4.67,10.33,180671,CNG,Individual,Automatic,1
Baleno,2017,8.74,20.9,149204,CNG,Individual,Automatic,0
Ertiga,2017,16.06,22.03,5301,Electric,Individual,Manual,0
Swift,2021,7.81,10.96,135676,Diesel,Individual,Manual,1
WagonR,2019,10.31,22.38,132064,Diesel,Dealer,Automatic,2
Baleno,2005,7.76,15.15,29434,Electric,Dealer,Manual,1
Innova,2014,8.63,14.2,76676,Electric,Dealer,Automatic,2
Creta,2009,7.48,11.44,162123,Petrol,Individual,Automatic,1
Verna,2021,4.81,8.88,5672,Electric,Dealer,Automatic,2
Fortuner,2020,8.28,10.59,149681,Electric,Individual,Manual,2
Fortuner,2012,12.9,15.58,66226,Petrol,Individual,Automatic,2
Creta,2017,9.15,11.49,178982,Electric,Dealer,Manual,2
Innova,2023,8.62,10.3,31309,Petrol,Individual,Manual,2
Baleno,2009,10.64,12.02,176646,Electric,Individual,Automatic,2
Ertiga,2017,14.29,17.3,91131,Electric,Individual,Automatic,2
Verna,2006,11.86,16.58,66543,Diesel,Dealer,Automatic,0
Swift,2008,7.01,12.76,186928,Petrol,Individual,Manual,1
Fortuner,2016,5.87,11.25,43160,Diesel,Dealer,Manual,0
Innova,2024,16.43,22.16,167453,Diesel,Dealer,Automatic,2
Innova,2013,5.31,13.11,179808,CNG,Dealer,Manual,1
Fortuner,2016,17.79,24.73,83421,CNG,Individual,Automatic,0
WagonR,2017,11.29,21.77,32958,CNG,Individual,Automatic,0
Swift,2017,7.53,9.04,153354,Electric,Individual,Manual,2
Creta,2016,5.56,7.82,54841,Petrol,Dealer,Automatic,1
Verna,2006,7.33,15.75,196983,CNG,Individual,Manual,0
Verna,2009,13.51,20.3,100907,Diesel,Individual,Automatic,1
Creta,2015,18.24,20.69,127770,Diesel,Individual,Automatic,0
i20,2017,1.53,3.31,145659,CNG,Individual,Automatic,0
Ertiga,2012,11.26,13.37,167410,CNG,Dealer,Manual,2
Baleno,2019,16.67,23.01,84217,Diesel,Dealer,Manual,1
Creta,2020,4.68,5.55,66551,Electric,Individual,Automatic,2
Fortuner,2022,9.33,12.22,199581,Petrol,Individual,Automatic,1
City,2006,11.31,18.19,61955,CNG,Dealer,Automatic,2
Baleno,2016,2.14,4.33,77320,Electric,Dealer,Manual,2
City,2024,19.33,24.36,18258,Diesel,Dealer,Manual,2
Creta,2011,8.97,15.9,66079,Petrol,Individual,Manual,0
Swift,2022,3.87,8.51,50743,Diesel,Dealer,Automatic,0
Creta,2023,5.39,10.12,50677,Electric,Dealer,Manual,1
Innova,2019,14.02,20.12,139542,Diesel,Dealer,Automatic,1
Fortuner,2005,3.57,4.34,130562,Petrol,Individual,Automatic,0
Verna,2007,4.37,10.09,43884,CNG,Individual,Automatic,1
Baleno,2021,13.0,16.32,30999,Diesel,Individual,Automatic,0
Baleno,2018,6.27,10.46,123882,CNG,Individual,Automatic,2
Innova,2013,8.35,11.23,45013,Petrol,Dealer,Manual,0
Creta,2018,3.0,5.12,198670,Petrol,Individual,Manual,1
Swift,2016,18.53,22.22,115870,CNG,Individual,Automatic,0
City,2023,10.31,14.16,45561,Petrol,Individual,Automatic,0
WagonR,2013,12.86,15.63,117489,Petrol,Individual,Manual,0
i20,2013,15.89,18.46,85998,Petrol,Dealer,Manual,2
Swift,2017,3.25,4.53,199240,Petrol,Dealer,Automatic,1
i20,2019,5.84,10.5,102007,Petrol,Dealer,Manual,0
Fortuner,2024,2.19,4.09,26386,Electric,Individual,Automatic,1
Baleno,2011,11.23,19.61,34836,CNG,Individual,Automatic,0
City,2012,5.0,11.7,162109,CNG,Dealer,Manual,1
Fortuner,2014,6.63,10.22,7026,Diesel,Dealer,Automatic,2
Baleno,2012,11.25,14.01,180124,Electric,Dealer,Automatic,0
WagonR,2019,16.01,23.27,87066,Electric,Individual,Automatic,0
WagonR,2017,1.68,3.46,90136,Electric,Individual,Manual,1
Baleno,2008,5.01,8.35,159369,Electric,Individual,Automatic,0
Baleno,2015,13.2,20.14,25022,Diesel,Individual,Automatic,2
Creta,2009,4.33,8.2,43389,Diesel,Dealer,Manual,2
Innova,2020,10.3,13.21,152779,CNG,Individual,Manual,1
Verna,2007,7.34,13.32,170513,Petrol,Individual,Manual,1
Verna,2019,7.56,12.94,19913,Petrol,Dealer,Automatic,1
Innova,2023,12.88,15.19,198703,Diesel,Individual,Automatic,2
i20,2009,10.87,24.07,123101,Petrol,Dealer,Manual,0
Creta,2019,16.4,24.8,142381,CNG,Individual,Automatic,1
i20,2018,14.01,20.04,182968,Petrol,Individual,Manual,2
WagonR,2017,7.64,9.25,194722,Diesel,Individual,Manual,2
Fortuner,2009,20.48,23.17,86325,Diesel,Dealer,Automatic,2
Ertiga,2017,13.84,17.16,91108,Petrol,Individual,Automatic,0
Innova,2016,5.59,9.8,61149,Diesel,Dealer,Manual,0
Ertiga,2007,6.22,9.51,31513,Petrol,Individual,Manual,2
WagonR,2017,5.21,6.39,52407,Diesel,Individual,Manual,1
WagonR,2016,15.82,17.88,67267,CNG,Individual,Manual,2
City,2012,8.36,9.81,127949,CNG,Individual,Automatic,1
City,2017,12.42,14.06,114749,Diesel,Individual,Manual,2
Ertiga,2020,19.28,22.23,150369,Petrol,Individual,Manual,0
Fortuner,2013,6.11,12.89,139572,Petrol,Dealer,Automatic,1
City,2005,7.9,12.13,108928,Electric,Dealer,Automatic,0
i20,2005,8.2,10.01,30974,Diesel,Dealer,Manual,1
Innova,2020,14.27,18.31,41383,Electric,Dealer,Manual,0
WagonR,2013,5.22,7.74,44195,Electric,Dealer,Automatic,0
WagonR,2014,3.46,5.68,67505,Electric,Dealer,Manual,1
City,2024,9.73,14.79,170663,Diesel,Individual,Automatic,0
Baleno,2024,6.55,10.76,154596,CNG,Dealer,Manual,1
Verna,2020,3.53,3.96,106418,Petrol,Individual,Manual,1
WagonR,2012,8.64,19.12,169693,CNG,Dealer,Manual,1
Innova,2022,5.09,10.45,173505,Electric,Dealer,Manual,0
City,2019,1.61,3.81,57845,Petrol,Individual,Automatic,2
Swift,2017,15.76,24.76,147352,Diesel,Individual,Automatic,0
Fortuner,2015,5.57,9.01,101474,Electric,Individual,Automatic,0
Ertiga,2020,15.72,18.23,101297,CNG,Dealer,Automatic,0
i20,2018,10.93,16.25,52305,Petrol,Dealer,Automatic,2
Creta,2014,7.39,9.74,162973,Electric,Individual,Automatic,0
Swift,2016,8.88,16.53,119017,Petrol,Individual,Automatic,2
Innova,2010,19.75,23.96,42428,Petrol,Dealer,Manual,0
Creta,2016,4.57,10.97,153699,Electric,Individual,Automatic,1
i20,2007,9.12,15.63,143794,CNG,Dealer,Manual,0
Baleno,2010,11.98,13.98,106446,CNG,Individual,Automatic,0
Creta,2024,4.64,9.28,133765,Petrol,Individual,Manual,2
i20,2019,22.04,24.94,183763,CNG,Dealer,Automatic,1
i20,2010,13.41,18.66,188558,Diesel,Dealer,Manual,0
WagonR,2012,11.84,20.39,11890,CNG,Individual,Manual,2
Innova,2007,4.0,4.45,109375,Electric,Individual,Manual,0
Ertiga,2015,10.84,17.13,122958,CNG,Dealer,Manual,0
Ertiga,2018,11.47,14.06,19526,Diesel,Individual,Manual,0
Ertiga,2015,13.5,23.56,64105,CNG,Dealer,Automatic,0
Ertiga,2022,4.98,9.04,168845,Petrol,Dealer,Manual,0
WagonR,2024,10.72,18.85,163633,Petrol,Dealer,Manual,0
Fortuner,2023,6.91,8.82,60262,Petrol,Individual,Automatic,2
Innova,2014,8.21,13.62,184566,Petrol,Dealer,Manual,1
Creta,2018,7.78,13.65,58483,CNG,Individual,Automatic,1
i20,2009,13.43,19.73,139998,Diesel,Individual,Manual,1
Fortuner,2019,3.59,8.45,30378,Electric,Dealer,Manual,1
Innova,2023,14.74,18.86,54763,Electric,Individual,Automatic,1
City,2005,3.25,4.98,108086,Diesel,Individual,Manual,0
Verna,2014,10.23,13.89,176510,Petrol,Dealer,Automatic,0
Fortuner,2013,11.08,19.01,110710,Petrol,Dealer,Automatic,2
Ertiga,2014,2.89,4.62,137187,CNG,Dealer,Manual,0
i20,2017,7.61,11.21,93889,Diesel,Dealer,Automatic,2
Innova,2006,3.03,4.0,40923,Electric,Dealer,Manual,1
Verna,2024,8.96,10.01,108010,CNG,Individual,Automatic,1
Fortuner,2005,5.05,11.1,181634,CNG,Dealer,Automatic,1
Innova,2023,6.69,15.71,194110,Diesel,Individual,Manual,2
Swift,2012,1.68,3.69,188637,Electric,Individual,Automatic,0
WagonR,2018,11.84,18.19,112577,Electric,Dealer,Manual,2
Fortuner,2011,9.81,15.34,178598,CNG,Dealer,Automatic,2
Verna,2015,11.81,15.02,182174,Electric,Dealer,Manual,1
City,2022,7.52,9.57,83017,Electric,Individual,Automatic,1
Baleno,2022,12.63,23.54,194179,Electric,Individual,Automatic,0
Innova,2014,1.73,3.93,192207,CNG,Individual,Manual,0
Creta,2022,6.7,8.96,152329,Petrol,Dealer,Manual,0
Fortuner,2021,3.39,7.96,66036,CNG,Individual,Manual,2
Creta,2009,2.76,3.11,149271,Electric,Individual,Automatic,2
Swift,2011,11.0,19.63,80299,Petrol,Dealer,Manual,0
Swift,2018,19.43,22.41,51081,Electric,Individual,Manual,2
WagonR,2014,12.24,22.29,7429,Petrol,Individual,Automatic,1
Innova,2022,12.0,14.54,40179,CNG,Dealer,Manual,1
Creta,2010,10.09,19.08,174944,Petrol,Individual,Automatic,2
Fortuner,2011,5.82,6.86,172438,CNG,Dealer,Automatic,2
City,2008,4.52,7.07,41860,Petrol,Individual,Automatic,0
WagonR,2019,10.79,19.58,91409,Petrol,Individual,Automatic,2
Creta,2012,2.76,4.37,35991,Electric,Individual,Manual,2
Creta,2014,5.65,11.09,62894,Electric,Dealer,Automatic,2
Innova,2024,7.57,11.22,189009,Diesel,Dealer,Manual,2
WagonR,2019,6.42,14.62,99839,Petrol,Dealer,Manual,2
Innova,2022,5.21,6.3,91014,Petrol,Dealer,Automatic,0
Ertiga,2021,8.02,12.8,19584,Electric,Individual,Manual,2
Fortuner,2019,13.56,17.8,85784,CNG,Dealer,Manual,2
Ertiga,2007,3.0,4.0,95316,Petrol,Dealer,Automatic,0
Fortuner,2014,9.39,12.0,40501,CNG,Individual,Automatic,1
Creta,2017,3.99,4.77,178484,CNG,Dealer,Manual,2
Swift,2017,13.01,14.63,195803,Petrol,Individual,Automatic,2
City,2022,10.01,12.33,104425,Electric,Individual,Manual,1
Swift,2011,18.49,23.62,195060,Electric,Dealer,Manual,0
Swift,2007,3.25,5.22,13801,Diesel,Dealer,Automatic,1
Verna,2012,6.99,14.87,19796,Diesel,Individual,Automatic,0
Fortuner,2014,14.72,22.28,178070,CNG,Individual,Manual,2
Fortuner,2023,15.94,22.35,50910,Electric,Dealer,Automatic,2
Fortuner,2017,15.18,20.29,88554,Diesel,Individual,Automatic,0
Creta,2022,7.39,13.42,64072,Electric,Dealer,Automatic,1
City,2022,7.64,14.66,106821,CNG,Dealer,Automatic,1
Fortuner,2007,6.29,14.78,54933,Petrol,Dealer,Manual,2
i20,2022,6.49,7.77,59759,CNG,Dealer,Manual,0
WagonR,2008,16.66,19.43,130546,Diesel,Individual,Manual,2
i20,2015,12.7,20.06,104788,CNG,Individual,Automatic,2
i20,2020,8.41,13.25,194376,Diesel,Individual,Automatic,1
Swift,2006,11.85,15.38,63005,CNG,Individual,Automatic,0
City,2011,7.03,10.26,104572,Electric,Individual,Automatic,1
Creta,2020,10.48,13.14,197091,Diesel,Individual,Manual,2
Swift,2006,12.68,14.53,24485,Petrol,Individual,Manual,2
Ertiga,2012,1.82,4.5,44591,Electric,Individual,Manual,2
Swift,2024,14.86,23.08,177827,Electric,Dealer,Manual,2
Fortuner,2013,6.04,14.79,80153,Diesel,Dealer,Manual,2
i20,2009,5.5,8.3,167471,CNG,Individual,Manual,1
City,2017,11.73,13.1,68755,CNG,Dealer,Manual,0
Swift,2017,7.23,11.34,149887,Diesel,Dealer,Automatic,1
Swift,2015,13.09,15.45,29998,Diesel,Dealer,Automatic,1
Ertiga,2006,20.13,23.33,184418,Petrol,Dealer,Automatic,0
Baleno,2011,12.89,15.91,191833,CNG,Dealer,Manual,2
Creta,2017,10.12,17.89,146705,Petrol,Individual,Manual,0
WagonR,2018,4.63,8.11,24927,Electric,Individual,Manual,2
i20,2013,13.06,20.24,123109,Electric,Individual,Manual,2
Verna,2023,13.78,17.53,27464,Diesel,Dealer,Manual,1
Fortuner,2009,5.42,11.36,171173,CNG,Individual,Manual,0
Verna,2005,13.77,23.75,121584,Petrol,Dealer,Manual,0
Baleno,2018,8.45,12.87,150421,Petrol,Dealer,Automatic,2
Swift,2007,13.42,16.13,90047,CNG,Individual,Automatic,0
Creta,2022,15.72,22.91,68633,Electric,Dealer,Manual,1
Fortuner,2014,3.84,8.9,43255,CNG,Individual,Automatic,1
Innova,2007,8.32,10.94,69642,Diesel,Individual,Manual,0
WagonR,2014,1.78,3.15,108728,Electric,Individual,Automatic,1
Creta,2018,18.58,20.94,175665,CNG,Individual,Manual,1
Verna,2015,6.11,6.91,109396,Electric,Dealer,Automatic,1
WagonR,2013,12.21,20.96,108005,Diesel,Dealer,Manual,2
Verna,2019,14.71,23.75,59958,Petrol,Individual,Automatic,0
Fortuner,2014,3.97,8.32,177664,Electric,Dealer,Automatic,2
Fortuner,2020,10.33,15.81,145081,Petrol,Individual,Manual,0
WagonR,2012,8.44,17.47,98063,Petrol,Individual,Automatic,1
Ertiga,2008,1.65,3.23,72826,Diesel,Individual,Automatic,1
Creta,2019,14.9,19.99,159295,CNG,Dealer,Automatic,0
Creta,2014,5.57,12.15,27506,CNG,Individual,Automatic,1
Innova,2011,9.23,14.46,96304,Electric,Individual,Manual,1
i20,2006,8.56,20.82,35168,Petrol,Dealer,Manual,2
Innova,2010,10.29,15.14,91766,Diesel,Individual,Manual,0
City,2018,8.27,11.7,198301,Electric,Individual,Automatic,0
Baleno,2011,6.06,7.53,189486,Petrol,Dealer,Automatic,1
Innova,2011,9.61,13.07,73774,CNG,Individual,Automatic,2
Verna,2008,7.55,10.65,125025,Petrol,Dealer,Automatic,0
Creta,2012,5.7,9.72,52984,Electric,Individual,Manual,2
Creta,2017,8.84,12.31,132577,Diesel,Individual,Automatic,0
i20,2010,7.04,9.92,123227,Petrol,Individual,Manual,0
Fortuner,2017,17.58,24.2,137497,Electric,Individual,Automatic,1
City,2010,3.85,4.82,13089,CNG,Dealer,Automatic,0
Innova,2022,6.38,9.35,124884,Petrol,Dealer,Automatic,2
Innova,2016,11.64,14.92,15907,Diesel,Individual,Manual,2
i20,2012,5.97,9.55,13449,Petrol,Individual,Manual,0
WagonR,2011,15.52,20.84,159120,Electric,Dealer,Manual,0
Verna,2011,11.92,20.72,154441,Diesel,Individual,Automatic,1
Baleno,2023,7.93,8.88,139850,Diesel,Individual,Manual,1
i20,2009,9.67,18.43,39784,Diesel,Individual,Automatic,0
Innova,2023,10.27,16.91,169577,Petrol,Dealer,Automatic,2
Innova,2013,11.47,18.28,101749,CNG,Dealer,Manual,2
Baleno,2019,9.83,16.97,187790,Electric,Dealer,Automatic,0
WagonR,2020,5.07,8.91,79342,Diesel,Individual,Automatic,2
Innova,2006,3.18,4.01,169149,Petrol,Dealer,Manual,1
Creta,2019,1.51,3.01,117145,CNG,Dealer,Automatic,0
Creta,2016,6.23,8.51,102476,Petrol,Individual,Automatic,2
Swift,2012,9.35,12.44,28907,Diesel,Individual,Manual,0
Swift,2023,4.97,7.98,183253,CNG,Dealer,Automatic,2
Baleno,2009,7.99,13.51,65017,Petrol,Individual,Automatic,1
Creta,2009,8.23,11.42,39903,Petrol,Dealer,Manual,1
Fortuner,2016,14.62,18.89,169647,Electric,Dealer,Manual,0
i20,2009,14.96,19.55,159553,Electric,Individual,Manual,0
WagonR,2013,11.63,17.18,70055,CNG,Dealer,Automatic,0
Verna,2021,12.65,16.35,54452,Petrol,Dealer,Automatic,1
Ertiga,2008,5.78,8.3,172269,Petrol,Individual,Automatic,0
Ertiga,2017,13.39,21.94,153997,Diesel,Individual,Manual,0
Swift,2023,2.28,4.49,73730,Electric,Individual,Automatic,1
Creta,2017,3.22,4.81,145657,CNG,Dealer,Automatic,0
Fortuner,2021,15.54,23.26,45731,Petrol,Individual,Automatic,2
Baleno,2012,3.68,4.27,27600,Electric,Dealer,Automatic,2
Swift,2010,2.64,5.63,190571,Diesel,Individual,Automatic,2
i20,2021,10.71,20.23,193944,Diesel,Individual,Manual,0
Verna,2015,13.74,20.76,76298,Petrol,Individual,Automatic,2
Creta,2016,2.04,4.22,153605,CNG,Dealer,Manual,0
Innova,2021,1.6,3.06,8221,CNG,Individual,Manual,0
Fortuner,2006,11.68,15.16,192176,Diesel,Individual,Manual,1
Baleno,2015,6.15,8.97,25417,Petrol,Dealer,Manual,2
Verna,2006,20.12,23.99,23068,CNG,Individual,Manual,2
Verna,2019,1.74,3.18,57604,Diesel,Individual,Automatic,2
Ertiga,2020,19.12,24.95,56228,Diesel,Dealer,Manual,1
Swift,2005,5.84,8.13,95812,CNG,Dealer,Automatic,2
Fortuner,2014,4.72,5.29,143887,Electric,Dealer,Manual,2
Ertiga,2013,4.29,5.05,65679,Electric,Individual,Automatic,2
Fortuner,2007,7.37,15.78,137494,Petrol,Dealer,Automatic,2
Fortuner,2009,6.78,8.21,73417,CNG,Individual,Automatic,1
WagonR,2012,2.17,4.64,58139,Petrol,Dealer,Manual,0
i20,2019,6.1,13.25,111564,Diesel,Individual,Automatic,1
Verna,2013,10.41,21.75,28703,Petrol,Dealer,Automatic,0
Swift,2007,11.15,18.65,98255,CNG,Individual,Manual,0
City,2017,16.87,21.8,150739,Petrol,Individual,Manual,0
Fortuner,2008,1.52,3.26,63271,CNG,Dealer,Automatic,0
Innova,2005,21.23,24.94,56839,Diesel,Dealer,Automatic,0
WagonR,2006,11.49,23.73,18274,Electric,Individual,Automatic,0
Creta,2017,10.4,18.03,50300,CNG,Individual,Automatic,0
Verna,2006,8.63,16.51,166736,Electric,Individual,Automatic,0
Ertiga,2007,5.58,9.16,40975,Diesel,Dealer,Automatic,2
WagonR,2016,7.75,13.55,132055,CNG,Individual,Automatic,0
Verna,2005,4.15,10.02,62414,Petrol,Individual,Automatic,2
City,2012,12.8,24.43,31249,CNG,Dealer,Manual,2
WagonR,2017,5.28,10.81,50537,CNG,Individual,Manual,2
City,2016,11.23,23.85,152746,Electric,Individual,Manual,1
Swift,2006,3.5,4.99,65980,Electric,Dealer,Automatic,2
i20,2011,15.73,20.74,94327,Petrol,Dealer,Manual,2
Baleno,2009,16.64,20.04,142965,CNG,Individual,Manual,1
Fortuner,2014,7.74,10.1,46288,Electric,Individual,Manual,2
City,2022,14.49,18.26,165880,Diesel,Individual,Automatic,2
WagonR,2014,2.33,5.8,196058,Electric,Dealer,Manual,2
WagonR,2015,11.87,23.26,165269,Petrol,Individual,Manual,1
Baleno,2007,3.99,8.24,88759,CNG,Individual,Manual,1
Baleno,2011,4.88,8.49,22771,Petrol,Dealer,Automatic,1
Fortuner,2018,15.72,24.32,113532,CNG,Individual,Manual,1
Innova,2023,8.88,17.32,185134,Petrol,Dealer,Automatic,0
Creta,2015,3.82,8.74,32453,Electric,Dealer,Manual,2
Swift,2007,8.83,10.43,165863,Electric,Dealer,Automatic,0
Fortuner,2006,4.64,5.23,58883,CNG,Individual,Automatic,0
Innova,2008,2.76,4.09,154886,Diesel,Dealer,Automatic,0
Innova,2018,3.51,4.93,178544,Diesel,Dealer,Manual,0
Baleno,2010,10.85,17.04,26479,CNG,Individual,Automatic,1
i20,2013,2.97,5.01,147639,Electric,Individual,Manual,1
Verna,2006,4.67,8.79,126912,Petrol,Dealer,Manual,0
WagonR,2016,18.4,20.78,113524,Diesel,Dealer,Automatic,2
Innova,2018,20.2,24.24,185110,Diesel,Individual,Automatic,0
WagonR,2017,9.54,22.86,192250,Diesel,Dealer,Automatic,0
Fortuner,2010,11.29,24.39,55521,Petrol,Individual,Manual,2
Baleno,2009,11.95,21.35,72603,Petrol,Individual,Automatic,2
Swift,2015,13.75,21.85,141233,Electric,Dealer,Automatic,0
Baleno,2009,12.05,15.47,157745,Petrol,Dealer,Automatic,2
Innova,2016,13.2,22.31,74241,Electric,Dealer,Manual,1
Fortuner,2017,4.56,6.16,164555,Petrol,Individual,Automatic,2
i20,2012,3.51,4.08,129575,Petrol,Individual,Automatic,1
City,2013,15.99,21.54,187500,Diesel,Individual,Automatic,1
City,2013,13.75,19.03,163591,Electric,Dealer,Automatic,2
Ertiga,2020,15.98,19.71,103018,Diesel,Dealer,Automatic,2
Swift,2021,9.97,11.87,142438,Diesel,Dealer,Manual,0
City,2012,3.2,3.73,18253,CNG,Individual,Automatic,2
City,2017,12.58,16.98,37472,CNG,Individual,Automatic,0
Verna,2020,9.1,15.91,96687,Petrol,Individual,Manual,1
City,2006,5.2,6.58,155014,Diesel,Dealer,Manual,1
Creta,2018,5.78,14.29,183834,Diesel,Dealer,Manual,1
Verna,2024,15.66,20.71,85074,Electric,Individual,Automatic,1
WagonR,2013,5.76,7.8,84205,Electric,Dealer,Manual,2
Verna,2016,10.81,15.35,160653,Petrol,Individual,Manual,1
Verna,2013,9.07,17.09,77583,Diesel,Dealer,Manual,0
Swift,2024,8.8,11.89,88777,Electric,Individual,Automatic,1
WagonR,2017,7.98,11.54,14258,Diesel,Individual,Manual,2
i20,2022,14.54,17.04,129711,CNG,Dealer,Manual,1
Ertiga,2008,7.07,13.36,199227,Diesel,Individual,Manual,0
i20,2016,4.83,7.91,85500,CNG,Individual,Automatic,1
WagonR,2008,9.24,13.35,171303,Petrol,Individual,Manual,2
Fortuner,2008,14.68,22.08,105052,Petrol,Dealer,Manual,0
Innova,2015,10.16,12.0,154265,Diesel,Individual,Manual,0
Swift,2020,5.75,10.32,51353,Petrol,Individual,Automatic,0
Baleno,2010,10.11,15.68,46532,Diesel,Individual,Automatic,1
Ertiga,2018,9.75,24.24,105484,Diesel,Individual,Manual,1
City,2021,2.89,7.19,182405,Diesel,Individual,Automatic,0
Baleno,2008,6.33,11.44,159316,Petrol,Individual,Automatic,1
Creta,2021,9.94,16.12,93561,CNG,Individual,Automatic,0
City,2010,9.77,23.86,110746,Diesel,Dealer,Manual,2
Swift,2021,5.08,6.72,101099,Electric,Individual,Manual,2
Swift,2006,14.37,17.56,176328,Petrol,Individual,Automatic,1
City,2008,11.29,15.04,129360,Petrol,Individual,Automatic,2
Creta,2008,12.5,17.57,75772,Electric,Dealer,Manual,1
City,2008,10.12,20.26,135479,CNG,Dealer,Automatic,2
City,2018,6.4,9.5,15329,Electric,Individual,Manual,0
Innova,2005,14.54,17.78,33948,Diesel,Dealer,Manual,2
Verna,2008,11.81,22.91,173909,CNG,Individual,Manual,0
i20,2010,12.9,22.23,81170,Electric,Dealer,Manual,0
i20,2005,15.73,21.74,178894,CNG,Individual,Automatic,2
Fortuner,2007,5.5,11.2,94842,Electric,Individual,Automatic,1
Creta,2020,17.37,20.6,175091,Petrol,Dealer,Manual,0
WagonR,2008,7.79,12.15,159861,Electric,Dealer,Automatic,1
Creta,2024,3.05,3.63,184428,Electric,Individual,Manual,1
Swift,2019,2.92,4.01,73580,Diesel,Individual,Manual,1
Fortuner,2012,10.04,13.6,178987,Diesel,Dealer,Manual,2
Creta,2010,11.66,14.12,128021,Petrol,Individual,Automatic,0
Ertiga,2015,15.91,24.34,18199,Electric,Individual,Manual,0
Innova,2019,7.97,12.77,155217,Electric,Individual,Manual,1
Ertiga,2005,2.2,5.26,113092,Petrol,Dealer,Automatic,2
i20,2022,4.74,7.55,181022,CNG,Dealer,Manual,1
i20,2015,10.72,15.32,167465,Electric,Dealer,Manual,2
Verna,2012,2.49,3.05,98097,CNG,Dealer,Manual,0
Fortuner,2020,4.7,6.09,192919,Petrol,Individual,Manual,0
City,2008,11.91,23.46,107995,CNG,Dealer,Automatic,0
WagonR,2023,3.59,5.71,123097,Diesel,Individual,Manual,2
Innova,2006,12.43,15.17,118458,Diesel,Dealer,Manual,0
Ertiga,2017,14.7,17.47,163901,Electric,Individual,Manual,1
Creta,2017,15.16,24.2,82115,Diesel,Individual,Automatic,2
Ertiga,2022,16.86,21.94,191613,Diesel,Dealer,Manual,2
Creta,2014,8.45,18.11,181258,CNG,Dealer,Automatic,2
Ertiga,2020,11.95,15.82,179891,CNG,Individual,Manual,2
Swift,2008,1.52,3.56,43096,Diesel,Individual,Manual,1
Verna,2013,4.64,6.22,21261,Diesel,Dealer,Automatic,1
City,2008,12.74,16.55,182085,Electric,Dealer,Automatic,2
i20,2006,14.22,23.38,106595,Petrol,Dealer,Automatic,0
i20,2024,18.02,22.11,121146,Diesel,Dealer,Automatic,1
Creta,2010,12.16,24.64,24521,Petrol,Individual,Manual,1
Verna,2013,7.33,15.25,39096,Petrol,Individual,Automatic,2
WagonR,2009,2.71,3.88,89575,CNG,Individual,Automatic,0
Ertiga,2015,9.61,14.56,53200,Diesel,Individual,Automatic,0
i20,2016,5.76,7.87,60929,CNG,Individual,Manual,2
Swift,2021,10.92,13.45,152150,Petrol,Individual,Automatic,0
i20,2024,20.41,23.21,68917,Electric,Dealer,Automatic,1
i20,2022,16.2,18.93,11476,Electric,Individual,Manual,1
Creta,2011,8.78,10.05,26586,Petrol,Dealer,Manual,2
City,2011,18.02,22.03,116203,Electric,Dealer,Manual,0
Swift,2019,8.33,18.77,14931,Diesel,Individual,Manual,2
Fortuner,2012,13.69,23.04,111858,Electric,Individual,Manual,1
Baleno,2008,11.23,14.77,173145,Petrol,Dealer,Automatic,2
Baleno,2008,5.17,9.38,184798,CNG,Individual,Automatic,1
Fortuner,2005,6.85,13.43,144845,CNG,Dealer,Automatic,2
Ertiga,2016,16.28,24.06,7922,Diesel,Dealer,Manual,0
Baleno,2023,10.87,16.13,145811,CNG,Dealer,Automatic,0
Creta,2018,10.8,22.92,139362,Diesel,Individual,Manual,0
Ertiga,2010,14.67,17.76,153712,Electric,Dealer,Automatic,2
Innova,2007,6.5,8.52,56751,CNG,Individual,Manual,2
City,2012,2.26,5.2,167402,CNG,Individual,Automatic,1
WagonR,2024,12.12,17.51,186785,CNG,Individual,Automatic,0
Fortuner,2005,7.48,9.89,63071,CNG,Individual,Manual,2
Verna,2015,13.89,22.31,126332,Electric,Dealer,Manual,2
Creta,2024,3.98,4.8,78561,Diesel,Individual,Manual,2
WagonR,2007,16.2,22.63,137953,Electric,Dealer,Manual,2
Creta,2013,9.52,14.96,146473,CNG,Individual,Manual,2
Fortuner,2014,3.9,5.95,136366,CNG,Dealer,Manual,2
Creta,2010,12.25,19.66,41797,Diesel,Individual,Automatic,0
i20,2012,8.52,19.75,65751,Diesel,Dealer,Manual,2
Swift,2016,9.7,11.54,124182,CNG,Dealer,Automatic,2
Fortuner,2013,7.66,15.73,154464,CNG,Dealer,Automatic,1
i20,2012,11.61,14.36,97510,Electric,Individual,Manual,2
Verna,2009,5.56,12.68,65290,Diesel,Dealer,Manual,0
Fortuner,2016,11.86,16.24,36019,CNG,Dealer,Automatic,2
Fortuner,2020,6.51,13.54,159872,Petrol,Dealer,Manual,0
Swift,2023,11.46,16.03,40317,Diesel,Dealer,Manual,1
WagonR,2010,10.05,14.37,111287,Petrol,Individual,Manual,0
Creta,2019,13.62,16.34,128578,Diesel,Individual,Manual,2
i20,2010,8.89,16.71,138904,Electric,Dealer,Manual,1
Ertiga,2017,2.96,5.91,9341,Electric,Dealer,Manual,0
Ertiga,2020,9.58,22.84,162237,Petrol,Dealer,Automatic,2
Fortuner,2009,18.59,22.84,146370,Electric,Individual,Manual,2
Fortuner,2021,9.89,12.44,131385,CNG,Dealer,Automatic,0
Baleno,2013,11.54,13.5,65951,CNG,Individual,Automatic,0
Baleno,2005,12.82,18.6,6864,Petrol,Individual,Manual,2
WagonR,2015,5.72,11.99,32940,CNG,Individual,Automatic,2
City,2016,9.86,16.46,183416,Electric,Individual,Manual,1
WagonR,2022,13.6,15.21,71526,CNG,Individual,Manual,2
Creta,2008,15.4,19.45,122072,Petrol,Dealer,Automatic,1
Creta,2022,12.44,16.51,184454,Electric,Dealer,Manual,0
Verna,2020,10.38,23.37,119131,Diesel,Individual,Manual,2
Ertiga,2006,13.39,18.94,110026,CNG,Dealer,Manual,2
Ertiga,2020,10.45,12.66,57876,CNG,Dealer,Manual,2
Swift,2021,10.15,14.35,65731,CNG,Dealer,Manual,0
Fortuner,2007,14.37,24.93,109709,Electric,Dealer,Manual,2
Ertiga,2007,12.59,23.22,149072,CNG,Individual,Automatic,0
WagonR,2024,20.92,24.19,124212,Petrol,Individual,Manual,1
i20,2021,3.48,5.34,23975,Petrol,Individual,Automatic,2
City,2019,15.56,24.25,152631,CNG,Individual,Automatic,2
City,2005,5.9,13.6,72585,Diesel,Individual,Automatic,1
City,2021,12.06,14.78,188715,CNG,Dealer,Automatic,2
i20,2015,2.98,4.67,51788,Diesel,Individual,Manual,2
City,2011,7.23,13.98,57341,CNG,Dealer,Manual,0
Baleno,2012,10.23,21.4,98330,Petrol,Dealer,Automatic,2
Innova,2005,17.41,19.81,146944,CNG,Individual,Automatic,2
City,2013,7.45,13.8,138990,Diesel,Dealer,Automatic,1
Creta,2022,2.22,3.72,96039,Electric,Dealer,Automatic,1
Baleno,2005,1.92,3.26,60247,CNG,Individual,Automatic,0
WagonR,2022,5.58,8.78,75623,CNG,Individual,Manual,1
i20,2018,5.92,7.63,188687,Electric,Individual,Automatic,0
Baleno,2023,4.38,5.89,155966,CNG,Dealer,Automatic,1
Swift,2011,2.95,6.21,198604,Diesel,Individual,Automatic,0
Verna,2021,11.69,14.75,87766,CNG,Dealer,Automatic,0
Baleno,2010,2.76,4.32,71660,Electric,Individual,Automatic,1
Fortuner,2016,8.77,15.33,72558,Petrol,Individual,Manual,2
Verna,2023,8.43,17.3,146148,CNG,Individual,Automatic,2
Innova,2019,15.95,22.57,104895,Diesel,Dealer,Automatic,1
i20,2024,6.85,15.58,23702,Diesel,Individual,Automatic,2
Verna,2014,13.46,18.63,163698,Electric,Individual,Automatic,1
City,2010,3.26,7.05,11055,CNG,Dealer,Manual,0
Innova,2017,4.58,5.27,21722,Petrol,Dealer,Automatic,2
Fortuner,2007,2.53,5.29,167031,CNG,Dealer,Manual,2
Creta,2014,5.94,12.75,38138,Petrol,Dealer,Automatic,1
Ertiga,2020,11.52,13.28,146710,Electric,Dealer,Manual,2
Fortuner,2024,10.94,13.04,171684,CNG,Individual,Automatic,2
Fortuner,2012,11.47,20.7,120831,CNG,Dealer,Automatic,0
Innova,2005,8.3,14.51,40730,Petrol,Individual,Automatic,1
Swift,2005,13.87,19.85,81787,CNG,Dealer,Automatic,2
Fortuner,2018,8.85,11.68,47800,Electric,Dealer,Automatic,0
WagonR,2018,13.11,16.76,140426,CNG,Individual,Automatic,1
Baleno,2011,10.2,21.78,52816,Electric,Individual,Automatic,2
Swift,2024,5.66,13.82,89054,Petrol,Dealer,Manual,1
City,2013,4.39,5.75,119928,Petrol,Dealer,Manual,1
Innova,2011,8.34,10.52,86677,CNG,Individual,Manual,1
Fortuner,2007,9.23,21.56,43296,Petrol,Individual,Manual,0
City,2013,9.67,20.98,8307,Electric,Individual,Manual,2
Ertiga,2006,5.8,7.38,197760,Diesel,Individual,Automatic,2
Swift,2014,16.86,23.6,46579,Petrol,Individual,Automatic,2
City,2014,6.13,7.37,18654,Petrol,Dealer,Automatic,1
Fortuner,2005,4.62,6.68,77377,Diesel,Dealer,Manual,2
Baleno,2020,10.62,18.14,45630,Diesel,Dealer,Automatic,0
i20,2024,4.49,10.45,168874,Diesel,Dealer,Manual,1
i20,2012,7.92,9.97,151368,Electric,Dealer,Manual,2
Swift,2017,5.72,10.88,40319,Electric,Individual,Automatic,2
i20,2020,4.82,7.18,53923,Electric,Individual,Manual,0
Ertiga,2021,5.19,6.41,82508,CNG,Individual,Manual,2
WagonR,2021,9.54,11.34,53636,CNG,Dealer,Automatic,2
City,2007,14.15,17.48,146284,Electric,Dealer,Automatic,1
Baleno,2018,7.66,17.1,33957,Petrol,Dealer,Manual,0
WagonR,2011,2.41,5.36,55231,Electric,Individual,Automatic,0
City,2016,3.42,7.86,193178,Electric,Dealer,Automatic,2
Fortuner,2006,9.51,10.94,199898,CNG,Dealer,Automatic,2
City,2006,8.41,19.15,84666,Petrol,Dealer,Manual,2
WagonR,2017,5.22,7.17,142938,Diesel,Individual,Manual,2
Fortuner,2023,8.17,10.88,125250,Petrol,Dealer,Manual,2
WagonR,2017,6.76,14.1,177368,Electric,Individual,Automatic,2
Fortuner,2015,16.89,21.59,113093,CNG,Dealer,Manual,1
Innova,2022,13.56,23.38,71607,Electric,Individual,Manual,2
Creta,2006,10.05,24.63,161175,CNG,Dealer,Automatic,0
Verna,2011,17.15,21.83,10688,Diesel,Dealer,Manual,1
WagonR,2016,3.75,6.43,74465,Diesel,Dealer,Automatic,1
Baleno,2007,13.36,15.55,154176,CNG,Individual,Manual,1
Verna,2023,14.67,21.03,29999,Petrol,Individual,Manual,0
Baleno,2015,6.48,10.65,118850,Diesel,Dealer,Automatic,0
Creta,2014,9.74,14.54,88706,CNG,Dealer,Manual,0
Baleno,2017,16.75,24.36,161010,Diesel,Individual,Automatic,1
Swift,2009,3.77,5.91,26638,Electric,Individual,Manual,1
Creta,2021,5.84,12.56,187942,Electric,Dealer,Automatic,1
Ertiga,2023,6.57,7.31,166479,Diesel,Dealer,Manual,1
Fortuner,2018,4.5,10.12,155999,Electric,Individual,Automatic,0
Verna,2015,4.36,10.58,176811,Diesel,Individual,Automatic,2
i20,2009,6.34,12.69,66207,Diesel,Dealer,Manual,2
Verna,2006,7.21,8.35,167792,Petrol,Individual,Manual,1
Ertiga,2019,6.75,13.37,91999,Diesel,Dealer,Automatic,2
Swift,2020,12.49,16.71,42053,Electric,Dealer,Automatic,0
Swift,2006,6.56,9.25,187590,Electric,Dealer,Manual,1
Baleno,2013,10.2,17.59,178041,Petrol,Individual,Automatic,0
i20,2017,6.38,14.19,191040,Electric,Dealer,Manual,0
Swift,2021,20.95,24.27,151980,Petrol,Dealer,Automatic,1
i20,2020,4.77,11.65,46157,CNG,Individual,Manual,2
Fortuner,2013,11.03,20.86,169047,Petrol,Individual,Manual,0
Fortuner,2015,10.66,22.74,177210,Diesel,Individual,Manual,2
i20,2009,10.58,12.38,86889,Electric,Dealer,Manual,2
Creta,2009,12.62,15.78,184319,CNG,Dealer,Automatic,0
Ertiga,2023,10.06,23.18,88229,Petrol,Dealer,Automatic,0
Verna,2005,17.47,19.84,113538,Electric,Individual,Manual,0
WagonR,2008,4.6,5.89,11867,CNG,Dealer,Manual,0
Creta,2005,8.61,10.9,185392,Electric,Individual,Manual,1
Swift,2020,6.66,13.42,47935,Electric,Dealer,Automatic,1
Baleno,2012,15.06,19.33,58171,Diesel,Individual,Automatic,2
Swift,2015,13.55,22.07,69692,Electric,Individual,Automatic,2
Swift,2023,11.57,16.06,142686,Petrol,Individual,Automatic,0
Swift,2012,12.85,14.41,108707,Electric,Dealer,Manual,1
Verna,2019,9.25,11.76,84837,Electric,Dealer,Automatic,1
Creta,2024,15.29,23.22,185867,Electric,Individual,Manual,2
Ertiga,2021,4.77,5.49,158471,Diesel,Individual,Automatic,1
City,2019,2.47,3.55,123929,Electric,Dealer,Automatic,1
Innova,2010,8.38,18.8,37386,CNG,Dealer,Automatic,2
Fortuner,2021,9.71,16.47,46916,Petrol,Dealer,Automatic,2
Swift,2009,3.22,6.57,42907,Electric,Individual,Automatic,2
Creta,2019,4.29,9.35,52368,Diesel,Dealer,Automatic,0
Swift,2019,9.37,13.95,135716,Electric,Dealer,Manual,2
WagonR,2020,5.71,12.98,120834,Petrol,Dealer,Automatic,2
Creta,2022,8.93,21.04,59430,Petrol,Individual,Manual,0
Baleno,2006,9.7,17.67,163147,Petrol,Dealer,Automatic,0
WagonR,2010,12.99,17.79,165193,Diesel,Individual,Automatic,0
Fortuner,2007,11.63,19.91,89625,Petrol,Individual,Manual,1
i20,2020,4.95,5.96,187090,Electric,Dealer,Manual,2
Ertiga,2006,4.8,5.4,196293,Petrol,Individual,Automatic,1
WagonR,2024,14.35,21.65,73068,CNG,Dealer,Automatic,2
City,2020,11.65,13.84,52161,CNG,Dealer,Manual,0
City,2005,10.17,13.23,35913,Electric,Individual,Manual,1
City,2016,7.76,15.33,172117,CNG,Individual,Manual,1
Baleno,2014,11.09,14.15,89914,CNG,Individual,Automatic,2
City,2023,13.51,16.55,12632,CNG,Individual,Automatic,1
Innova,2006,8.22,17.2,131221,CNG,Individual,Automatic,2
i20,2006,14.58,21.37,83471,Petrol,Dealer,Automatic,1
i20,2007,19.96,24.33,78520,Electric,Dealer,Automatic,0
i20,2024,4.19,5.57,85814,Petrol,Individual,Automatic,0
Verna,2020,13.96,22.3,102408,Diesel,Individual,Manual,0
Innova,2016,17.36,20.27,57978,Petrol,Individual,Manual,0
Verna,2015,19.52,23.32,197005,CNG,Dealer,Manual,2
Ertiga,2009,4.73,7.51,14582,Petrol,Dealer,Automatic,0
Swift,2024,14.05,22.18,92369,Petrol,Individual,Manual,2
City,2014,9.56,17.05,60009,CNG,Individual,Automatic,1
Swift,2008,4.83,9.0,46286,Petrol,Dealer,Automatic,2
WagonR,2015,7.19,8.96,189642,Diesel,Dealer,Manual,1
Creta,2024,14.07,22.63,146709,Petrol,Individual,Manual,0
WagonR,2017,2.49,4.18,116795,Electric,Individual,Automatic,1
Baleno,2011,15.03,18.68,180864,Electric,Dealer,Manual,2
Innova,2019,3.82,5.14,86367,Electric,Dealer,Manual,0
i20,2024,5.17,8.68,100276,CNG,Individual,Automatic,0
Creta,2007,8.61,13.46,97128,CNG,Individual,Manual,2
i20,2008,9.52,11.93,192242,Petrol,Individual,Automatic,1
Creta,2023,6.31,12.1,167758,Electric,Individual,Manual,1
Fortuner,2011,12.87,20.91,159919,CNG,Dealer,Manual,2
Innova,2007,13.24,19.27,191622,Petrol,Individual,Automatic,2
Fortuner,2008,11.68,21.08,51182,Petrol,Dealer,Automatic,1
Creta,2020,7.65,17.19,21117,Petrol,Dealer,Manual,1
City,2022,6.48,9.41,166368,Diesel,Individual,Automatic,2
i20,2014,17.61,23.21,118961,Petrol,Dealer,Automatic,0
Swift,2014,3.86,4.37,148886,CNG,Dealer,Automatic,0
i20,2012,7.46,12.5,159707,Electric,Individual,Automatic,1
City,2022,4.88,7.65,50458,Electric,Individual,Automatic,0
Swift,2014,11.54,24.94,180653,Petrol,Dealer,Manual,2
Fortuner,2020,7.73,17.47,40592,Electric,Individual,Manual,1
City,2021,7.3,12.33,122976,Diesel,Individual,Manual,2
Verna,2020,16.35,21.63,67062,Electric,Individual,Manual,0
Innova,2023,6.22,13.63,101620,Petrol,Dealer,Automatic,1
Innova,2021,2.1,4.72,164926,Petrol,Individual,Manual,1
Innova,2022,12.62,20.13,127911,CNG,Individual,Automatic,1
Verna,2014,5.76,6.69,187203,CNG,Dealer,Automatic,2
WagonR,2010,13.96,15.6,177050,Petrol,Individual,Automatic,0
WagonR,2009,7.43,14.12,77836,CNG,Individual,Automatic,0
Innova,2008,12.53,16.28,160128,CNG,Dealer,Automatic,2
i20,2012,11.36,13.67,143251,Petrol,Dealer,Manual,1
Creta,2018,14.57,19.95,67376,Diesel,Individual,Manual,2
Innova,2013,8.36,19.62,35407,Electric,Individual,Automatic,1
Innova,2022,6.13,8.14,184178,CNG,Dealer,Automatic,0
i20,2014,13.83,23.4,122655,Petrol,Dealer,Automatic,1
Verna,2024,13.17,23.2,76457,Petrol,Individual,Automatic,1
Ertiga,2012,15.04,19.15,159330,CNG,Dealer,Automatic,2
Baleno,2005,7.23,17.8,22813,Petrol,Individual,Automatic,0
Baleno,2014,3.52,8.54,13923,Petrol,Dealer,Manual,2
WagonR,2008,2.28,4.9,163514,Diesel,Dealer,Manual,1
Verna,2014,9.55,13.27,24848,Electric,Individual,Automatic,0
i20,2007,5.38,9.1,21354,Petrol,Individual,Automatic,0
Creta,2019,3.19,4.53,57604,Electric,Dealer,Manual,2
Innova,2018,3.53,7.8,173647,CNG,Dealer,Manual,0
Swift,2007,12.28,15.57,70692,Electric,Dealer,Manual,0
Fortuner,2017,5.01,8.86,188515,Petrol,Individual,Automatic,1
Swift,2017,14.45,21.57,23376,Electric,Individual,Manual,2
Verna,2022,13.36,23.57,99088,Electric,Dealer,Manual,1
Innova,2022,9.58,21.77,94145,CNG,Dealer,Manual,2
Fortuner,2006,12.04,24.29,178207,Petrol,Individual,Automatic,0
Swift,2019,8.01,19.18,41685,Diesel,Individual,Automatic,0
Innova,2022,11.44,17.15,135989,Petrol,Dealer,Automatic,0
City,2015,12.25,20.33,16223,Electric,Dealer,Manual,0
Innova,2006,13.94,19.18,133160,Petrol,Dealer,Manual,0
Baleno,2010,13.71,16.92,85566,Electric,Dealer,Manual,0
City,2008,7.11,13.94,166383,Electric,Individual,Automatic,1
i20,2008,16.47,24.47,155986,Diesel,Dealer,Manual,1
Creta,2007,4.41,5.66,42024,CNG,Dealer,Automatic,0
WagonR,2023,3.1,3.9,31205,Electric,Dealer,Manual,1
WagonR,2007,2.71,3.14,52032,CNG,Individual,Automatic,2
Innova,2009,4.04,7.54,172726,Electric,Dealer,Manual,2
Baleno,2006,10.48,16.12,193009,CNG,Individual,Automatic,0
Baleno,2022,7.31,8.18,35803,CNG,Dealer,Automatic,2
Creta,2011,4.14,9.08,55782,Electric,Individual,Manual,0
Fortuner,2006,2.27,4.19,100471,CNG,Individual,Automatic,0
Swift,2008,9.41,19.29,145865,Electric,Dealer,Manual,0
i20,2019,9.78,16.04,90451,Diesel,Dealer,Automatic,0
Fortuner,2008,6.86,8.22,113159,Diesel,Dealer,Automatic,2
WagonR,2020,1.98,4.2,119259,Electric,Dealer,Automatic,1
Verna,2009,9.36,13.07,55896,Diesel,Individual,Manual,0
Innova,2023,1.96,4.31,40783,Electric,Individual,Manual,1
WagonR,2012,10.76,22.5,163239,Diesel,Dealer,Manual,1
Innova,2021,9.57,13.76,61739,CNG,Dealer,Automatic,2
WagonR,2012,5.83,8.45,118835,Diesel,Dealer,Automatic,0
Swift,2006,19.46,24.81,197276,Electric,Individual,Automatic,2
Swift,2008,5.72,12.95,68048,Electric,Dealer,Manual,1
Verna,2014,3.37,8.26,28784,Diesel,Individual,Manual,1
i20,2019,12.04,19.98,189322,Electric,Dealer,Manual,1
Verna,2015,9.0,14.68,82749,Diesel,Dealer,Automatic,2
Swift,2006,8.33,14.32,181856,Petrol,Individual,Automatic,1
Ertiga,2024,1.9,3.9,101058,Petrol,Dealer,Manual,1
WagonR,2012,9.51,14.87,175141,Diesel,Dealer,Automatic,1
Baleno,2013,7.58,14.08,115868,CNG,Individual,Automatic,1
Ertiga,2021,9.27,14.59,37167,CNG,Individual,Automatic,2
Fortuner,2007,3.17,7.14,125028,Diesel,Individual,Manual,0
Creta,2010,4.3,9.07,187735,Diesel,Dealer,Automatic,1
Innova,2022,13.47,23.5,129231,Petrol,Individual,Manual,0
Ertiga,2005,18.13,22.18,65903,CNG,Individual,Automatic,2
Ertiga,2015,10.25,13.7,179549,Electric,Individual,Automatic,2
Verna,2009,11.06,22.76,85345,Diesel,Individual,Automatic,1
Creta,2006,3.93,6.26,79549,Diesel,Individual,Manual,0
i20,2009,2.75,6.55,35649,Diesel,Individual,Automatic,1
i20,2010,3.13,7.51,190371,CNG,Dealer,Automatic,1
Swift,2022,13.47,24.46,144891,Electric,Individual,Manual,1
Ertiga,2015,4.33,6.43,198592,CNG,Individual,Automatic,1
Innova,2023,13.5,17.67,153172,CNG,Dealer,Automatic,0
Fortuner,2009,9.93,17.92,35638,Diesel,Individual,Automatic,0
Ertiga,2015,2.09,4.21,173116,Diesel,Individual,Manual,0
Baleno,2007,10.97,14.85,121774,Electric,Dealer,Automatic,1
i20,2024,13.93,16.31,19692,Electric,Dealer,Automatic,1
Verna,2017,6.41,11.2,79619,Electric,Dealer,Manual,2
Verna,2019,15.48,19.31,113949,Diesel,Individual,Automatic,0
Innova,2023,8.14,16.15,42654,CNG,Dealer,Automatic,0
Ertiga,2005,7.29,12.01,76651,Electric,Dealer,Manual,0
Verna,2017,3.95,9.37,133604,CNG,Individual,Automatic,0
Innova,2005,10.84,20.41,45376,Petrol,Individual,Automatic,0
Baleno,2020,11.99,22.95,174026,CNG,Individual,Manual,2
Verna,2016,9.75,15.78,153261,Electric,Dealer,Automatic,2
Swift,2023,1.63,3.39,73036,Diesel,Individual,Automatic,2
Fortuner,2009,5.82,10.86,18864,CNG,Dealer,Automatic,1
Creta,2021,11.21,17.06,25139,Petrol,Dealer,Automatic,1
Baleno,2014,6.68,8.97,187967,CNG,Dealer,Manual,0
Creta,2021,5.57,9.19,132113,Petrol,Dealer,Manual,2
Ertiga,2012,15.05,21.29,151448,Petrol,Individual,Automatic,0
Verna,2008,13.44,21.01,9555,CNG,Dealer,Automatic,2
Verna,2021,9.62,19.8,94665,Petrol,Dealer,Manual,0
Creta,2009,8.39,18.14,85590,Petrol,Individual,Manual,0
Baleno,2005,8.44,20.04,118048,Petrol,Dealer,Automatic,0
Baleno,2013,2.9,3.95,84074,Petrol,Dealer,Manual,0
Verna,2016,3.0,3.64,43156,CNG,Individual,Manual,2
WagonR,2024,3.61,8.32,154483,Petrol,Dealer,Manual,1
Baleno,2010,9.19,22.84,145804,Diesel,Individual,Automatic,2
Creta,2023,6.21,7.07,181560,CNG,Individual,Automatic,0
i20,2021,6.25,8.01,34581,Petrol,Individual,Manual,2
Ertiga,2009,10.47,13.91,99699,Petrol,Dealer,Automatic,1
Verna,2008,8.03,11.47,124785,Electric,Dealer,Automatic,1
Innova,2018,6.06,7.15,23247,CNG,Dealer,Manual,2
Baleno,2020,11.01,17.79,108905,Petrol,Dealer,Automatic,1
Creta,2023,21.14,24.51,199361,Petrol,Individual,Manual,1
Fortuner,2011,7.42,16.09,110981,Electric,Individual,Automatic,2
Fortuner,2017,7.6,10.83,179765,Electric,Individual,Manual,1
Creta,2008,3.69,5.69,133277,Petrol,Dealer,Manual,0
i20,2020,10.6,17.92,51948,Diesel,Individual,Manual,0
Innova,2021,9.96,19.89,127164,Electric,Individual,Automatic,2
Baleno,2022,3.04,3.39,13283,Electric,Individual,Automatic,1
Verna,2019,6.4,13.11,13613,Diesel,Individual,Automatic,0
WagonR,2014,14.66,18.75,132783,Electric,Individual,Automatic,2
WagonR,2010,7.52,14.15,107599,Electric,Individual,Automatic,1
i20,2006,1.68,3.62,16827,CNG,Dealer,Automatic,1
Swift,2008,7.53,12.42,98681,Diesel,Dealer,Manual,2
Verna,2014,6.94,16.04,185352,Petrol,Individual,Manual,0
Fortuner,2022,7.41,10.17,125824,Electric,Individual,Manual,2
Fortuner,2020,9.39,15.94,87972,CNG,Dealer,Automatic,0
i20,2011,8.37,10.39,136797,Diesel,Individual,Automatic,1
Ertiga,2011,11.43,13.93,24744,Diesel,Individual,Automatic,0
WagonR,2014,19.99,24.92,110389,Petrol,Dealer,Automatic,1
City,2007,9.86,15.46,144215,CNG,Dealer,Automatic,2
Fortuner,2014,6.97,12.52,146544,Electric,Individual,Automatic,2
Ertiga,2022,4.98,6.97,9876,Diesel,Individual,Manual,2
WagonR,2019,5.92,8.89,172228,Electric,Dealer,Manual,1
Verna,2019,4.83,6.25,44445,Electric,Individual,Automatic,0
Creta,2011,17.54,21.61,74975,CNG,Dealer,Automatic,0
Verna,2008,3.29,6.3,12262,Electric,Individual,Automatic,1
Verna,2006,3.48,7.44,76489,CNG,Dealer,Manual,2
Baleno,2020,16.77,20.21,19503,CNG,Individual,Manual,1
Creta,2016,10.64,17.78,28673,Diesel,Dealer,Manual,2
Baleno,2023,12.56,23.89,142693,Diesel,Dealer,Automatic,1
City,2023,16.68,19.22,66849,Diesel,Dealer,Manual,0
Swift,2013,10.53,12.67,71664,Electric,Individual,Manual,1
Verna,2022,6.45,12.32,183975,Diesel,Individual,Automatic,2
WagonR,2016,15.23,21.07,10524,Petrol,Dealer,Manual,1
i20,2022,10.08,11.46,172496,Petrol,Dealer,Automatic,1
Verna,2005,19.88,23.02,108016,CNG,Dealer,Manual,1
i20,2011,18.8,21.91,47002,Electric,Dealer,Automatic,0
i20,2020,11.53,13.36,113255,Electric,Dealer,Manual,2
Ertiga,2013,8.63,14.14,97237,CNG,Individual,Manual,0
Fortuner,2010,7.89,16.86,173060,Diesel,Individual,Automatic,2
Creta,2007,3.58,5.44,70432,Electric,Individual,Automatic,1
i20,2009,6.08,8.73,185215,CNG,Dealer,Manual,1
WagonR,2016,6.11,7.0,103912,Diesel,Dealer,Manual,2
City,2024,14.89,16.79,28324,CNG,Dealer,Manual,1
i20,2024,5.9,12.44,73198,Diesel,Dealer,Manual,2
Innova,2021,10.23,12.57,123936,Petrol,Dealer,Manual,0
Fortuner,2013,5.52,9.34,134543,Diesel,Dealer,Automatic,2
Swift,2011,9.71,12.2,112092,CNG,Individual,Manual,2
Innova,2019,15.88,22.96,101898,Petrol,Dealer,Automatic,0
Fortuner,2015,18.17,24.44,109216,Electric,Individual,Manual,0
Innova,2022,3.71,4.29,92257,CNG,Dealer,Manual,1
i20,2021,14.78,16.63,84300,Diesel,Dealer,Manual,1
Creta,2010,11.81,14.08,93913,Petrol,Individual,Automatic,0
Innova,2013,4.95,5.57,16576,CNG,Individual,Automatic,1
Fortuner,2013,10.85,16.48,74142,Diesel,Individual,Automatic,0
Innova,2022,15.64,21.77,177338,Petrol,Dealer,Manual,0
Innova,2012,3.73,7.03,128272,Electric,Dealer,Automatic,0
Innova,2019,7.38,10.84,190867,Electric,Dealer,Manual,0
Creta,2016,2.48,5.06,79479,CNG,Dealer,Manual,2
Innova,2023,3.65,6.97,25141,Petrol,Individual,Manual,1
Baleno,2008,10.09,11.67,159753,CNG,Dealer,Manual,0
Verna,2019,13.62,21.28,177894,Petrol,Individual,Manual,2
WagonR,2024,20.9,23.92,90174,Diesel,Dealer,Manual,2
Ertiga,2014,7.8,10.11,19558,Electric,Dealer,Automatic,1
City,2010,3.68,8.28,109573,Diesel,Individual,Automatic,1
Verna,2009,4.52,5.65,133672,Diesel,Individual,Manual,1
Innova,2021,6.24,7.4,121770,CNG,Individual,Manual,1
Baleno,2016,11.81,16.51,118798,Petrol,Individual,Automatic,2
Innova,2012,8.24,17.25,192075,Petrol,Individual,Automatic,1
Creta,2007,12.63,22.96,130202,CNG,Dealer,Automatic,1
Ertiga,2023,3.48,4.05,25062,Petrol,Individual,Automatic,0
i20,2019,14.14,17.54,154023,CNG,Dealer,Manual,0
Swift,2019,5.71,6.95,52764,Petrol,Individual,Automatic,1
Verna,2023,11.83,18.93,180704,CNG,Dealer,Manual,0
Baleno,2007,10.29,19.43,163348,Electric,Dealer,Manual,1
Fortuner,2008,2.1,3.29,176914,Electric,Individual,Automatic,2
Swift,2017,9.57,20.7,27973,Diesel,Dealer,Manual,2
Creta,2011,14.03,21.9,59848,Diesel,Individual,Manual,0
Swift,2014,12.7,19.93,43840,Petrol,Dealer,Manual,2
Innova,2019,9.92,24.21,128598,Diesel,Dealer,Automatic,2
Fortuner,2017,1.86,4.12,7064,Electric,Individual,Automatic,0
WagonR,2020,8.2,11.79,139573,Electric,Dealer,Manual,2
Verna,2005,8.31,12.28,87798,Electric,Individual,Manual,1
Fortuner,2024,14.77,23.66,95902,Petrol,Dealer,Automatic,2
City,2011,6.87,13.32,119848,CNG,Individual,Manual,1
i20,2017,17.52,24.12,181451,Electric,Dealer,Manual,1
Creta,2007,8.6,17.68,38841,Electric,Dealer,Automatic,1
Swift,2014,3.46,8.16,150969,CNG,Individual,Automatic,2
Baleno,2010,2.85,6.84,136983,CNG,Individual,Manual,2
i20,2012,3.64,5.66,63745,CNG,Dealer,Automatic,0
Innova,2021,12.27,16.29,32300,Electric,Dealer,Manual,2
Swift,2024,16.41,20.21,31704,Petrol,Dealer,Manual,0
Ertiga,2016,4.86,6.45,81578,Electric,Dealer,Manual,2
City,2016,4.78,10.36,41116,Electric,Individual,Manual,0
Verna,2020,5.1,10.51,137388,CNG,Individual,Automatic,2
City,2012,3.87,6.34,143844,Diesel,Individual,Automatic,1
i20,2019,19.09,23.94,140307,Petrol,Individual,Manual,0
Fortuner,2021,13.52,23.76,27224,Diesel,Individual,Manual,1
WagonR,2006,8.33,17.52,173156,Petrol,Individual,Automatic,1
i20,2022,17.14,22.22,194150,Petrol,Individual,Manual,2
WagonR,2017,10.82,12.82,58774,Electric,Individual,Automatic,0
Creta,2014,2.75,4.85,145884,CNG,Dealer,Manual,2
Creta,2022,7.68,9.87,94314,Petrol,Dealer,Automatic,0
Swift,2014,8.64,18.98,137454,CNG,Individual,Automatic,0
WagonR,2006,12.26,19.64,37702,Petrol,Individual,Automatic,0
WagonR,2023,11.31,15.44,169559,Diesel,Individual,Automatic,1
City,2023,10.48,17.79,192262,Petrol,Individual,Manual,1
Fortuner,2019,3.16,5.16,191552,Petrol,Dealer,Manual,1
Ertiga,2009,5.92,13.48,121959,Electric,Individual,Automatic,2
Innova,2020,12.66,17.0,120364,Electric,Dealer,Manual,2
Ertiga,2009,6.35,13.66,124986,Petrol,Dealer,Automatic,1
Baleno,2006,11.35,19.42,151545,Electric,Dealer,Manual,1
i20,2023,4.47,9.37,142042,CNG,Individual,Automatic,1
WagonR,2020,1.71,3.62,42452,Electric,Dealer,Automatic,1
Baleno,2011,4.53,7.03,198897,CNG,Dealer,Manual,1
i20,2020,9.77,15.61,153311,Electric,Individual,Manual,0
Creta,2021,12.47,17.0,122946,CNG,Dealer,Automatic,1
Innova,2012,15.29,22.81,93866,CNG,Dealer,Manual,2
Baleno,2005,8.64,15.58,190440,Petrol,Dealer,Manual,2
Swift,2021,4.67,7.17,129737,Petrol,Dealer,Manual,1
WagonR,2011,6.88,8.4,189973,Electric,Dealer,Automatic,1
Creta,2023,2.27,3.99,11098,Electric,Dealer,Automatic,1
Verna,2013,3.35,5.0,31039,Diesel,Dealer,Automatic,0
Swift,2009,7.21,9.75,111765,CNG,Dealer,Manual,2
Fortuner,2006,5.35,9.56,30885,CNG,Individual,Automatic,0
Innova,2006,5.17,7.46,161501,Electric,Dealer,Automatic,0
Swift,2015,5.73,13.23,111712,Electric,Dealer,Manual,1
Ertiga,2022,10.91,24.2,181972,Diesel,Individual,Automatic,1
Creta,2007,10.85,21.62,136185,CNG,Dealer,Manual,2
Swift,2018,15.11,24.15,150529,Electric,Individual,Manual,0
Verna,2006,12.63,23.54,131402,Electric,Individual,Manual,2
WagonR,2021,7.07,9.19,47314,Petrol,Individual,Manual,1
Verna,2008,14.43,21.27,195073,Electric,Dealer,Automatic,2
City,2015,10.63,16.97,190533,CNG,Individual,Manual,1
Swift,2024,4.78,10.23,186363,Electric,Dealer,Manual,2
Fortuner,2010,9.09,12.09,187580,Petrol,Dealer,Manual,2
Fortuner,2019,15.76,17.79,97535,CNG,Individual,Manual,2
Innova,2005,4.98,5.74,102119,Petrol,Dealer,Manual,1
City,2016,5.14,7.21,165810,Diesel,Individual,Automatic,0
City,2013,10.43,13.84,189561,Petrol,Dealer,Automatic,0
City,2013,7.53,15.52,134502,Diesel,Dealer,Manual,2
Ertiga,2007,4.8,5.8,154396,CNG,Dealer,Manual,2
Innova,2022,11.23,16.52,183436,Petrol,Individual,Manual,1
Ertiga,2018,11.59,21.58,111660,Electric,Individual,Automatic,2
Fortuner,2006,9.5,22.44,63863,Electric,Individual,Manual,1
City,2011,8.33,10.36,154899,Electric,Dealer,Manual,0
Baleno,2010,7.3,10.24,21474,Petrol,Individual,Automatic,0
City,2023,16.85,20.54,92635,Petrol,Individual,Manual,1
Baleno,2006,16.8,21.08,141229,Electric,Dealer,Automatic,2
Fortuner,2008,4.19,4.88,20908,CNG,Dealer,Manual,0
Baleno,2019,3.0,4.21,165101,Petrol,Dealer,Manual,1
City,2017,9.19,11.84,166822,Petrol,Individual,Automatic,1
Swift,2018,10.08,22.36,167327,Electric,Individual,Manual,0
City,2008,1.42,3.27,191987,Diesel,Individual,Automatic,1
Creta,2020,9.34,18.94,121555,Petrol,Dealer,Manual,1
Verna,2023,9.78,12.59,175840,Diesel,Dealer,Automatic,1
Ertiga,2024,9.33,10.54,101686,Diesel,Dealer,Manual,2
City,2022,12.52,21.89,115640,Diesel,Dealer,Automatic,0
i20,2020,12.8,18.29,127526,CNG,Individual,Automatic,1
Swift,2010,3.44,5.31,16060,Diesel,Dealer,Automatic,2
i20,2011,6.48,8.26,197567,Electric,Dealer,Automatic,0
Ertiga,2005,6.36,10.98,24328,Petrol,Dealer,Automatic,1
Swift,2011,7.13,16.89,99348,Diesel,Dealer,Automatic,0
Ertiga,2012,10.95,22.48,193438,Diesel,Dealer,Manual,0
Creta,2010,8.84,21.54,31526,Electric,Dealer,Automatic,0
Creta,2014,10.49,13.04,101899,Electric,Dealer,Manual,0
i20,2009,13.65,20.49,55248,CNG,Individual,Manual,0
Creta,2024,8.71,15.92,145369,CNG,Dealer,Manual,2
Innova,2013,19.63,22.2,138239,Diesel,Dealer,Automatic,2
Ertiga,2024,2.63,4.43,138330,CNG,Individual,Automatic,0
Innova,2015,13.95,18.67,142750,Electric,Individual,Automatic,2
City,2023,8.81,17.29,59316,Electric,Dealer,Automatic,0
i20,2014,8.47,12.35,103850,CNG,Dealer,Manual,0
Swift,2014,6.58,12.78,97163,Electric,Individual,Automatic,1
i20,2019,10.04,12.52,101341,CNG,Individual,Manual,0
Baleno,2019,3.56,8.14,174175,CNG,Dealer,Automatic,0
City,2008,2.35,5.61,99433,CNG,Dealer,Automatic,1
City,2014,15.95,19.39,184185,Diesel,Individual,Manual,1
WagonR,2014,18.41,21.09,110856,Petrol,Individual,Manual,1
Ertiga,2012,5.09,7.99,60017,Electric,Individual,Automatic,0
Fortuner,2015,16.97,21.61,117405,Diesel,Individual,Automatic,2
Verna,2005,9.41,11.24,156390,Petrol,Individual,Automatic,1
Ertiga,2012,9.49,12.22,184768,CNG,Individual,Manual,2
i20,2006,20.7,23.29,45289,Electric,Individual,Manual,1
i20,2007,9.41,14.76,54371,Electric,Individual,Manual,0
WagonR,2008,7.43,17.85,51566,Electric,Dealer,Manual,0
City,2007,12.49,23.05,106159,CNG,Dealer,Automatic,0
Fortuner,2016,8.12,14.41,50043,Electric,Dealer,Manual,0
City,2022,5.3,12.21,199810,Diesel,Dealer,Automatic,1
WagonR,2020,5.64,6.49,155756,Diesel,Individual,Automatic,0
Fortuner,2005,10.71,24.8,121845,Diesel,Individual,Automatic,1
Innova,2019,6.98,15.67,198276,CNG,Individual,Automatic,2
Fortuner,2010,10.31,12.13,52075,Electric,Individual,Manual,2
City,2023,4.45,5.1,188145,Diesel,Individual,Automatic,2
Innova,2007,15.63,18.36,194375,Electric,Dealer,Automatic,0
Creta,2008,8.53,14.1,90462,CNG,Dealer,Manual,1
Innova,2005,3.4,4.61,187055,Electric,Individual,Automatic,0
Creta,2017,1.75,3.83,70694,CNG,Individual,Automatic,1
Innova,2007,2.51,4.82,177234,Diesel,Individual,Automatic,0
Verna,2010,9.66,21.45,164118,Petrol,Individual,Manual,0
Creta,2005,11.1,17.9,45238,Diesel,Dealer,Manual,1
Baleno,2006,15.42,21.4,142068,Electric,Individual,Automatic,0
City,2024,2.43,3.1,103931,CNG,Dealer,Manual,0
City,2005,6.98,12.28,8816,Petrol,Dealer,Manual,2
Baleno,2010,11.51,18.93,16537,CNG,Individual,Manual,2
Baleno,2011,20.48,23.56,108563,Diesel,Dealer,Manual,1
Swift,2015,4.96,6.82,110418,Electric,Dealer,Automatic,0
i20,2007,12.67,17.48,77995,Petrol,Dealer,Manual,1
Baleno,2014,17.73,19.89,135960,Diesel,Individual,Manual,2
Creta,2015,14.61,24.59,187534,CNG,Dealer,Automatic,2
WagonR,2020,3.16,4.49,9626,Electric,Individual,Manual,2
WagonR,2023,9.55,18.5,8484,Petrol,Individual,Manual,2
Creta,2018,8.64,19.66,167467,CNG,Individual,Automatic,0
WagonR,2009,4.72,11.27,173306,Electric,Individual,Manual,1
Fortuner,2015,11.33,17.16,15382,CNG,Dealer,Manual,2
City,2015,7.06,10.54,58953,Diesel,Individual,Automatic,0
Baleno,2019,14.08,16.86,21938,Diesel,Dealer,Manual,0
City,2009,3.39,5.02,160354,Diesel,Dealer,Automatic,2
Fortuner,2019,4.91,9.85,194182,Diesel,Dealer,Automatic,1
Innova,2023,6.44,12.86,171619,Petrol,Individual,Automatic,1
Fortuner,2010,8.72,13.36,115807,Diesel,Individual,Manual,1
Creta,2018,15.2,21.79,83703,Diesel,Individual,Automatic,1
Innova,2014,8.84,12.98,103342,Petrol,Individual,Manual,2
Ertiga,2020,2.94,7.31,54709,CNG,Individual,Automatic,1
Verna,2017,14.42,24.35,102817,Petrol,Individual,Manual,0
Fortuner,2017,11.69,23.51,47562,CNG,Individual,Automatic,2
Fortuner,2016,10.86,18.32,175631,Diesel,Dealer,Automatic,0
Creta,2016,6.99,16.88,182320,CNG,Individual,Manual,1
Swift,2012,13.34,16.25,178697,Petrol,Dealer,Automatic,1
City,2023,16.11,24.43,26062,Electric,Dealer,Automatic,1
Fortuner,2014,10.22,14.01,144775,CNG,Individual,Manual,0
Verna,2023,16.21,20.09,95280,Diesel,Individual,Automatic,0
Fortuner,2010,9.4,20.96,5413,Electric,Individual,Automatic,0
Innova,2010,5.25,11.24,189561,Diesel,Dealer,Automatic,2
City,2011,5.49,7.08,20461,CNG,Individual,Automatic,2
Verna,2024,2.61,5.4,171837,Petrol,Individual,Manual,1
Innova,2007,5.45,10.53,158523,Petrol,Dealer,Manual,1
Ertiga,2005,7.91,17.64,15973,Petrol,Individual,Automatic,1
i20,2020,12.08,19.65,163432,CNG,Individual,Manual,1
i20,2017,10.06,11.33,20005,Petrol,Dealer,Automatic,2
Baleno,2017,7.82,18.95,41402,CNG,Dealer,Automatic,1
City,2024,11.9,18.1,129570,Petrol,Individual,Manual,2
Innova,2016,12.5,22.22,197888,Diesel,Individual,Automatic,2
Innova,2024,12.57,20.47,96313,Petrol,Individual,Automatic,2
Ertiga,2011,15.64,18.66,141329,Petrol,Dealer,Automatic,0
Innova,2014,19.04,21.31,148850,Diesel,Individual,Manual,1
Baleno,2022,4.03,8.3,60480,Petrol,Individual,Manual,0
Verna,2015,11.66,22.86,78494,Electric,Dealer,Manual,2
City,2020,2.83,4.99,186347,Petrol,Individual,Automatic,2
Fortuner,2017,15.36,17.39,152298,Diesel,Dealer,Automatic,0
WagonR,2014,2.81,4.93,28367,Diesel,Dealer,Automatic,0
Verna,2015,18.44,23.99,156235,Petrol,Dealer,Automatic,1
Creta,2015,17.31,19.97,183074,Diesel,Dealer,Automatic,0
Verna,2022,10.27,21.75,87818,Diesel,Individual,Automatic,0
Swift,2024,7.61,9.23,179417,CNG,Individual,Manual,1
Fortuner,2023,8.75,13.52,61545,Petrol,Individual,Manual,2
Swift,2011,16.25,21.66,64001,Diesel,Individual,Automatic,1
Fortuner,2010,14.78,24.8,148639,Electric,Individual,Automatic,1
City,2007,7.91,14.61,79197,Electric,Dealer,Manual,1
Verna,2023,18.19,22.05,19188,Electric,Dealer,Manual,1
City,2020,4.75,9.4,42964,Petrol,Individual,Manual,2
Creta,2009,8.34,11.28,116964,Petrol,Dealer,Automatic,1
i20,2010,21.18,23.79,35761,Electric,Dealer,Automatic,0
WagonR,2006,3.61,5.61,108978,Diesel,Individual,Manual,1
Swift,2017,5.63,9.05,176231,Petrol,Dealer,Manual,0
WagonR,2020,8.77,17.11,138627,Electric,Individual,Manual,2
Verna,2010,8.6,11.45,173977,Diesel,Dealer,Automatic,0
Ertiga,2022,2.9,7.07,188695,Electric,Dealer,Manual,0
Swift,2008,5.21,6.97,162051,Electric,Individual,Manual,0
Ertiga,2009,7.52,15.65,176085,CNG,Dealer,Manual,0
Swift,2021,4.65,9.57,147718,Diesel,Individual,Manual,2
Innova,2014,8.22,17.5,121633,CNG,Individual,Manual,2
City,2008,9.12,17.58,16727,Diesel,Individual,Manual,0
Creta,2024,8.78,15.15,160132,Electric,Dealer,Automatic,1
Baleno,2017,10.37,17.29,47813,CNG,Individual,Manual,2
City,2011,2.43,4.55,197066,CNG,Dealer,Automatic,0
WagonR,2015,14.64,24.83,118672,Diesel,Dealer,Automatic,0
i20,2022,3.27,5.42,148751,Petrol,Individual,Automatic,1
Baleno,2009,11.87,22.11,64183,Electric,Dealer,Automatic,0
WagonR,2008,5.76,6.87,195926,Electric,Dealer,Automatic,2
Baleno,2023,11.8,22.04,149583,Petrol,Dealer,Automatic,1
Ertiga,2010,7.83,10.59,199326,Electric,Individual,Manual,1
Creta,2005,8.65,18.11,191967,Diesel,Individual,Automatic,0
Fortuner,2016,13.73,18.57,70303,Electric,Dealer,Automatic,1
Ertiga,2019,12.31,14.05,77305,Diesel,Individual,Manual,1
Baleno,2018,14.31,19.95,28629,Diesel,Dealer,Manual,2
Innova,2006,3.29,4.86,79934,Petrol,Individual,Manual,1
Baleno,2020,12.1,14.33,182412,Electric,Dealer,Manual,2
i20,2005,12.48,18.71,189180,Diesel,Dealer,Automatic,0
Creta,2021,10.01,22.88,50826,CNG,Dealer,Automatic,1
City,2017,3.84,6.75,34683,Petrol,Individual,Automatic,1
WagonR,2014,6.78,8.82,5585,Electric,Dealer,Automatic,2
WagonR,2021,18.37,21.17,14287,Electric,Dealer,Automatic,0
Swift,2024,7.58,13.13,83210,CNG,Dealer,Automatic,1
Ertiga,2005,2.61,5.23,133986,Diesel,Individual,Manual,1
Innova,2005,3.37,6.42,177132,Electric,Individual,Automatic,1
Baleno,2018,18.23,22.63,145621,Electric,Individual,Manual,0
City,2016,11.27,19.44,6523,Petrol,Dealer,Automatic,0
Creta,2009,9.93,11.68,91825,Diesel,Individual,Automatic,0
Creta,2018,11.01,13.76,134910,CNG,Individual,Automatic,0
i20,2008,11.15,24.07,10544,Petrol,Dealer,Manual,2
Fortuner,2015,9.57,12.45,161522,Electric,Individual,Automatic,1
Ertiga,2007,13.99,19.74,69945,Diesel,Dealer,Automatic,0
Fortuner,2013,18.23,24.87,69842,Diesel,Individual,Manual,2
WagonR,2021,14.73,16.44,54458,Diesel,Dealer,Manual,0
Fortuner,2017,3.32,3.84,55378,Petrol,Dealer,Manual,0
City,2017,8.97,11.96,85332,Diesel,Individual,Automatic,1
Baleno,2006,6.06,14.22,173787,CNG,Individual,Automatic,1
Swift,2018,4.14,8.43,17466,Petrol,Individual,Manual,1
Creta,2020,4.13,9.16,163996,CNG,Individual,Automatic,1
Ertiga,2014,2.22,5.45,180360,Diesel,Individual,Automatic,2
i20,2016,12.85,19.34,159379,Diesel,Individual,Manual,2
WagonR,2017,2.29,4.92,32883,Petrol,Dealer,Manual,0
WagonR,2019,20.34,23.36,24629,CNG,Individual,Automatic,0
Fortuner,2022,8.75,18.86,16484,CNG,Individual,Automatic,1
Ertiga,2008,14.78,23.04,22749,Petrol,Dealer,Automatic,2
City,2009,4.03,9.37,153419,Electric,Individual,Manual,0
Fortuner,2019,13.3,19.52,105702,Electric,Individual,Manual,0
Swift,2005,4.54,6.52,62096,Electric,Individual,Automatic,0
City,2014,8.54,18.58,149743,Petrol,Dealer,Automatic,0
Verna,2009,20.49,23.73,77812,Petrol,Dealer,Manual,2
i20,2008,2.17,3.03,96085,CNG,Dealer,Automatic,2
Swift,2009,6.56,11.98,165296,Petrol,Individual,Manual,2
WagonR,2013,4.61,6.89,9099,Petrol,Individual,Automatic,2
Verna,2024,7.72,15.12,120916,Diesel,Individual,Manual,1
Innova,2012,11.14,19.06,118745,Petrol,Individual,Manual,1
Innova,2010,10.35,20.94,51166,Diesel,Individual,Manual,1
City,2010,16.72,22.48,108336,Petrol,Dealer,Manual,1
Baleno,2012,11.52,13.01,174114,Diesel,Dealer,Manual,1
Swift,2017,2.7,3.46,8552,Diesel,Dealer,Manual,1
Swift,2009,9.62,23.65,162191,Petrol,Individual,Manual,0
Creta,2009,11.48,13.57,152548,CNG,Individual,Automatic,0
Ertiga,2012,2.26,4.23,186414,Petrol,Dealer,Manual,0
Fortuner,2022,8.04,9.53,139097,Diesel,Dealer,Manual,0
Verna,2012,7.15,12.4,43633,Diesel,Individual,Manual,1
Verna,2010,11.18,24.8,63857,CNG,Dealer,Automatic,0
WagonR,2016,19.76,23.31,27230,Diesel,Dealer,Automatic,2
Verna,2015,9.92,16.19,183109,CNG,Individual,Manual,1
Baleno,2020,14.14,17.56,74573,Petrol,Dealer,Manual,1
Innova,2009,9.25,11.59,194095,Petrol,Dealer,Automatic,2
Creta,2013,5.55,6.18,89686,Electric,Individual,Automatic,1
i20,2018,9.52,13.59,113513,Diesel,Dealer,Automatic,1
Ertiga,2022,9.01,13.94,144924,Diesel,Individual,Manual,2
City,2018,11.75,14.59,186796,Petrol,Dealer,Automatic,0
Innova,2011,14.45,24.87,9496,Diesel,Dealer,Manual,1
Creta,2016,11.86,21.67,41529,Electric,Dealer,Manual,0
Creta,2006,17.12,19.43,35732,Electric,Dealer,Automatic,1
Innova,2006,12.73,18.43,178735,Diesel,Dealer,Manual,1
Fortuner,2009,1.93,4.74,25202,Diesel,Dealer,Automatic,2
Innova,2009,17.02,19.46,188124,Electric,Individual,Automatic,2
Swift,2005,4.0,9.31,45864,Diesel,Dealer,Manual,1
Verna,2018,12.16,17.96,124091,CNG,Dealer,Automatic,0
Creta,2013,14.37,24.41,141708,Diesel,Individual,Manual,0
Baleno,2017,4.95,7.04,151615,Electric,Individual,Automatic,2
i20,2017,9.06,21.2,48207,Electric,Dealer,Automatic,0
i20,2008,3.72,4.71,163122,Petrol,Dealer,Automatic,0
Verna,2022,3.73,5.34,60550,Diesel,Dealer,Manual,0
WagonR,2013,3.32,4.87,154454,Electric,Dealer,Manual,1
Verna,2007,21.15,23.76,7222,Electric,Dealer,Automatic,1
i20,2016,18.01,24.42,189197,Electric,Dealer,Manual,0
Swift,2023,14.22,20.51,130030,CNG,Dealer,Manual,2
City,2019,2.11,4.73,169089,Diesel,Dealer,Manual,2
i20,2021,18.02,24.83,164577,Electric,Dealer,Automatic,1
Fortuner,2016,7.02,16.72,117958,Diesel,Dealer,Manual,0
Swift,2023,7.54,16.81,135422,Diesel,Individual,Manual,1
Creta,2008,11.28,13.01,49490,Petrol,Individual,Automatic,1
Verna,2007,3.58,4.56,191293,Electric,Individual,Automatic,2
i20,2009,15.25,23.68,154090,CNG,Individual,Automatic,2
i20,2009,10.44,12.7,139343,CNG,Dealer,Automatic,2
Swift,2019,3.7,8.78,183927,Diesel,Dealer,Manual,0
Baleno,2014,6.76,11.27,154457,Diesel,Individual,Automatic,2
Innova,2007,7.7,10.68,127811,Petrol,Dealer,Manual,2
City,2008,18.18,23.18,109056,Electric,Individual,Manual,1
Innova,2015,12.62,24.92,132479,Petrol,Individual,Automatic,0
City,2022,3.04,6.43,128199,CNG,Dealer,Automatic,0
City,2016,10.32,20.37,129101,Petrol,Individual,Automatic,1
Baleno,2010,2.6,4.84,23155,CNG,Individual,Automatic,2
Swift,2011,8.72,17.73,73012,Petrol,Individual,Automatic,1
Ertiga,2010,4.72,7.37,114864,Diesel,Individual,Automatic,2
WagonR,2023,7.87,11.56,7603,Diesel,Dealer,Manual,1
Innova,2015,2.87,3.31,125234,CNG,Dealer,Automatic,1
Creta,2021,16.47,18.89,123111,Electric,Dealer,Manual,0
WagonR,2011,9.64,12.24,148153,Electric,Dealer,Automatic,0
i20,2011,21.39,24.38,156214,CNG,Dealer,Automatic,1
Innova,2021,15.76,21.02,37701,Electric,Individual,Automatic,1
Creta,2022,5.65,12.37,93034,Electric,Individual,Automatic,0
Verna,2022,9.94,16.09,147282,Electric,Individual,Manual,0
Fortuner,2008,3.52,4.97,9306,Petrol,Individual,Manual,2
Fortuner,2019,10.33,14.07,13555,Diesel,Dealer,Automatic,2
i20,2017,4.83,5.52,128096,Electric,Individual,Automatic,0
Verna,2016,10.95,20.21,138054,CNG,Individual,Manual,0
i20,2018,1.77,3.72,11880,CNG,Individual,Manual,2
Fortuner,2018,4.13,8.32,107593,Petrol,Individual,Manual,2
i20,2017,14.74,24.5,50538,Diesel,Individual,Manual,0
Fortuner,2009,9.7,14.09,170528,CNG,Dealer,Automatic,0
WagonR,2007,2.05,5.05,119667,Diesel,Dealer,Manual,2
Innova,2017,1.66,3.56,197458,CNG,Dealer,Manual,2
Fortuner,2012,7.82,9.53,145356,CNG,Dealer,Automatic,0
Baleno,2009,14.99,16.8,172349,Petrol,Individual,Manual,0
Innova,2009,4.11,9.21,52350,CNG,Dealer,Automatic,0
Baleno,2020,8.95,20.5,113460,Diesel,Individual,Automatic,1
Creta,2019,11.42,20.79,52135,Petrol,Dealer,Automatic,1
Creta,2020,16.76,24.89,162284,CNG,Dealer,Manual,2
Creta,2005,9.7,14.79,140789,Diesel,Individual,Manual,0
Creta,2005,4.51,10.21,62609,CNG,Individual,Automatic,0
Innova,2007,7.75,10.67,149571,Electric,Individual,Automatic,0
Verna,2013,5.6,6.81,185107,Electric,Dealer,Automatic,0
Innova,2011,14.79,23.98,132882,Electric,Individual,Automatic,2
i20,2008,8.18,16.36,117541,CNG,Dealer,Automatic,0
Verna,2006,16.7,24.08,71339,CNG,Individual,Manual,0
i20,2010,16.55,20.8,117561,Diesel,Dealer,Manual,2
i20,2016,5.16,11.18,87431,Petrol,Individual,Manual,1
Fortuner,2023,13.96,20.5,65987,CNG,Dealer,Manual,0
Baleno,2022,7.96,9.12,164358,Electric,Individual,Automatic,1
Verna,2011,4.77,7.34,134481,Electric,Dealer,Manual,1
WagonR,2010,9.6,16.23,159971,Petrol,Individual,Manual,2
Fortuner,2023,13.41,24.74,126050,Petrol,Dealer,Automatic,2
Fortuner,2005,3.69,4.53,29935,CNG,Individual,Automatic,1
Swift,2017,3.07,4.75,87096,Electric,Individual,Automatic,1
City,2008,9.73,21.55,166998,Petrol,Dealer,Manual,0
Creta,2015,13.56,21.95,194858,Petrol,Dealer,Automatic,2
Swift,2005,12.48,23.55,18760,Petrol,Dealer,Automatic,0
Fortuner,2013,8.16,10.25,165628,CNG,Dealer,Manual,2
WagonR,2019,4.69,5.64,88711,Electric,Individual,Manual,2
Verna,2021,6.06,8.29,130285,CNG,Individual,Manual,0
Ertiga,2013,8.77,19.86,191484,Diesel,Dealer,Manual,0
Innova,2020,3.18,4.33,8441,Electric,Dealer,Automatic,0
Ertiga,2015,5.93,7.59,159802,CNG,Individual,Automatic,2
City,2009,18.56,21.65,32698,CNG,Individual,Automatic,2
Verna,2021,3.69,7.47,109911,Electric,Dealer,Automatic,2
City,2008,4.82,6.24,33094,Petrol,Individual,Manual,1
Verna,2005,8.44,13.48,144168,Petrol,Dealer,Automatic,1
i20,2011,3.88,6.31,136646,Petrol,Individual,Automatic,1
Fortuner,2008,3.13,4.08,105275,Diesel,Individual,Manual,1
Ertiga,2010,11.31,16.07,143821,Electric,Dealer,Manual,2
Swift,2012,11.03,24.1,62561,CNG,Dealer,Manual,2
Fortuner,2008,6.79,9.06,167587,Electric,Individual,Manual,0
i20,2013,11.01,13.89,49834,CNG,Individual,Manual,0
Verna,2010,10.0,14.07,188624,Diesel,Dealer,Automatic,2
Creta,2007,5.67,6.67,92072,Petrol,Individual,Automatic,1
Creta,2005,5.81,6.91,74162,Petrol,Individual,Automatic,2
Swift,2005,8.74,13.74,69883,Petrol,Individual,Manual,2
Baleno,2021,5.26,6.68,43425,CNG,Individual,Automatic,1
Verna,2016,18.13,24.78,72460,CNG,Individual,Manual,1
WagonR,2014,14.66,18.62,140746,Electric,Dealer,Automatic,2
Fortuner,2021,9.01,19.02,10433,Diesel,Dealer,Automatic,1
Fortuner,2005,6.27,8.38,199251,CNG,Dealer,Manual,0
Ertiga,2017,14.3,17.05,76807,Electric,Dealer,Automatic,2
Verna,2016,15.66,22.54,107505,CNG,Dealer,Manual,2
Innova,2021,8.51,18.44,165528,CNG,Individual,Manual,0
Creta,2020,14.82,23.4,43569,CNG,Dealer,Automatic,1
Swift,2014,1.8,4.42,82260,Diesel,Individual,Manual,0
Swift,2020,5.61,9.73,117806,Petrol,Individual,Manual,1
Ertiga,2014,14.86,20.28,136594,Diesel,Dealer,Automatic,0
Swift,2011,6.82,12.51,26159,Electric,Individual,Manual,2
Verna,2017,10.41,12.3,30726,CNG,Dealer,Automatic,2
City,2015,15.35,20.7,41484,CNG,Dealer,Automatic,2
Innova,2011,5.28,9.62,27438,Diesel,Individual,Automatic,0
i20,2009,8.12,14.58,186962,Electric,Individual,Automatic,1
Ertiga,2018,9.99,24.15,125922,Petrol,Individual,Manual,0
i20,2024,15.84,22.95,68608,Diesel,Individual,Manual,1
Ertiga,2009,7.49,11.86,6560,Electric,Dealer,Manual,0
WagonR,2013,9.64,21.26,175362,Petrol,Individual,Automatic,2
Ertiga,2015,16.95,22.01,36835,Petrol,Dealer,Manual,2
Creta,2020,4.32,6.0,182125,CNG,Individual,Manual,1
Creta,2024,7.86,18.13,35070,Petrol,Dealer,Manual,0
Swift,2008,8.35,13.42,137593,Petrol,Individual,Automatic,1
WagonR,2010,11.16,21.05,148319,Electric,Dealer,Automatic,0
Ertiga,2005,3.68,7.07,177350,Diesel,Individual,Automatic,1
Verna,2014,11.44,17.69,159340,Electric,Individual,Manual,1
Innova,2018,8.65,20.9,43840,Petrol,Individual,Manual,2
WagonR,2014,3.17,3.75,175504,Electric,Dealer,Automatic,0
Creta,2019,12.07,22.41,125153,CNG,Dealer,Automatic,2
Creta,2021,5.65,11.59,21453,CNG,Individual,Automatic,2
Fortuner,2009,5.03,9.12,177607,Petrol,Individual,Automatic,1
Ertiga,2024,13.2,17.5,156005,CNG,Dealer,Automatic,2
Baleno,2023,8.69,10.66,166867,Petrol,Dealer,Manual,0
Innova,2008,15.3,17.64,135923,CNG,Dealer,Manual,0
Fortuner,2010,14.8,19.02,105685,Petrol,Dealer,Automatic,0
i20,2006,13.43,21.63,24105,Petrol,Dealer,Automatic,0
City,2019,7.77,11.31,172089,Diesel,Individual,Automatic,1
Ertiga,2014,3.83,7.96,199551,Diesel,Dealer,Manual,2
i20,2008,6.33,7.48,41847,Electric,Dealer,Automatic,0
Innova,2021,9.54,13.92,59388,CNG,Individual,Manual,0
WagonR,2019,10.39,12.41,103597,Petrol,Dealer,Automatic,0
i20,2008,9.79,13.97,18494,Petrol,Dealer,Automatic,1
Creta,2017,15.45,18.47,22813,CNG,Dealer,Manual,2
Ertiga,2024,9.93,14.0,109653,Petrol,Individual,Automatic,2
i20,2005,1.97,3.71,115468,Petrol,Dealer,Manual,2
Swift,2015,19.97,23.33,178889,Diesel,Individual,Manual,2
Baleno,2024,10.58,18.47,14269,Electric,Dealer,Automatic,0
Ertiga,2013,7.9,18.91,32279,Diesel,Individual,Automatic,1
Swift,2014,8.29,20.19,64704,Petrol,Dealer,Automatic,2
Fortuner,2005,8.99,15.15,18668,Diesel,Individual,Automatic,2
i20,2009,4.7,5.54,35931,CNG,Dealer,Automatic,1
City,2006,5.72,8.24,29114,Electric,Dealer,Manual,2
Innova,2012,8.94,20.88,25083,Diesel,Individual,Manual,1
Creta,2016,14.61,16.25,69027,Electric,Individual,Manual,2
i20,2007,2.35,4.68,147513,Diesel,Individual,Automatic,1
Verna,2022,4.93,9.44,176348,CNG,Dealer,Manual,1
Baleno,2018,11.91,18.52,168019,Diesel,Dealer,Manual,1
Creta,2022,5.83,7.64,102619,Petrol,Dealer,Automatic,2
Swift,2019,15.57,23.97,10580,CNG,Individual,Automatic,1
Swift,2007,2.55,4.31,164841,Electric,Individual,Automatic,0
Ertiga,2012,5.5,7.53,53346,Petrol,Individual,Manual,2
i20,2016,18.36,23.62,164577,CNG,Dealer,Manual,1
Swift,2024,9.93,12.55,117079,Petrol,Individual,Automatic,2
Ertiga,2019,8.43,12.32,193539,CNG,Dealer,Automatic,1
Verna,2012,3.19,5.9,8980,Petrol,Dealer,Automatic,1
Verna,2023,6.27,11.68,166362,CNG,Dealer,Manual,1
Innova,2023,14.45,17.54,74341,Electric,Dealer,Automatic,0
Ertiga,2019,2.44,3.81,99037,Diesel,Individual,Manual,2
Baleno,2007,6.14,9.08,164993,Electric,Dealer,Automatic,1
Creta,2013,11.36,22.12,38350,Diesel,Dealer,Manual,0
WagonR,2006,5.85,7.05,137833,CNG,Dealer,Manual,0
i20,2013,18.08,24.46,9225,Petrol,Dealer,Automatic,0
City,2007,9.28,14.15,34670,Diesel,Individual,Automatic,2
Creta,2018,3.83,4.57,116797,Petrol,Individual,Automatic,1
Verna,2018,14.45,22.74,103229,Petrol,Dealer,Automatic,0
WagonR,2014,9.69,23.47,159986,Diesel,Individual,Automatic,0
Creta,2017,15.5,21.28,13545,Electric,Dealer,Manual,0
Fortuner,2023,10.07,14.08,155585,Petrol,Dealer,Automatic,2
WagonR,2021,7.72,14.45,88083,CNG,Dealer,Automatic,0
Baleno,2016,6.25,8.08,87527,Diesel,Individual,Automatic,1
i20,2007,4.71,10.74,137551,Electric,Dealer,Automatic,1
City,2012,13.4,15.53,37841,Electric,Dealer,Automatic,1
Ertiga,2015,5.98,9.9,26366,Diesel,Individual,Manual,0
Ertiga,2019,2.04,3.34,36664,Electric,Dealer,Manual,0
Creta,2018,3.16,3.53,48761,Electric,Individual,Automatic,0
Baleno,2017,13.86,18.33,68290,CNG,Individual,Manual,2
Fortuner,2006,4.04,4.62,98050,Electric,Individual,Automatic,1
Ertiga,2009,14.99,19.14,194715,Petrol,Dealer,Manual,2
i20,2023,6.98,11.14,175237,Electric,Dealer,Automatic,0
Ertiga,2012,4.05,9.54,94421,Electric,Individual,Automatic,1
City,2015,8.28,19.66,42538,Electric,Individual,Automatic,0
Innova,2016,5.04,9.27,36077,Electric,Dealer,Manual,1
Verna,2013,21.34,24.75,32818,Diesel,Dealer,Manual,2
Swift,2021,13.71,19.61,12169,Diesel,Dealer,Automatic,0
Innova,2016,4.58,7.47,154727,Diesel,Individual,Automatic,0
Baleno,2008,8.26,12.78,118315,Diesel,Individual,Manual,1
i20,2007,14.79,19.37,63311,Diesel,Individual,Automatic,1
i20,2021,13.4,17.79,24421,Petrol,Individual,Manual,2
Swift,2021,7.3,9.99,151320,Petrol,Dealer,Manual,2
Verna,2017,16.35,22.19,62726,Electric,Dealer,Automatic,0
Baleno,2020,6.61,9.22,57054,Diesel,Dealer,Automatic,0
Swift,2020,11.53,15.27,59669,Electric,Individual,Automatic,2
Creta,2023,5.24,8.16,96410,CNG,Dealer,Automatic,2
i20,2020,8.21,13.78,170157,Electric,Individual,Manual,0
Innova,2008,14.74,24.18,80306,CNG,Dealer,Automatic,0
i20,2010,9.65,13.22,88599,Electric,Dealer,Automatic,1
Verna,2024,5.0,12.06,66567,Diesel,Individual,Manual,2
Innova,2015,5.31,8.76,88261,Electric,Individual,Automatic,0
Swift,2013,7.8,13.68,62395,CNG,Individual,Automatic,0
Baleno,2023,11.2,22.26,145512,CNG,Dealer,Manual,2
i20,2005,16.32,20.65,28659,CNG,Dealer,Manual,2
Ertiga,2011,9.79,10.97,57019,Electric,Dealer,Automatic,0
City,2016,6.96,10.29,61522,Petrol,Dealer,Manual,2
Verna,2008,5.91,14.03,132113,CNG,Dealer,Manual,2
Fortuner,2012,3.02,3.74,37412,Electric,Dealer,Automatic,0
Fortuner,2007,3.48,4.63,194297,Petrol,Dealer,Manual,0
Verna,2023,16.67,20.44,55930,CNG,Individual,Manual,1
WagonR,2013,6.97,13.1,31130,Electric,Individual,Automatic,1
Innova,2007,5.37,7.89,111517,CNG,Dealer,Automatic,0
Baleno,2020,14.85,19.01,102710,Electric,Dealer,Manual,1
Verna,2012,8.75,12.84,129991,CNG,Dealer,Manual,0
Baleno,2022,4.68,6.72,133401,Diesel,Individual,Automatic,2
Verna,2023,15.46,19.73,20448,Electric,Individual,Automatic,0
Swift,2006,7.04,10.07,153193,CNG,Dealer,Automatic,2
Innova,2020,5.12,9.89,175920,Electric,Dealer,Manual,1
Baleno,2007,5.42,11.27,8571,Diesel,Dealer,Automatic,0
Ertiga,2006,10.91,22.48,134809,Electric,Dealer,Automatic,1
Verna,2005,8.56,9.53,119158,CNG,Individual,Manual,0
i20,2014,11.63,14.51,58598,CNG,Individual,Automatic,0
Creta,2015,21.02,23.4,193777,Diesel,Individual,Manual,1
Swift,2018,3.01,6.94,128337,CNG,Dealer,Manual,2
WagonR,2008,6.63,14.83,91778,Electric,Dealer,Manual,1
City,2022,16.02,22.43,95428,CNG,Individual,Automatic,2
Ertiga,2014,9.61,11.08,110714,Diesel,Dealer,Manual,0
Creta,2011,6.25,9.16,73927,Electric,Individual,Automatic,2
Swift,2024,8.94,17.71,129100,Diesel,Dealer,Manual,2
i20,2009,5.15,6.15,129640,Petrol,Dealer,Manual,2
Ertiga,2019,6.97,12.36,128650,Petrol,Dealer,Automatic,1
Ertiga,2017,10.31,18.54,98058,CNG,Dealer,Manual,0
Innova,2013,12.69,18.65,119620,CNG,Dealer,Automatic,2
i20,2016,5.73,6.92,100862,Electric,Dealer,Manual,1
i20,2016,3.46,6.94,7797,Diesel,Dealer,Automatic,1
Swift,2008,15.01,23.04,71521,CNG,Dealer,Automatic,2
Verna,2020,8.85,11.76,187320,Petrol,Dealer,Automatic,2
Ertiga,2019,10.69,13.79,129111,Petrol,Dealer,Automatic,0
Creta,2024,17.07,22.67,45158,Diesel,Dealer,Automatic,0
Baleno,2006,5.5,12.75,191277,CNG,Dealer,Manual,1
WagonR,2015,19.4,22.75,49358,CNG,Dealer,Automatic,1
Verna,2006,2.1,4.43,136471,Petrol,Dealer,Automatic,0
Creta,2013,10.7,16.39,185542,Petrol,Individual,Automatic,2
Baleno,2016,3.82,5.59,127225,Electric,Dealer,Manual,0
Swift,2010,10.64,19.05,53669,Diesel,Dealer,Manual,2
Verna,2016,11.44,13.13,194864,Diesel,Dealer,Automatic,0
WagonR,2017,10.0,18.53,51662,CNG,Individual,Manual,0
Verna,2013,19.96,22.44,51428,Electric,Individual,Manual,1
Ertiga,2016,12.37,15.73,96451,Electric,Dealer,Manual,2
Fortuner,2017,3.25,6.43,154084,CNG,Individual,Manual,1
Baleno,2021,12.07,15.14,199807,Diesel,Individual,Manual,1
Creta,2013,2.43,3.69,35224,Electric,Dealer,Automatic,2
Swift,2015,8.16,11.19,104066,CNG,Dealer,Automatic,0
Baleno,2010,6.97,12.27,92742,Diesel,Individual,Automatic,0
WagonR,2019,9.31,15.03,10701,Electric,Individual,Automatic,1
Innova,2012,6.0,8.56,102836,Electric,Individual,Manual,0
WagonR,2021,4.23,5.37,116645,Electric,Dealer,Manual,2
Ertiga,2010,20.56,23.29,161460,Diesel,Dealer,Manual,2
Verna,2015,18.01,20.35,19103,Diesel,Individual,Automatic,1
Creta,2010,6.22,13.13,177650,CNG,Individual,Manual,0
City,2012,9.73,21.87,119438,Diesel,Individual,Manual,1
Fortuner,2010,7.14,10.58,128417,Diesel,Individual,Automatic,1
i20,2012,11.75,19.79,30119,Diesel,Individual,Automatic,1
Innova,2018,7.03,16.13,145015,Petrol,Dealer,Manual,0
WagonR,2016,8.9,10.97,136453,Electric,Dealer,Manual,0
Baleno,2020,3.93,7.14,60373,CNG,Individual,Manual,1
Innova,2009,6.84,9.27,106401,Petrol,Individual,Automatic,0
Innova,2010,9.61,11.76,140619,Petrol,Individual,Manual,2
Creta,2017,9.94,20.68,8204,Electric,Individual,Manual,1
Verna,2017,6.78,12.29,19289,Petrol,Individual,Automatic,1
Creta,2015,9.83,21.57,100646,Electric,Individual,Manual,0
City,2005,7.24,10.42,190483,Electric,Individual,Manual,1
Swift,2014,2.44,3.88,133351,CNG,Individual,Automatic,1
Creta,2014,13.34,19.87,11168,CNG,Individual,Automatic,0
Baleno,2019,4.24,10.14,171719,CNG,Dealer,Automatic,0
Creta,2010,2.25,4.85,29791,Electric,Individual,Automatic,1
Ertiga,2019,15.61,18.16,68989,Electric,Dealer,Manual,1
Baleno,2016,3.41,3.84,164738,Electric,Dealer,Automatic,2
Verna,2014,6.05,12.3,10867,Petrol,Individual,Manual,0
Ertiga,2023,6.19,8.74,84482,Diesel,Dealer,Automatic,2
Creta,2020,4.15,7.73,119542,CNG,Dealer,Automatic,0
Fortuner,2014,4.53,9.0,111740,Diesel,Individual,Automatic,1
City,2024,11.4,20.39,171423,Diesel,Dealer,Automatic,0
Innova,2007,12.44,16.45,195883,Electric,Individual,Automatic,1
Innova,2022,1.84,3.28,94285,Diesel,Individual,Automatic,0
Fortuner,2022,10.92,18.35,181419,Petrol,Dealer,Automatic,2
Verna,2016,2.82,4.83,143829,CNG,Individual,Automatic,0
WagonR,2009,11.93,16.75,48708,Electric,Individual,Manual,1
Ertiga,2022,11.38,19.37,66530,Diesel,Individual,Manual,0
Creta,2017,5.35,7.8,34001,Diesel,Individual,Automatic,1
i20,2011,6.58,12.2,162089,Petrol,Individual,Automatic,0
Innova,2017,7.54,13.89,126612,Diesel,Dealer,Automatic,1
Creta,2005,11.5,14.72,92570,Petrol,Individual,Automatic,1
Creta,2018,5.08,7.16,12612,Petrol,Individual,Manual,1
Baleno,2024,6.06,8.5,154240,CNG,Dealer,Automatic,2
City,2021,13.84,22.0,47304,Diesel,Individual,Manual,1
Innova,2009,4.76,9.45,13097,Electric,Dealer,Automatic,0
WagonR,2010,17.58,24.4,136128,CNG,Dealer,Manual,1
Fortuner,2007,2.33,3.15,13473,Electric,Individual,Manual,1
WagonR,2013,10.33,22.43,145860,Petrol,Individual,Automatic,2
Swift,2006,7.69,9.45,109437,CNG,Individual,Automatic,1
WagonR,2008,4.11,5.28,73812,Petrol,Dealer,Automatic,1
City,2015,4.88,6.12,68718,CNG,Dealer,Automatic,2
City,2007,8.45,13.08,190881,CNG,Individual,Automatic,2
WagonR,2019,7.7,10.27,123063,CNG,Dealer,Manual,0
WagonR,2021,7.85,9.35,62939,CNG,Individual,Automatic,2
Innova,2010,9.88,15.49,84886,CNG,Dealer,Manual,0
City,2024,4.99,9.43,105722,Petrol,Dealer,Automatic,0
Ertiga,2023,2.49,3.27,100462,Electric,Individual,Manual,1
i20,2009,8.87,15.92,136359,Electric,Individual,Manual,2
Baleno,2020,2.79,6.86,104581,CNG,Dealer,Automatic,0
Baleno,2012,4.97,6.3,164551,Diesel,Individual,Automatic,1
Ertiga,2023,18.93,23.08,8198,Diesel,Dealer,Automatic,2
Ertiga,2006,10.31,11.77,30910,Petrol,Individual,Manual,0
Creta,2019,8.08,15.47,70004,Diesel,Dealer,Automatic,0
Baleno,2006,16.6,24.55,74668,Diesel,Dealer,Manual,2
WagonR,2014,2.27,4.34,64660,Electric,Individual,Manual,2
Innova,2006,4.37,10.01,171174,Petrol,Individual,Manual,1
Innova,2011,2.64,5.2,159501,CNG,Dealer,Automatic,0
WagonR,2019,13.96,20.1,56065,Electric,Dealer,Automatic,1
Ertiga,2024,4.37,8.96,170446,Electric,Individual,Automatic,1
Ertiga,2022,6.27,8.48,77165,CNG,Individual,Manual,0
Creta,2020,1.99,3.14,138574,Diesel,Dealer,Automatic,2
Ertiga,2014,2.9,5.08,121181,Diesel,Dealer,Manual,0
Ertiga,2011,5.47,9.76,85054,Electric,Dealer,Automatic,2
City,2011,8.74,15.56,45526,Electric,Dealer,Manual,2
WagonR,2010,9.05,10.16,140388,Electric,Individual,Manual,1
Verna,2020,13.79,23.56,84591,CNG,Individual,Automatic,1
Swift,2014,9.66,12.36,108164,Electric,Dealer,Automatic,1
City,2009,10.02,24.45,76881,Diesel,Individual,Automatic,1
Ertiga,2005,5.67,10.08,105245,Diesel,Dealer,Automatic,1
Innova,2008,2.61,4.64,47052,Electric,Dealer,Automatic,2
Swift,2020,5.89,8.5,164044,Petrol,Dealer,Automatic,1
Creta,2022,5.07,11.13,79510,Petrol,Individual,Automatic,0
Baleno,2009,7.99,15.98,155493,Electric,Dealer,Automatic,2
Verna,2022,13.42,19.78,73345,Petrol,Dealer,Manual,2
Innova,2015,20.51,24.06,99694,Diesel,Dealer,Automatic,1
Verna,2012,6.56,13.14,92297,CNG,Dealer,Manual,0
Ertiga,2018,9.91,12.4,132495,Petrol,Individual,Manual,2
i20,2018,20.83,24.9,137176,Electric,Individual,Automatic,2
Ertiga,2007,8.55,19.16,153191,Petrol,Dealer,Manual,2
Fortuner,2019,12.74,16.42,55040,CNG,Individual,Automatic,2
WagonR,2009,8.5,17.31,24143,CNG,Individual,Automatic,0
Fortuner,2017,11.13,15.64,6665,Petrol,Dealer,Manual,1
i20,2018,4.37,6.31,63429,Electric,Dealer,Automatic,2
Creta,2023,3.2,6.36,43871,Petrol,Dealer,Manual,0
i20,2022,6.02,10.67,23157,Diesel,Dealer,Manual,1
City,2010,6.37,12.33,76061,CNG,Dealer,Manual,1
City,2008,8.81,21.35,103333,Electric,Dealer,Automatic,1
Baleno,2017,5.12,7.37,104747,Petrol,Dealer,Manual,0
i20,2011,4.35,5.65,133216,CNG,Individual,Manual,0
Ertiga,2007,13.16,20.6,99334,Petrol,Individual,Manual,0
Baleno,2017,18.21,20.68,109938,CNG,Individual,Automatic,0
Baleno,2018,13.1,23.81,175918,Electric,Individual,Manual,1
Swift,2015,1.95,4.0,70273,Diesel,Dealer,Manual,2
City,2020,13.8,19.77,21038,CNG,Individual,Automatic,0
Creta,2018,5.99,6.79,140947,CNG,Dealer,Manual,0
Verna,2020,5.34,7.49,110815,CNG,Dealer,Manual,1
Creta,2005,17.31,22.55,13971,Electric,Dealer,Automatic,2
City,2021,2.74,6.73,31244,Petrol,Individual,Manual,0
Ertiga,2020,10.95,13.22,113809,Electric,Dealer,Manual,1
Ertiga,2020,6.19,13.33,72334,CNG,Dealer,Automatic,1
Creta,2023,4.81,7.32,62491,Diesel,Dealer,Manual,2
City,2017,4.17,9.21,166222,CNG,Dealer,Automatic,1
Verna,2019,11.65,17.7,141293,Diesel,Individual,Automatic,1
Fortuner,2009,12.19,15.75,13971,Petrol,Dealer,Manual,0
i20,2009,8.16,16.96,67345,Petrol,Individual,Automatic,1
City,2011,10.15,16.83,156309,Electric,Individual,Automatic,0
i20,2013,15.02,17.42,139870,Diesel,Individual,Automatic,1
i20,2022,9.57,13.04,30297,CNG,Dealer,Automatic,1
Innova,2005,10.83,24.22,38089,Petrol,Dealer,Automatic,0
Baleno,2016,6.6,9.75,119337,Diesel,Individual,Manual,0
i20,2012,15.39,20.07,57082,Diesel,Dealer,Automatic,2
Creta,2012,8.83,18.26,144164,Petrol,Dealer,Manual,2
City,2009,9.12,14.9,164820,CNG,Dealer,Automatic,1
Innova,2017,19.33,22.82,115431,CNG,Dealer,Automatic,0
City,2007,6.26,8.53,150688,Petrol,Dealer,Automatic,0
City,2009,10.62,13.58,47009,Electric,Dealer,Automatic,1
Verna,2023,3.16,7.25,96857,Diesel,Individual,Manual,2
Creta,2023,11.96,23.78,44805,CNG,Individual,Manual,2
WagonR,2008,6.52,14.45,142426,Electric,Dealer,Automatic,1
Baleno,2008,9.35,14.91,164917,CNG,Individual,Manual,1
Creta,2013,3.36,5.48,127296,Electric,Individual,Manual,2
WagonR,2008,3.47,4.95,196826,CNG,Dealer,Automatic,2
Verna,2018,5.56,12.28,172263,CNG,Individual,Automatic,1
Innova,2013,10.01,24.63,26782,Diesel,Individual,Manual,2
Innova,2018,15.85,17.64,32253,Electric,Individual,Manual,2
WagonR,2008,14.02,15.99,173474,Petrol,Dealer,Manual,1
Fortuner,2023,10.87,17.8,163284,Petrol,Individual,Automatic,1
Fortuner,2023,19.14,22.0,14771,Petrol,Dealer,Manual,0
Innova,2015,4.14,5.17,113041,CNG,Individual,Automatic,1
Verna,2012,5.11,9.09,17530,Diesel,Dealer,Automatic,2
Baleno,2017,16.09,19.57,50103,CNG,Individual,Manual,1
Fortuner,2014,2.33,5.23,194252,CNG,Individual,Manual,1
i20,2011,5.67,8.82,190439,Electric,Individual,Manual,0
Ertiga,2015,2.31,3.35,54752,CNG,Dealer,Automatic,2
Fortuner,2007,5.57,7.37,28735,CNG,Dealer,Automatic,2
Verna,2016,5.3,11.73,105988,Petrol,Individual,Manual,1
Verna,2006,6.17,8.41,45635,Petrol,Individual,Manual,2
City,2012,5.21,8.4,64200,Diesel,Dealer,Automatic,0
Fortuner,2005,17.91,21.87,131687,Diesel,Individual,Manual,2
Fortuner,2023,9.95,11.79,155852,CNG,Individual,Automatic,1
i20,2016,6.17,11.02,66526,Petrol,Dealer,Automatic,2
Ertiga,2012,9.52,20.5,156770,Electric,Individual,Manual,2
Ertiga,2012,14.15,18.84,193105,Diesel,Individual,Automatic,2
Fortuner,2006,8.52,13.13,119785,Petrol,Dealer,Manual,2
Innova,2019,12.97,15.3,20085,Diesel,Dealer,Automatic,0
WagonR,2013,6.43,15.53,195778,Electric,Individual,Manual,1
Verna,2011,11.75,17.56,86218,CNG,Dealer,Automatic,0
Swift,2022,13.69,24.56,158845,Petrol,Individual,Manual,0
City,2024,3.37,4.4,113451,Diesel,Dealer,Manual,0
Fortuner,2020,8.46,19.03,91976,Electric,Individual,Automatic,2
Verna,2020,2.97,6.05,94992,CNG,Dealer,Automatic,1
City,2020,3.0,5.0,73289,CNG,Dealer,Automatic,1
Swift,2008,12.2,14.53,10347,Petrol,Individual,Manual,0
i20,2005,9.83,24.2,143705,Electric,Individual,Manual,2
City,2023,9.88,11.25,23189,Electric,Dealer,Manual,1
WagonR,2008,15.53,22.19,45546,Diesel,Individual,Manual,2
Swift,2009,8.69,20.92,121681,Petrol,Individual,Automatic,0
Baleno,2016,11.89,18.03,159692,Electric,Dealer,Manual,2
Fortuner,2015,15.93,23.63,177618,Electric,Dealer,Manual,1
Innova,2012,9.73,11.05,67770,Diesel,Individual,Manual,1
WagonR,2006,18.66,23.17,130940,Petrol,Dealer,Automatic,2
Ertiga,2023,10.34,15.65,144441,Diesel,Individual,Automatic,0
Fortuner,2019,17.27,19.8,81797,Electric,Individual,Automatic,0
Innova,2020,1.97,3.52,32346,Electric,Individual,Automatic,1
Baleno,2006,7.22,14.61,15913,CNG,Dealer,Automatic,2
Fortuner,2006,13.03,14.75,17375,Diesel,Individual,Manual,2
Ertiga,2018,15.87,19.25,142359,CNG,Dealer,Manual,0
Baleno,2019,18.07,23.9,63082,Diesel,Individual,Manual,2
Baleno,2024,1.68,3.34,105004,CNG,Dealer,Manual,2
i20,2015,20.06,24.66,107214,Electric,Dealer,Manual,0
Fortuner,2024,4.45,8.42,180251,CNG,Dealer,Automatic,1
City,2005,7.15,12.15,113433,Electric,Individual,Manual,2
City,2017,1.82,3.92,122736,Petrol,Dealer,Manual,0
Verna,2020,2.51,4.46,145755,Electric,Individual,Automatic,1
City,2023,5.23,8.75,36300,Petrol,Individual,Manual,0
Baleno,2021,15.92,24.9,127934,Diesel,Dealer,Automatic,0
WagonR,2007,10.3,19.78,22668,CNG,Individual,Manual,1
City,2024,17.27,19.92,178769,Diesel,Individual,Manual,2
Verna,2005,19.81,23.87,94482,Diesel,Individual,Automatic,0
Ertiga,2006,10.14,11.61,45133,Petrol,Dealer,Manual,2
Innova,2011,6.44,10.39,194053,Petrol,Dealer,Automatic,2
Baleno,2010,2.63,6.15,88244,Electric,Dealer,Manual,2
City,2015,9.49,11.15,42614,Petrol,Individual,Manual,2
City,2006,9.61,20.9,153623,Petrol,Dealer,Manual,2
WagonR,2020,14.01,23.62,174027,Electric,Individual,Manual,2
Innova,2020,14.67,16.48,95478,Electric,Dealer,Automatic,2
Creta,2016,5.69,7.92,80199,Electric,Individual,Manual,1
Innova,2005,5.9,12.5,83605,Electric,Dealer,Automatic,0
Fortuner,2016,4.63,7.58,111376,Electric,Individual,Automatic,1
Creta,2019,8.06,11.0,90461,Diesel,Dealer,Manual,2
WagonR,2011,11.31,15.5,196183,CNG,Individual,Automatic,1
Ertiga,2014,4.89,7.7,42049,Electric,Individual,Automatic,0
Fortuner,2011,6.57,7.78,149623,Electric,Dealer,Automatic,0
WagonR,2011,5.59,11.49,179848,Diesel,Individual,Manual,0
Creta,2018,8.31,9.96,69408,Electric,Individual,Manual,2
Swift,2008,8.34,20.31,27478,CNG,Dealer,Automatic,1
Baleno,2011,10.72,19.36,60839,CNG,Individual,Automatic,1
Ertiga,2015,10.19,18.48,80953,Diesel,Dealer,Manual,1
Ertiga,2008,8.9,14.71,167080,Electric,Individual,Manual,0
Creta,2009,17.89,23.0,30446,Electric,Individual,Automatic,1
i20,2010,14.79,19.88,158662,Electric,Dealer,Automatic,0
i20,2020,13.63,23.83,153578,Petrol,Individual,Manual,0
Creta,2009,9.98,16.73,182569,Petrol,Dealer,Automatic,1
WagonR,2007,4.41,10.8,134695,Electric,Dealer,Automatic,1
Swift,2011,12.19,14.3,141428,Electric,Individual,Manual,0
Fortuner,2012,11.5,18.41,73973,CNG,Dealer,Automatic,2
Creta,2019,11.83,17.51,92272,Petrol,Dealer,Automatic,1
Verna,2011,13.61,22.9,104619,Electric,Individual,Automatic,2
i20,2018,5.58,11.96,94686,CNG,Dealer,Automatic,1
Baleno,2013,4.15,4.83,122931,CNG,Dealer,Manual,0
Creta,2008,4.9,8.35,51427,Diesel,Dealer,Manual,0
WagonR,2005,16.03,19.2,94426,Petrol,Dealer,Automatic,2
Swift,2015,14.33,20.29,32743,Diesel,Dealer,Manual,0
City,2007,7.56,18.8,29008,Diesel,Dealer,Manual,1
City,2015,10.69,16.76,55499,Electric,Dealer,Automatic,1
Ertiga,2023,13.69,22.03,21060,Petrol,Dealer,Manual,0
City,2013,4.24,6.17,147081,Petrol,Dealer,Manual,0
WagonR,2015,9.45,19.64,64694,CNG,Individual,Automatic,0
Ertiga,2018,6.54,8.52,95376,Petrol,Individual,Automatic,0
Swift,2007,2.49,4.36,134478,Electric,Dealer,Automatic,0
WagonR,2007,7.49,10.0,99759,Petrol,Individual,Automatic,1
Verna,2016,11.31,19.33,130946,Electric,Individual,Manual,0
Innova,2023,3.89,6.75,186106,Electric,Individual,Automatic,1
Fortuner,2019,9.96,12.95,42246,Electric,Dealer,Manual,1
i20,2017,11.76,24.77,170725,Petrol,Individual,Manual,0
Fortuner,2023,10.65,23.81,61883,Electric,Dealer,Automatic,1
Ertiga,2011,1.67,3.48,107821,CNG,Dealer,Manual,1
Creta,2024,11.68,18.92,118470,Electric,Dealer,Automatic,0
Verna,2007,15.29,23.96,190079,Diesel,Dealer,Automatic,0
i20,2018,9.87,13.79,85742,CNG,Individual,Manual,2
Creta,2009,11.17,14.65,94416,CNG,Individual,Manual,0
i20,2019,5.62,11.14,69516,Diesel,Individual,Automatic,1
Creta,2022,7.87,10.5,91785,CNG,Dealer,Manual,0
Baleno,2020,8.57,15.39,10084,Electric,Dealer,Automatic,0
Verna,2021,11.73,13.8,162967,Petrol,Individual,Automatic,0
Swift,2013,15.37,18.66,100363,Electric,Dealer,Manual,2
Creta,2005,6.54,10.2,167700,CNG,Individual,Automatic,1
City,2024,18.21,22.43,57444,Petrol,Individual,Manual,2
Fortuner,2011,7.86,14.52,137154,Electric,Dealer,Automatic,1
Fortuner,2011,2.56,6.17,11627,Petrol,Individual,Automatic,0
Innova,2019,8.02,16.77,150559,CNG,Dealer,Automatic,1
Creta,2013,4.61,7.35,164001,Diesel,Individual,Manual,0
Creta,2006,14.11,22.09,149854,CNG,Individual,Manual,2
WagonR,2018,8.42,17.22,108687,Petrol,Individual,Automatic,2
Creta,2023,1.66,3.87,139141,Electric,Dealer,Manual,0
City,2009,4.57,5.25,47829,Petrol,Individual,Automatic,1
Ertiga,2007,7.81,12.08,23239,Petrol,Individual,Automatic,2
Innova,2009,12.16,15.06,28454,Diesel,Dealer,Automatic,0
Swift,2012,2.88,4.24,184181,Diesel,Individual,Manual,0
Creta,2012,17.27,19.69,45011,CNG,Individual,Automatic,2
Fortuner,2017,2.21,3.42,80927,Petrol,Dealer,Manual,2
i20,2006,4.9,7.59,157761,Petrol,Individual,Manual,1
WagonR,2011,5.45,6.35,6926,CNG,Individual,Automatic,2
Verna,2017,5.07,6.52,57844,CNG,Dealer,Automatic,1
Innova,2017,3.52,5.62,79811,Electric,Dealer,Manual,0
City,2006,8.89,11.52,32978,Diesel,Individual,Manual,2
City,2014,7.92,10.94,19252,CNG,Dealer,Manual,1
City,2005,6.44,7.76,52426,Electric,Individual,Automatic,1
Innova,2017,13.97,16.24,48321,CNG,Dealer,Manual,2
Swift,2008,15.94,22.46,13178,CNG,Dealer,Automatic,1
i20,2017,8.54,19.03,46808,Diesel,Dealer,Automatic,2
Verna,2016,3.39,4.67,114441,Petrol,Dealer,Automatic,0
Swift,2013,6.01,13.05,58651,Electric,Dealer,Manual,0
WagonR,2007,15.82,18.95,124339,CNG,Individual,Manual,2
City,2023,10.11,13.55,196741,Petrol,Individual,Automatic,0
Swift,2006,8.45,13.94,127080,Petrol,Dealer,Automatic,2
Swift,2014,15.07,18.82,58136,CNG,Dealer,Manual,2
WagonR,2019,8.79,20.83,175441,Electric,Individual,Manual,2
Innova,2006,6.5,9.3,28177,Electric,Dealer,Automatic,2
i20,2016,8.97,18.98,146758,Electric,Dealer,Automatic,1
Innova,2019,11.67,24.64,81663,Electric,Individual,Automatic,0
i20,2024,4.85,8.57,41081,Electric,Individual,Manual,0
i20,2015,6.68,14.14,168856,Diesel,Dealer,Manual,2
Ertiga,2017,4.03,4.8,114832,Petrol,Dealer,Manual,1
i20,2022,13.56,17.62,48175,Electric,Dealer,Automatic,2
Fortuner,2016,9.97,15.07,108536,Diesel,Individual,Automatic,2
City,2008,5.0,7.97,173795,Petrol,Dealer,Automatic,0
Fortuner,2007,9.53,18.29,85361,CNG,Dealer,Manual,0
Creta,2005,1.55,3.36,82538,Petrol,Dealer,Automatic,1
Swift,2008,8.97,12.28,98720,CNG,Individual,Automatic,1
Innova,2011,6.73,9.68,167334,Petrol,Individual,Manual,1
Fortuner,2015,8.05,10.73,72051,Petrol,Individual,Automatic,2
Innova,2020,10.43,24.88,104606,Petrol,Individual,Automatic,2
Baleno,2007,3.94,4.83,194865,Electric,Individual,Automatic,0
Ertiga,2024,13.84,24.65,14002,Electric,Dealer,Automatic,0
Swift,2005,15.0,18.04,160563,Electric,Dealer,Manual,1
Ertiga,2013,14.68,18.34,106758,Petrol,Individual,Manual,2
Creta,2021,7.54,13.8,123417,Petrol,Individual,Automatic,1
Innova,2008,9.05,18.11,25138,Diesel,Dealer,Automatic,2
City,2010,11.02,19.99,16501,CNG,Individual,Manual,2
Creta,2019,9.37,20.79,35432,Diesel,Dealer,Automatic,1
Ertiga,2016,8.4,20.48,117714,CNG,Dealer,Automatic,1
Baleno,2006,6.86,9.14,151088,Petrol,Dealer,Automatic,2
Creta,2016,11.55,13.44,137936,Petrol,Dealer,Manual,0
Ertiga,2023,4.43,7.11,56515,CNG,Individual,Automatic,0
City,2010,10.75,15.81,35369,Diesel,Dealer,Automatic,0
Swift,2017,2.13,3.25,20727,Petrol,Individual,Manual,1
City,2009,8.33,10.03,68878,Diesel,Individual,Automatic,1
Ertiga,2011,3.5,5.18,106674,Petrol,Dealer,Manual,2
Baleno,2009,14.02,21.95,22824,Diesel,Dealer,Automatic,2
Fortuner,2016,14.25,23.63,73804,Petrol,Individual,Automatic,0
WagonR,2011,10.59,17.78,102958,Diesel,Dealer,Automatic,2
Creta,2021,18.85,22.55,174355,Diesel,Individual,Automatic,0
Baleno,2018,7.02,16.2,114397,Diesel,Dealer,Automatic,1
i20,2017,7.38,9.18,175437,CNG,Individual,Automatic,1
Ertiga,2021,9.54,13.73,185473,Diesel,Individual,Automatic,0
Baleno,2020,16.1,24.45,144654,CNG,Individual,Automatic,1
i20,2024,12.35,14.3,87064,Diesel,Dealer,Automatic,1
Verna,2011,15.62,21.17,140704,CNG,Individual,Manual,2
i20,2009,11.31,20.65,185442,CNG,Dealer,Automatic,2
Verna,2021,5.19,6.82,194947,Diesel,Dealer,Automatic,0
Verna,2020,7.22,11.25,107663,Electric,Individual,Manual,1
Ertiga,2024,4.05,4.59,37618,Electric,Dealer,Manual,0
Ertiga,2013,20.31,23.41,124212,CNG,Individual,Manual,1
WagonR,2006,21.91,24.59,169655,Petrol,Individual,Automatic,1
Swift,2015,2.6,5.63,52475,Petrol,Dealer,Automatic,0
Fortuner,2022,11.7,14.77,38402,Diesel,Dealer,Manual,0
Verna,2008,7.92,10.43,168672,Electric,Dealer,Manual,0
i20,2024,14.06,16.28,74923,Diesel,Dealer,Manual,2
Fortuner,2023,4.84,9.97,62638,Diesel,Dealer,Manual,0
Baleno,2023,15.52,19.29,75707,Petrol,Dealer,Automatic,0
City,2012,11.09,13.11,48422,CNG,Dealer,Manual,0
Innova,2014,10.37,12.57,162212,Diesel,Dealer,Manual,0
Fortuner,2018,8.87,18.67,121005,Electric,Dealer,Automatic,0
Swift,2020,7.2,12.61,142346,Electric,Individual,Automatic,2
Fortuner,2011,4.92,11.21,189406,Diesel,Individual,Manual,0
Verna,2015,5.65,10.77,76864,Diesel,Individual,Automatic,0
Swift,2023,3.62,8.37,187866,Electric,Individual,Automatic,1
Fortuner,2005,8.59,13.8,194839,Petrol,Individual,Automatic,1
Creta,2012,5.7,8.92,73120,Diesel,Dealer,Manual,1
Creta,2016,1.81,4.06,64920,Petrol,Dealer,Automatic,0
Creta,2021,11.15,23.5,123777,Electric,Individual,Manual,0
Baleno,2018,4.27,9.86,141448,Petrol,Dealer,Automatic,2
City,2020,12.29,23.72,49020,Petrol,Dealer,Manual,1
i20,2010,9.98,14.75,126251,Diesel,Dealer,Manual,0
Ertiga,2005,7.96,10.16,50034,Petrol,Dealer,Automatic,0
City,2010,3.34,4.06,45870,CNG,Individual,Automatic,0
Creta,2019,5.18,6.85,33803,Petrol,Dealer,Automatic,0
Fortuner,2005,7.45,9.32,143646,Electric,Individual,Automatic,2
Ertiga,2023,14.59,18.8,111220,Electric,Dealer,Automatic,0
Verna,2006,6.78,7.55,162233,Petrol,Individual,Automatic,1
Swift,2014,7.22,11.22,87456,Diesel,Individual,Manual,1
Verna,2023,14.77,20.39,41659,Electric,Dealer,Manual,0
Innova,2012,14.72,22.88,71301,Electric,Individual,Manual,1
Creta,2009,6.35,12.15,18460,Petrol,Individual,Automatic,0
Fortuner,2016,11.16,13.23,106333,Petrol,Individual,Automatic,2
i20,2022,5.86,13.5,130687,Diesel,Individual,Manual,0
Swift,2008,4.23,6.21,191411,Petrol,Dealer,Automatic,0
WagonR,2019,7.49,11.88,165674,CNG,Individual,Automatic,0
Fortuner,2021,12.37,15.88,119923,Petrol,Dealer,Manual,1
Verna,2015,13.42,17.53,120307,Diesel,Dealer,Manual,0
Swift,2024,5.84,11.45,108389,CNG,Dealer,Manual,0
Creta,2018,12.41,15.52,114468,Electric,Individual,Manual,0
Innova,2007,3.51,6.59,14820,Petrol,Dealer,Automatic,0
i20,2020,3.47,5.51,180483,CNG,Individual,Automatic,2
i20,2022,8.51,15.05,199540,Diesel,Individual,Manual,0
Ertiga,2005,7.08,12.55,76352,CNG,Individual,Automatic,0
Creta,2023,4.36,9.61,72539,Diesel,Dealer,Manual,1
i20,2009,15.68,23.37,187814,Electric,Individual,Automatic,2
Innova,2015,4.61,9.58,68568,Petrol,Individual,Manual,1
Swift,2017,12.71,20.93,45382,CNG,Individual,Manual,1
Fortuner,2012,11.84,13.7,133938,Diesel,Individual,Automatic,0
WagonR,2014,4.74,8.35,48226,CNG,Individual,Manual,0
Ertiga,2007,1.94,4.81,198312,Electric,Individual,Manual,2
Swift,2009,15.78,24.82,5547,Diesel,Individual,Automatic,2
Verna,2016,7.42,17.65,27942,CNG,Dealer,Manual,2
City,2007,9.9,24.74,166051,Diesel,Individual,Automatic,0
Baleno,2013,13.14,16.05,166332,CNG,Dealer,Manual,1
Ertiga,2024,15.7,21.75,46259,Petrol,Individual,Manual,2
Innova,2014,2.71,3.7,93777,Electric,Individual,Automatic,1
Verna,2017,9.72,12.2,66636,CNG,Dealer,Manual,1
WagonR,2009,8.12,18.47,14646,Petrol,Dealer,Manual,1
i20,2009,3.4,6.29,24252,CNG,Dealer,Automatic,1
Ertiga,2018,4.18,5.7,173902,CNG,Dealer,Automatic,2
Baleno,2006,5.46,11.01,107444,Petrol,Dealer,Automatic,1
Fortuner,2010,15.22,20.88,126504,CNG,Individual,Manual,1
Creta,2018,14.58,17.48,153522,Petrol,Dealer,Automatic,1
Creta,2007,6.5,13.71,92701,Diesel,Individual,Automatic,0
i20,2010,8.73,12.19,7418,CNG,Individual,Manual,0
Creta,2020,10.0,19.97,136354,CNG,Individual,Automatic,2
Swift,2023,8.21,16.47,165490,Electric,Individual,Automatic,0
Baleno,2014,7.17,10.32,111780,Electric,Individual,Automatic,2
City,2023,6.6,8.08,87622,Electric,Individual,Automatic,2
Verna,2006,17.87,20.97,180225,Electric,Individual,Manual,2
Swift,2012,2.02,3.89,122768,Electric,Dealer,Manual,1
Swift,2022,18.2,20.92,148273,CNG,Dealer,Automatic,2
Baleno,2011,8.02,14.75,149797,Diesel,Individual,Automatic,0
Baleno,2022,12.94,17.43,8725,CNG,Dealer,Automatic,0
Verna,2008,3.1,5.86,196631,CNG,Individual,Manual,1
Verna,2011,8.55,19.04,99746,CNG,Dealer,Manual,0
Baleno,2008,19.09,21.77,5872,CNG,Dealer,Manual,1
Baleno,2015,3.59,5.67,145140,Electric,Individual,Manual,1
Ertiga,2007,8.65,10.77,106680,CNG,Dealer,Manual,0
Ertiga,2010,4.11,6.21,47032,Diesel,Individual,Automatic,0
Ertiga,2015,9.84,21.78,118351,Electric,Dealer,Manual,0
Baleno,2024,13.17,17.02,158709,Diesel,Individual,Automatic,1
Swift,2015,14.57,17.14,57196,Electric,Dealer,Manual,2
i20,2016,2.93,3.38,179215,Electric,Dealer,Automatic,1
Ertiga,2007,4.15,5.95,30159,Petrol,Dealer,Automatic,1
Baleno,2022,19.45,24.91,195291,Petrol,Individual,Manual,1
Baleno,2022,8.85,21.09,81926,Petrol,Individual,Manual,2
Fortuner,2013,11.32,20.95,45117,Petrol,Individual,Manual,1
Verna,2014,7.92,19.25,111658,CNG,Dealer,Manual,0
Baleno,2021,9.45,16.26,31246,CNG,Individual,Automatic,0
City,2010,12.55,15.68,157627,Petrol,Individual,Automatic,2
Ertiga,2022,18.61,23.09,25883,CNG,Individual,Manual,1
i20,2006,4.4,9.86,115145,CNG,Dealer,Manual,0
Innova,2008,9.6,23.88,159220,Petrol,Individual,Automatic,1
Ertiga,2022,3.72,5.35,46630,Diesel,Dealer,Automatic,0
Baleno,2010,12.96,17.27,154163,Petrol,Individual,Manual,2
Fortuner,2009,4.41,6.73,183899,Petrol,Individual,Manual,1
Fortuner,2022,4.16,8.23,117649,Diesel,Individual,Automatic,0
Verna,2017,20.89,24.42,112883,CNG,Dealer,Manual,2
Baleno,2018,5.59,8.61,163664,Electric,Dealer,Automatic,2
City,2009,10.83,15.69,172987,Diesel,Dealer,Manual,0
City,2006,11.4,19.09,184324,CNG,Dealer,Manual,2
Baleno,2011,7.64,18.78,187510,CNG,Dealer,Automatic,0
i20,2009,15.8,18.93,37307,Electric,Individual,Automatic,1
i20,2011,11.01,21.87,43250,Diesel,Dealer,Automatic,1
Innova,2013,5.07,12.62,71089,Diesel,Dealer,Manual,2
Verna,2019,8.82,14.53,58435,Diesel,Individual,Automatic,0
Ertiga,2018,15.79,19.92,129055,Petrol,Individual,Automatic,1
Innova,2012,10.72,12.89,185468,Electric,Individual,Manual,1
City,2012,5.16,12.64,39992,Electric,Individual,Manual,2
i20,2021,7.79,17.12,42930,CNG,Dealer,Automatic,2
WagonR,2021,8.44,20.59,110831,Petrol,Dealer,Automatic,1
WagonR,2012,17.03,19.67,180229,Diesel,Individual,Manual,0
Fortuner,2005,8.01,10.2,185784,CNG,Dealer,Automatic,0
Fortuner,2010,4.1,5.39,85304,CNG,Individual,Manual,2
i20,2017,12.11,17.74,162698,Petrol,Individual,Automatic,2
i20,2011,9.55,22.59,90122,CNG,Individual,Manual,2
Swift,2015,12.17,13.85,117937,Petrol,Dealer,Manual,0
Ertiga,2018,13.98,22.06,58728,Petrol,Dealer,Automatic,2
Baleno,2009,4.0,7.86,61238,Petrol,Individual,Manual,2
Innova,2018,4.08,5.65,78508,Diesel,Dealer,Automatic,0
Ertiga,2024,4.46,5.61,70619,Diesel,Dealer,Automatic,2
Swift,2013,11.6,14.9,177306,Electric,Dealer,Automatic,1
WagonR,2008,2.55,4.95,157798,CNG,Dealer,Automatic,2
Creta,2016,15.98,23.56,123582,Petrol,Dealer,Manual,2
Swift,2013,3.74,7.24,46144,Diesel,Dealer,Manual,0
City,2009,6.94,9.49,21062,Diesel,Dealer,Manual,2
Fortuner,2011,9.05,11.07,83536,Diesel,Dealer,Manual,1
Creta,2017,1.32,3.17,103182,Electric,Dealer,Manual,0
City,2011,2.09,4.61,113803,Diesel,Individual,Automatic,1
WagonR,2010,14.15,21.23,160784,Diesel,Individual,Automatic,0
Verna,2024,11.55,21.41,121673,Diesel,Dealer,Manual,1
Baleno,2014,7.12,11.26,145364,Petrol,Dealer,Manual,0
Fortuner,2022,16.25,23.89,34665,Diesel,Dealer,Manual,2
Ertiga,2012,17.58,20.58,68041,Petrol,Dealer,Manual,1
Ertiga,2021,7.87,14.83,73067,Diesel,Dealer,Manual,1
City,2020,10.2,21.71,58818,Petrol,Dealer,Automatic,0
i20,2018,8.3,18.86,148321,Electric,Dealer,Automatic,1
Swift,2005,2.95,3.73,8022,Petrol,Dealer,Automatic,0
Baleno,2023,2.37,4.78,185343,Electric,Individual,Manual,2
i20,2024,3.19,3.57,44262,Electric,Dealer,Automatic,1
WagonR,2013,5.24,6.5,148071,Electric,Individual,Automatic,2
Swift,2007,4.11,6.31,80753,CNG,Individual,Automatic,0
Swift,2021,5.3,12.56,11881,Petrol,Individual,Manual,1
Ertiga,2016,9.88,17.01,28249,CNG,Dealer,Automatic,1
Verna,2023,2.71,5.7,113258,Diesel,Individual,Automatic,2
Fortuner,2006,8.77,11.06,49626,Petrol,Dealer,Automatic,0
WagonR,2018,5.31,7.57,112527,Electric,Individual,Manual,2
Swift,2021,3.04,7.06,21912,Petrol,Individual,Automatic,2
Verna,2008,17.37,22.58,143750,CNG,Dealer,Automatic,1
City,2012,10.89,14.34,104113,Petrol,Individual,Automatic,0
WagonR,2009,13.33,17.81,42093,CNG,Dealer,Automatic,1
Creta,2014,5.45,6.49,68626,CNG,Individual,Manual,0
Swift,2014,10.65,24.14,71020,Electric,Individual,Automatic,0
Swift,2016,18.55,23.82,102954,Diesel,Individual,Manual,2
City,2016,5.17,10.48,184092,Petrol,Dealer,Automatic,1
Ertiga,2014,10.02,12.05,78344,Petrol,Dealer,Manual,1
Verna,2012,10.04,15.23,136326,CNG,Dealer,Automatic,2
Swift,2006,7.46,17.82,94110,CNG,Dealer,Manual,0
Ertiga,2011,12.1,24.33,98077,CNG,Individual,Manual,1
WagonR,2012,9.23,20.75,31784,Electric,Individual,Manual,2
Baleno,2006,8.51,16.34,57066,Diesel,Individual,Manual,0
Fortuner,2017,7.2,17.17,64170,Petrol,Dealer,Manual,2
Baleno,2021,12.48,13.93,90836,Electric,Individual,Manual,0
Swift,2010,6.82,7.59,11964,Petrol,Individual,Automatic,0
Swift,2022,3.85,5.81,161551,Diesel,Individual,Automatic,1
WagonR,2020,7.15,8.81,79356,Petrol,Individual,Manual,2
Creta,2011,9.25,11.62,164840,Petrol,Dealer,Automatic,2
WagonR,2007,14.96,20.79,142877,CNG,Dealer,Automatic,0
Swift,2012,6.7,11.73,130133,Diesel,Individual,Manual,0
Creta,2010,16.63,23.72,164008,Petrol,Dealer,Automatic,1
Swift,2015,4.65,10.43,25118,CNG,Dealer,Automatic,2
i20,2006,8.73,21.25,170276,Diesel,Individual,Automatic,1
Baleno,2018,10.27,24.26,199971,Petrol,Dealer,Automatic,0
City,2006,15.68,23.76,19519,CNG,Individual,Automatic,2
Innova,2007,12.46,21.0,12148,Petrol,Individual,Manual,0
i20,2010,16.88,19.89,71591,Petrol,Individual,Manual,1
Fortuner,2023,4.44,5.39,169201,Diesel,Dealer,Automatic,1
Swift,2006,4.71,5.55,84693,Electric,Dealer,Automatic,1
Ertiga,2012,11.55,13.49,179878,Diesel,Individual,Manual,0
Swift,2012,13.1,17.19,166089,Petrol,Individual,Automatic,2
WagonR,2005,10.67,16.33,17449,Petrol,Individual,Automatic,2
Verna,2010,21.16,23.57,192341,Diesel,Individual,Automatic,2
Ertiga,2023,11.39,20.78,177168,Electric,Dealer,Automatic,0
WagonR,2022,11.98,20.24,156854,Diesel,Dealer,Automatic,2
WagonR,2008,8.0,9.48,136186,Diesel,Dealer,Manual,0
Creta,2010,11.74,21.46,63465,Electric,Individual,Manual,1
Fortuner,2024,11.71,18.39,151252,Petrol,Individual,Automatic,0
City,2019,3.79,6.83,61598,Diesel,Individual,Automatic,2
Ertiga,2012,10.69,22.77,141369,Petrol,Individual,Manual,1
WagonR,2018,20.06,22.52,35881,Electric,Individual,Manual,2
Creta,2009,8.03,11.94,99036,Electric,Individual,Manual,2
Baleno,2017,9.41,15.6,95365,Diesel,Dealer,Automatic,1
City,2008,14.96,17.78,184744,CNG,Individual,Manual,1
City,2011,13.48,20.1,109509,CNG,Individual,Manual,0
Ertiga,2010,5.42,13.53,63650,Electric,Individual,Automatic,0
Baleno,2006,3.63,5.57,106498,Petrol,Dealer,Automatic,0
WagonR,2006,15.8,23.8,103354,CNG,Dealer,Automatic,2
Innova,2024,2.58,4.61,198391,Electric,Dealer,Manual,2
i20,2019,8.08,17.13,169358,Diesel,Individual,Automatic,0
Creta,2020,6.86,12.69,161981,Petrol,Individual,Manual,2
WagonR,2017,14.56,19.79,112910,Diesel,Individual,Manual,2
Innova,2007,14.8,19.41,133999,Electric,Dealer,Manual,2
Ertiga,2024,1.84,4.47,74086,CNG,Dealer,Manual,0
i20,2011,11.28,12.99,28379,CNG,Dealer,Manual,1
Innova,2017,4.65,5.39,147786,Petrol,Dealer,Manual,2
Baleno,2008,1.89,4.73,47829,Diesel,Individual,Manual,2
i20,2015,3.98,5.91,134957,Electric,Dealer,Manual,0
Verna,2019,3.12,4.64,180079,CNG,Dealer,Manual,2
Swift,2015,2.22,4.05,108701,Petrol,Individual,Automatic,1
Baleno,2006,6.08,8.2,58710,Electric,Individual,Manual,0
Creta,2019,14.16,19.3,135982,Diesel,Dealer,Manual,0
Creta,2007,14.91,22.32,159401,Petrol,Dealer,Automatic,2
Innova,2018,3.87,6.78,148163,Electric,Dealer,Automatic,0
Creta,2022,6.88,8.35,35142,CNG,Individual,Manual,1
Swift,2012,13.72,15.59,122871,Electric,Individual,Automatic,2
Innova,2008,5.59,12.98,188530,Diesel,Individual,Manual,0
Baleno,2016,13.29,19.82,103596,Diesel,Dealer,Manual,2
Fortuner,2016,4.52,10.21,46737,CNG,Dealer,Automatic,2
WagonR,2019,12.58,23.62,185026,Diesel,Dealer,Manual,0
Innova,2023,3.62,6.05,153862,Petrol,Individual,Manual,1
Swift,2024,12.98,16.4,80708,Diesel,Dealer,Manual,1
Ertiga,2006,18.3,23.93,186349,Electric,Individual,Automatic,2
WagonR,2009,5.44,9.56,163753,Petrol,Dealer,Automatic,1
Swift,2019,10.55,16.77,138047,Electric,Dealer,Automatic,0
Innova,2012,14.15,22.69,110291,Diesel,Dealer,Manual,2
Baleno,2019,7.98,9.05,25445,Electric,Individual,Automatic,1
Fortuner,2022,4.33,6.3,168483,Electric,Dealer,Manual,1
Swift,2021,14.08,15.69,134474,CNG,Dealer,Automatic,2
Verna,2010,10.52,18.01,67254,Petrol,Individual,Automatic,1
Swift,2024,7.05,10.3,124704,Petrol,Dealer,Automatic,2
Verna,2010,16.62,20.12,94818,CNG,Dealer,Automatic,1
WagonR,2023,6.73,11.67,41793,CNG,Dealer,Manual,2
Verna,2009,12.41,18.04,198818,Electric,Dealer,Manual,2
Verna,2023,14.19,23.56,94177,Petrol,Individual,Manual,2
i20,2015,9.24,18.89,131694,Electric,Dealer,Manual,1
Ertiga,2023,4.03,7.88,187084,CNG,Dealer,Manual,2
Swift,2008,8.96,15.32,107555,Electric,Individual,Automatic,2
Verna,2015,2.6,3.34,89001,CNG,Dealer,Manual,0
Ertiga,2014,14.11,16.82,36451,Petrol,Dealer,Automatic,2
i20,2020,4.38,6.63,57205,Diesel,Individual,Manual,0
Verna,2016,3.38,7.62,85630,Electric,Dealer,Automatic,1
WagonR,2011,2.61,5.36,196085,Diesel,Individual,Automatic,2
i20,2021,3.21,5.14,116738,Petrol,Dealer,Automatic,0
i20,2008,3.86,9.24,27842,Diesel,Individual,Automatic,2
Ertiga,2021,17.85,23.86,36985,Electric,Dealer,Manual,1
Ertiga,2005,4.65,8.98,39019,CNG,Individual,Manual,0
i20,2015,9.28,15.26,117237,Electric,Individual,Automatic,1
i20,2014,14.21,21.98,41233,CNG,Individual,Automatic,2
i20,2023,9.8,12.28,100344,CNG,Dealer,Manual,1
Fortuner,2024,18.57,23.03,26752,CNG,Dealer,Manual,0
City,2006,2.31,3.94,85436,Diesel,Dealer,Manual,0
Swift,2008,8.94,20.58,88198,CNG,Individual,Automatic,0
Creta,2021,4.59,7.49,170938,Petrol,Individual,Automatic,1
WagonR,2021,8.63,14.55,105418,Electric,Dealer,Automatic,2
Verna,2012,9.78,12.31,172070,Electric,Dealer,Manual,0
i20,2016,16.25,21.61,198658,CNG,Dealer,Manual,2
Baleno,2011,15.62,20.72,50317,Diesel,Dealer,Manual,0
Verna,2011,6.59,16.34,174121,Petrol,Dealer,Automatic,2
Verna,2005,11.74,22.48,141207,Electric,Dealer,Manual,2
Innova,2022,8.79,13.19,11350,Electric,Dealer,Automatic,0
Verna,2010,14.41,22.8,130849,CNG,Individual,Automatic,0
i20,2017,5.57,6.4,154741,Diesel,Dealer,Automatic,1
Ertiga,2022,4.95,8.3,31804,Diesel,Individual,Manual,2
City,2020,5.1,6.86,124843,Electric,Dealer,Manual,0
WagonR,2015,4.82,7.0,45682,Diesel,Individual,Manual,0
Baleno,2018,17.03,20.59,177293,CNG,Dealer,Manual,0
City,2010,7.63,10.15,100339,Diesel,Individual,Automatic,1
Innova,2018,4.11,5.69,194998,Diesel,Dealer,Automatic,1
Verna,2012,13.43,23.72,154695,Electric,Dealer,Manual,1
Creta,2024,13.1,21.15,157637,Diesel,Individual,Manual,0
Innova,2006,8.74,10.28,179776,Electric,Dealer,Manual,1
Ertiga,2015,5.27,6.04,151358,Diesel,Dealer,Manual,0
Swift,2008,3.57,5.96,100500,Diesel,Dealer,Manual,0
Innova,2013,13.88,19.74,133174,Electric,Individual,Manual,2
Ertiga,2016,8.7,17.68,98680,Electric,Dealer,Manual,0
Fortuner,2005,4.73,9.12,84194,Petrol,Individual,Manual,1
WagonR,2007,9.32,10.63,47730,Petrol,Dealer,Manual,2
i20,2023,5.82,6.68,196303,Petrol,Dealer,Automatic,0
Swift,2020,5.97,9.1,197655,Diesel,Dealer,Automatic,1
WagonR,2007,4.96,7.63,160578,Petrol,Dealer,Automatic,0
Baleno,2009,9.62,19.1,35293,Electric,Individual,Automatic,2
Baleno,2009,3.28,4.18,163816,Petrol,Dealer,Automatic,1
WagonR,2008,2.46,5.85,52371,Petrol,Individual,Manual,2
City,2015,13.7,17.56,143714,Diesel,Dealer,Manual,1
Ertiga,2023,4.11,7.23,104689,Petrol,Dealer,Automatic,2
Verna,2014,9.54,20.09,32165,Diesel,Dealer,Manual,1
Ertiga,2005,12.17,20.38,184055,Diesel,Individual,Manual,2
Fortuner,2015,17.17,24.6,44355,Diesel,Dealer,Manual,2
Baleno,2016,18.93,24.88,96743,Petrol,Dealer,Automatic,0
City,2023,10.97,13.92,9479,Electric,Dealer,Manual,1
Ertiga,2011,8.31,12.32,99113,CNG,Individual,Automatic,0
Creta,2011,18.83,21.62,72988,Petrol,Dealer,Automatic,0
City,2018,2.75,5.71,166022,Electric,Individual,Manual,0
Baleno,2024,12.63,16.63,121159,Electric,Individual,Manual,1
Baleno,2012,3.9,5.86,78767,CNG,Individual,Automatic,0
Swift,2005,6.57,7.88,191209,Diesel,Dealer,Manual,0
WagonR,2024,9.65,10.99,111309,Electric,Individual,Automatic,1
i20,2024,3.08,4.43,121080,CNG,Individual,Automatic,0
Verna,2012,4.0,8.53,32898,Electric,Individual,Manual,0
Ertiga,2006,12.15,15.21,36066,Petrol,Dealer,Manual,0
Verna,2018,9.48,15.18,31313,Petrol,Individual,Manual,1
i20,2021,2.59,3.94,8441,Electric,Dealer,Manual,2
Swift,2005,19.61,22.11,33359,Electric,Dealer,Manual,2
Innova,2006,6.27,11.99,31651,Diesel,Individual,Manual,0
Innova,2014,9.59,10.94,144118,CNG,Dealer,Automatic,0
Fortuner,2008,7.56,18.49,11498,Diesel,Individual,Automatic,1
Swift,2018,9.73,18.47,161279,Diesel,Dealer,Manual,1
Creta,2011,17.58,24.99,57524,Electric,Individual,Automatic,1
Baleno,2018,12.17,21.11,25691,Diesel,Dealer,Automatic,0
Fortuner,2006,2.57,4.27,74731,Petrol,Individual,Automatic,2
Swift,2023,2.83,3.55,22776,Electric,Individual,Automatic,0
City,2013,2.03,3.82,176731,Petrol,Individual,Manual,1
Creta,2012,7.66,17.69,190526,Petrol,Individual,Manual,2
Fortuner,2014,13.96,17.22,161744,Electric,Dealer,Manual,0
Fortuner,2019,7.36,15.99,184609,Electric,Individual,Manual,1
Verna,2017,12.21,24.02,43912,Petrol,Individual,Automatic,2
Fortuner,2013,6.61,8.46,50664,Diesel,Dealer,Automatic,2
Swift,2023,14.37,23.06,165051,Petrol,Individual,Manual,1
Innova,2009,1.52,3.58,127491,Diesel,Dealer,Manual,1
Swift,2006,15.75,21.5,178213,CNG,Dealer,Manual,0
WagonR,2016,12.39,18.06,166273,Electric,Dealer,Manual,0
Ertiga,2019,19.78,24.18,196615,CNG,Dealer,Manual,2
Creta,2017,15.13,22.67,84721,Petrol,Individual,Automatic,2
Innova,2021,13.18,19.22,66115,CNG,Individual,Manual,2
Swift,2010,2.31,4.36,11735,Electric,Individual,Automatic,1
Fortuner,2007,17.43,21.23,52141,Petrol,Individual,Automatic,0
WagonR,2007,19.91,23.55,138928,CNG,Dealer,Automatic,2
WagonR,2021,4.9,6.31,195370,Electric,Dealer,Automatic,0
Baleno,2023,4.96,10.8,192008,Electric,Dealer,Automatic,1
Creta,2006,10.01,13.88,149663,Electric,Individual,Manual,1
Fortuner,2017,7.45,10.79,125649,Diesel,Individual,Manual,2
Fortuner,2018,15.08,18.44,79197,Electric,Dealer,Automatic,2
Creta,2018,2.33,3.56,123766,Petrol,Individual,Manual,0
i20,2022,4.92,10.44,106170,Diesel,Individual,Automatic,2
City,2022,5.08,5.75,136735,CNG,Individual,Manual,2
Fortuner,2006,19.97,22.37,41034,Electric,Dealer,Automatic,2
Baleno,2023,3.2,4.5,10781,Petrol,Individual,Manual,0
WagonR,2008,8.33,15.9,194994,Diesel,Dealer,Automatic,0
Swift,2012,4.64,7.69,193668,CNG,Dealer,Manual,0
i20,2013,4.5,10.07,138967,Petrol,Dealer,Automatic,1
Baleno,2014,6.43,13.9,73729,Electric,Individual,Manual,0
Baleno,2014,5.49,9.02,153693,Electric,Individual,Manual,2
Ertiga,2009,12.31,18.4,160856,Petrol,Dealer,Automatic,1
Verna,2022,2.73,6.2,76171,Electric,Dealer,Manual,1
Verna,2024,5.04,7.06,108420,Electric,Dealer,Automatic,2
Fortuner,2024,13.06,15.09,86688,CNG,Dealer,Automatic,1
Swift,2023,7.02,8.75,87196,Petrol,Dealer,Manual,2
Innova,2024,14.76,17.95,20358,CNG,Dealer,Automatic,2
Fortuner,2006,6.84,10.73,23450,Petrol,Dealer,Automatic,0
Creta,2018,8.81,9.92,112686,Petrol,Individual,Automatic,1
Swift,2024,1.71,4.23,132273,CNG,Dealer,Automatic,2
Fortuner,2023,4.65,8.5,17309,Electric,Individual,Automatic,1
Verna,2020,9.56,12.03,90688,Diesel,Dealer,Automatic,1
i20,2018,17.14,22.03,133458,Petrol,Individual,Automatic,1
Swift,2012,5.8,7.23,137755,Electric,Dealer,Manual,1
Creta,2013,16.29,20.58,104945,Electric,Individual,Automatic,0
i20,2008,8.23,11.72,92556,Diesel,Dealer,Manual,2
Creta,2018,3.0,6.53,53952,CNG,Dealer,Automatic,1
Creta,2020,10.15,18.27,129242,CNG,Dealer,Automatic,0
Baleno,2008,3.58,4.74,78644,Petrol,Individual,Automatic,2
Ertiga,2021,6.88,17.07,20720,Petrol,Dealer,Automatic,2
Ertiga,2021,18.58,24.6,131143,Diesel,Dealer,Manual,0
Swift,2023,10.01,16.1,98943,CNG,Individual,Manual,2
Fortuner,2018,14.7,20.44,48020,Petrol,Dealer,Manual,0
Innova,2006,3.85,7.49,70858,CNG,Dealer,Automatic,1
Ertiga,2023,8.08,19.05,144536,CNG,Dealer,Automatic,1
Ertiga,2021,3.16,6.85,38532,Diesel,Individual,Automatic,1
Verna,2013,3.52,4.04,182162,CNG,Individual,Automatic,2
Baleno,2019,8.73,10.45,43179,Petrol,Dealer,Manual,0
Innova,2019,6.56,9.28,145841,Petrol,Individual,Automatic,1
Creta,2011,6.03,8.34,81931,Electric,Dealer,Manual,0
Baleno,2022,7.2,14.86,184590,Electric,Individual,Manual,2
Fortuner,2022,3.05,4.34,22634,Diesel,Dealer,Automatic,1
City,2011,3.35,3.73,164614,CNG,Dealer,Automatic,2
Swift,2012,8.64,10.28,65166,Petrol,Dealer,Manual,2
Baleno,2017,6.89,12.69,137423,Electric,Individual,Manual,1
Verna,2013,7.55,8.6,180643,CNG,Individual,Manual,2
Innova,2011,15.65,21.03,99799,Diesel,Individual,Manual,0
Ertiga,2015,3.83,8.3,161173,Electric,Individual,Automatic,2
Creta,2023,10.45,15.74,158701,Petrol,Individual,Automatic,1
Innova,2023,8.35,18.47,130656,Diesel,Individual,Automatic,0
Ertiga,2006,18.6,20.82,196076,Electric,Individual,Manual,1
WagonR,2009,16.59,22.9,150947,Electric,Dealer,Manual,0
Ertiga,2023,18.14,20.43,44570,Electric,Dealer,Automatic,0
Ertiga,2023,5.02,7.62,50194,Petrol,Dealer,Manual,0
City,2008,1.63,3.99,35663,Diesel,Dealer,Manual,0
Swift,2021,6.78,11.49,118762,Petrol,Individual,Automatic,0
Fortuner,2005,7.44,15.05,82456,Petrol,Individual,Manual,2
City,2012,19.66,22.75,80854,Petrol,Dealer,Automatic,1
City,2018,14.58,20.23,149266,CNG,Individual,Automatic,2
City,2015,8.9,21.31,30600,Petrol,Individual,Automatic,0
WagonR,2005,9.71,11.14,78124,Electric,Individual,Manual,1
Fortuner,2005,14.13,22.86,17078,Electric,Individual,Manual,0
Verna,2005,19.66,22.91,108019,Petrol,Dealer,Manual,1
Fortuner,2005,11.67,20.77,146991,CNG,Individual,Manual,2
Fortuner,2024,2.6,3.33,152245,Electric,Dealer,Automatic,2
WagonR,2009,7.73,11.31,195215,Electric,Dealer,Automatic,2
Fortuner,2019,10.48,20.27,143400,Petrol,Individual,Automatic,2
Fortuner,2007,8.82,11.01,102254,Diesel,Individual,Automatic,0
WagonR,2023,5.35,13.0,103842,Diesel,Dealer,Manual,0
i20,2009,9.78,12.5,188905,Electric,Dealer,Automatic,0
WagonR,2014,20.28,24.51,150043,CNG,Dealer,Manual,1
Baleno,2016,9.19,10.38,87406,Electric,Individual,Automatic,1
Fortuner,2007,11.44,17.76,41167,Diesel,Dealer,Manual,2
WagonR,2022,4.35,6.18,29091,Electric,Dealer,Automatic,1
i20,2010,5.73,6.58,163114,Petrol,Individual,Manual,2
Creta,2013,10.06,18.86,101060,Petrol,Individual,Automatic,1
Ertiga,2020,11.94,21.34,16893,Diesel,Dealer,Manual,0
Swift,2016,10.52,13.93,5015,Petrol,Dealer,Automatic,0
City,2015,7.57,12.02,18851,Diesel,Individual,Automatic,0
Verna,2021,4.65,6.59,151798,Petrol,Dealer,Manual,1
Verna,2021,8.52,17.34,140452,Electric,Dealer,Manual,0
i20,2018,3.96,4.59,147146,Petrol,Individual,Manual,0
Swift,2016,17.79,23.75,173160,Petrol,Dealer,Automatic,0
Baleno,2024,5.83,6.92,126588,Petrol,Individual,Manual,1
City,2007,15.01,19.45,16434,Electric,Dealer,Manual,0
WagonR,2006,2.99,3.72,23580,CNG,Dealer,Manual,1
Ertiga,2013,10.17,22.93,176349,CNG,Individual,Automatic,0
WagonR,2009,13.03,20.54,141813,Diesel,Individual,Automatic,0
Fortuner,2024,6.78,8.66,128788,Petrol,Dealer,Automatic,0
Baleno,2014,10.56,20.84,26664,Petrol,Individual,Automatic,0
Fortuner,2009,7.86,10.74,152188,Diesel,Dealer,Manual,1
Verna,2014,4.46,7.69,195938,Diesel,Individual,Manual,1
Fortuner,2021,3.85,4.33,76567,Petrol,Individual,Automatic,0
Verna,2023,13.52,15.05,193153,Diesel,Individual,Manual,1
Verna,2012,10.1,11.42,170313,Electric,Dealer,Manual,1
Swift,2015,3.6,4.17,121479,Electric,Individual,Automatic,2
Creta,2015,9.46,10.75,100478,Diesel,Dealer,Manual,2
i20,2006,12.68,14.9,92374,Petrol,Dealer,Automatic,2
Baleno,2014,17.07,19.07,179609,Diesel,Dealer,Manual,0
Swift,2019,9.01,20.14,106685,Diesel,Individual,Automatic,2
Creta,2019,13.38,18.0,19151,Diesel,Dealer,Automatic,2
Verna,2024,6.22,11.16,66291,Petrol,Dealer,Manual,0
WagonR,2009,5.56,7.01,87246,CNG,Dealer,Manual,0
Baleno,2018,16.94,19.71,188405,CNG,Dealer,Automatic,0
WagonR,2010,20.26,22.94,95970,CNG,Individual,Automatic,0
Innova,2019,4.15,9.22,134056,Diesel,Dealer,Automatic,2
WagonR,2022,3.08,4.09,97763,CNG,Dealer,Manual,2
WagonR,2007,2.21,4.06,107936,Diesel,Individual,Manual,0
Swift,2023,3.22,5.61,77727,Diesel,Individual,Manual,2
Ertiga,2024,7.94,18.37,79504,CNG,Dealer,Manual,2
Ertiga,2015,18.92,22.37,166637,CNG,Individual,Manual,1
Baleno,2023,6.09,10.49,16981,Petrol,Dealer,Automatic,1
Fortuner,2023,17.11,23.69,8420,Electric,Dealer,Manual,2
City,2017,9.98,18.78,130173,Electric,Individual,Manual,2
Verna,2011,14.48,17.57,154494,CNG,Dealer,Manual,0
Creta,2017,10.76,13.8,103822,CNG,Individual,Manual,0
City,2010,7.38,16.92,7897,Electric,Individual,Automatic,0
Verna,2017,4.43,7.04,32726,Diesel,Dealer,Manual,2
City,2023,9.4,18.45,44177,CNG,Individual,Manual,0
Fortuner,2005,13.18,19.22,13375,Petrol,Individual,Manual,0
City,2022,9.98,15.23,113528,Petrol,Dealer,Manual,0
WagonR,2017,9.28,11.64,62657,Petrol,Individual,Automatic,1
Ertiga,2015,13.29,19.59,152475,Electric,Individual,Manual,0
Verna,2010,12.62,16.06,160607,Diesel,Individual,Manual,0
Creta,2012,9.76,12.22,51971,Electric,Individual,Automatic,2
Swift,2010,4.2,4.71,126095,Diesel,Dealer,Automatic,0
Ertiga,2007,10.58,20.63,47494,Petrol,Dealer,Manual,1
Creta,2010,3.95,5.18,164382,Petrol,Individual,Manual,2
i20,2023,9.26,23.02,194474,Petrol,Individual,Manual,0
Ertiga,2021,7.38,12.6,145386,Petrol,Individual,Automatic,2
Ertiga,2020,2.99,6.68,186071,Petrol,Dealer,Automatic,0
City,2020,10.37,14.77,188334,Petrol,Individual,Manual,2
Verna,2023,10.87,13.55,50187,CNG,Individual,Manual,2
Innova,2008,12.05,24.9,41202,Diesel,Dealer,Manual,0
City,2022,5.15,7.7,82213,Diesel,Dealer,Manual,1
City,2007,8.13,9.1,132736,Diesel,Dealer,Manual,1
Swift,2016,7.82,15.7,191263,Diesel,Dealer,Manual,0
Creta,2011,21.31,24.53,77613,Diesel,Dealer,Manual,2
Baleno,2019,10.44,13.96,38342,Diesel,Individual,Manual,0
Swift,2009,7.99,14.07,114557,Electric,Individual,Automatic,0
WagonR,2005,10.31,18.01,20057,Diesel,Individual,Automatic,1
Ertiga,2016,5.26,11.75,158239,Diesel,Dealer,Manual,2
Baleno,2005,7.71,17.34,161818,Electric,Individual,Automatic,2
Ertiga,2006,15.15,21.93,46712,Diesel,Dealer,Manual,1
Verna,2012,14.44,21.53,199477,Petrol,Individual,Automatic,0
Fortuner,2009,13.46,15.48,58221,Electric,Dealer,Manual,1
Fortuner,2017,13.5,15.26,101619,Electric,Individual,Manual,1
Ertiga,2012,8.14,18.41,45100,Electric,Individual,Automatic,0
Swift,2014,8.69,15.79,71777,Electric,Individual,Automatic,0
WagonR,2014,12.37,16.3,54431,Electric,Individual,Manual,1
Creta,2024,5.59,11.29,123912,Electric,Dealer,Automatic,0
Fortuner,2007,5.01,9.5,43497,Diesel,Individual,Automatic,1
Swift,2009,4.32,5.23,139922,Electric,Dealer,Automatic,0
WagonR,2012,8.38,18.94,191440,Electric,Individual,Manual,0
Verna,2022,8.82,10.45,67763,Electric,Dealer,Automatic,2
Verna,2006,5.65,11.02,66826,Diesel,Dealer,Manual,0
Ertiga,2007,15.28,18.54,100903,Electric,Individual,Manual,1
Fortuner,2013,8.79,11.14,127396,CNG,Individual,Automatic,1
Verna,2017,12.71,15.91,193888,CNG,Dealer,Automatic,0
Verna,2018,9.99,11.16,128781,Electric,Individual,Automatic,0
Creta,2018,3.52,7.59,78493,CNG,Individual,Automatic,0
WagonR,2022,12.59,18.35,7076,CNG,Dealer,Automatic,0
i20,2017,12.78,16.11,89697,Electric,Individual,Automatic,1
Verna,2010,2.23,5.48,67791,Diesel,Dealer,Automatic,2
Baleno,2023,12.13,24.72,74650,CNG,Dealer,Automatic,2
Creta,2022,12.61,15.84,69962,Electric,Dealer,Automatic,1
Fortuner,2014,4.82,7.7,19637,Diesel,Individual,Manual,0
Baleno,2005,2.72,3.66,174244,Electric,Individual,Manual,0
Baleno,2008,3.2,4.75,196336,CNG,Individual,Manual,0
Creta,2016,11.3,20.94,177475,Electric,Individual,Automatic,1
Creta,2020,2.02,4.07,135343,Petrol,Individual,Automatic,2
Creta,2009,4.99,7.9,121577,Electric,Individual,Automatic,1
Swift,2011,3.32,7.29,5892,Petrol,Individual,Manual,1
Ertiga,2022,2.46,4.38,101334,Petrol,Dealer,Manual,0
Baleno,2020,16.7,21.84,51709,CNG,Dealer,Automatic,1
City,2011,3.96,5.64,11938,Petrol,Dealer,Automatic,2
City,2007,11.86,13.88,48117,Petrol,Dealer,Automatic,2
Fortuner,2016,7.07,10.72,45415,Diesel,Dealer,Manual,2
i20,2020,9.39,20.25,95169,CNG,Dealer,Manual,0
Innova,2010,4.96,6.32,186724,Diesel,Dealer,Manual,0
City,2014,8.2,11.0,129172,CNG,Dealer,Manual,0
Swift,2018,7.12,12.39,137979,Electric,Individual,Manual,0
Fortuner,2022,16.05,24.47,16943,Electric,Dealer,Manual,0
Creta,2017,2.49,3.85,8711,Electric,Dealer,Automatic,2
Creta,2022,5.83,7.89,151348,Petrol,Individual,Automatic,2
Innova,2013,11.65,14.75,72704,Diesel,Individual,Automatic,1
Creta,2009,5.52,6.19,61804,Diesel,Dealer,Manual,2
Creta,2008,10.33,19.6,81555,CNG,Dealer,Manual,0
WagonR,2016,5.85,11.91,103835,CNG,Dealer,Automatic,2
Innova,2006,18.62,22.8,68502,Diesel,Dealer,Manual,2
Verna,2006,7.14,8.97,184221,Petrol,Dealer,Manual,1
Baleno,2015,7.03,8.04,151509,CNG,Dealer,Manual,2
Swift,2007,3.82,7.83,106021,CNG,Individual,Manual,2
Verna,2020,7.53,17.45,106218,Electric,Dealer,Automatic,1
Baleno,2013,13.47,15.51,50686,CNG,Dealer,Automatic,2
i20,2013,3.59,4.58,153432,CNG,Individual,Automatic,0
Fortuner,2023,16.19,23.53,28940,Diesel,Individual,Automatic,2
Swift,2020,4.68,10.87,53460,Diesel,Dealer,Automatic,0
WagonR,2018,9.97,24.48,179761,Electric,Dealer,Manual,2
WagonR,2007,5.47,6.29,24212,Diesel,Individual,Automatic,1
WagonR,2022,9.32,15.46,123988,Electric,Dealer,Manual,0
WagonR,2018,7.11,13.79,131844,Diesel,Dealer,Automatic,2
i20,2017,11.25,17.85,12423,Electric,Individual,Automatic,0
Verna,2011,16.25,23.7,184552,Diesel,Dealer,Manual,2
Ertiga,2017,4.25,10.23,54381,CNG,Dealer,Manual,0
i20,2009,2.77,4.0,36732,Petrol,Individual,Automatic,1
Verna,2013,17.89,24.85,152597,Electric,Dealer,Manual,0
Verna,2009,7.75,12.26,152131,CNG,Individual,Automatic,1
Verna,2014,9.74,15.59,160473,Petrol,Individual,Manual,1
i20,2016,6.55,12.39,13853,Petrol,Dealer,Automatic,0
Swift,2016,6.3,9.92,62826,Electric,Individual,Automatic,2
WagonR,2010,10.63,24.18,120704,CNG,Dealer,Automatic,0
Innova,2015,4.41,7.53,187117,Petrol,Dealer,Automatic,1
City,2008,4.14,6.55,47231,Electric,Individual,Manual,0
Ertiga,2015,11.73,16.51,142499,CNG,Individual,Automatic,1
i20,2018,9.59,17.46,70015,CNG,Individual,Manual,1
Fortuner,2013,14.32,20.28,85046,Diesel,Dealer,Automatic,1
Verna,2023,8.88,12.92,64353,Electric,Individual,Manual,2
i20,2022,2.87,6.77,63858,Electric,Dealer,Automatic,2
Ertiga,2011,20.01,24.74,180376,CNG,Dealer,Manual,0
Swift,2008,15.12,24.28,154686,Diesel,Dealer,Automatic,0
Verna,2020,5.85,10.19,140940,Electric,Individual,Automatic,1
Swift,2023,2.47,5.9,37941,Petrol,Individual,Automatic,2
Creta,2018,18.72,21.66,105008,Diesel,Dealer,Manual,0
Innova,2016,2.69,5.35,35093,CNG,Individual,Automatic,2
Innova,2024,8.03,11.62,91708,Petrol,Individual,Manual,2
i20,2024,4.14,7.8,23031,CNG,Dealer,Automatic,2
City,2015,5.18,11.72,63009,CNG,Dealer,Manual,1
Creta,2010,3.44,7.19,111796,Petrol,Dealer,Manual,1
Baleno,2019,5.7,9.44,74500,Petrol,Individual,Manual,2
Fortuner,2019,12.2,18.71,113969,Petrol,Dealer,Automatic,2
WagonR,2009,9.17,15.52,78552,Petrol,Dealer,Manual,2
Verna,2020,5.46,12.64,79985,Diesel,Dealer,Automatic,0
i20,2015,2.87,4.29,64868,Petrol,Dealer,Manual,2
Creta,2024,14.16,23.78,115657,Electric,Individual,Manual,0
City,2011,4.23,5.94,45191,Petrol,Dealer,Manual,0
Swift,2015,6.01,11.83,33260,Diesel,Dealer,Manual,0
Baleno,2013,5.2,11.98,120598,Electric,Individual,Automatic,0
WagonR,2019,17.2,21.83,42222,CNG,Individual,Manual,2
Swift,2006,3.99,6.82,173232,Petrol,Dealer,Manual,2
Creta,2023,12.31,15.23,72715,Diesel,Dealer,Manual,1
Baleno,2009,2.21,4.03,146605,Petrol,Dealer,Automatic,2
Verna,2010,19.22,24.07,178517,Petrol,Individual,Manual,1
Ertiga,2018,16.91,23.16,72880,Electric,Dealer,Automatic,2
WagonR,2020,6.11,10.06,73275,Diesel,Individual,Manual,1
Innova,2016,11.42,17.08,64608,Diesel,Individual,Manual,1
i20,2021,10.87,22.19,21800,Petrol,Individual,Automatic,1
Creta,2022,7.89,9.2,71773,Diesel,Individual,Manual,2
Baleno,2011,10.31,12.93,25003,Diesel,Dealer,Manual,0
i20,2008,6.18,14.68,139614,Electric,Dealer,Manual,1
Swift,2006,11.99,21.98,132069,Diesel,Dealer,Automatic,0
i20,2023,12.82,24.38,166808,Diesel,Individual,Manual,1
Fortuner,2008,5.8,6.8,42251,CNG,Dealer,Manual,2
Verna,2019,4.06,7.0,10626,Diesel,Dealer,Manual,1
Verna,2010,8.38,11.29,89017,Electric,Dealer,Manual,2
Verna,2005,9.14,18.23,56249,CNG,Individual,Automatic,0
WagonR,2014,9.13,14.05,140938,CNG,Dealer,Automatic,1
WagonR,2005,17.18,20.7,7706,Electric,Individual,Manual,2
Verna,2015,4.47,7.17,183748,Diesel,Individual,Automatic,2
Fortuner,2011,5.02,6.52,161692,Diesel,Individual,Manual,1
i20,2020,6.45,13.43,49694,Diesel,Dealer,Automatic,0
WagonR,2017,5.03,10.68,26945,Diesel,Dealer,Automatic,2
i20,2010,2.9,6.32,79930,Electric,Dealer,Manual,0
Fortuner,2023,7.5,9.99,179283,Diesel,Individual,Manual,1
Verna,2009,14.0,17.21,50183,Diesel,Dealer,Automatic,1
Swift,2007,7.38,10.37,72950,CNG,Dealer,Manual,0
Swift,2008,6.17,7.91,146114,Petrol,Individual,Manual,2
Creta,2010,1.95,4.41,173392,Petrol,Dealer,Manual,1
Ertiga,2014,10.77,14.25,34531,Diesel,Individual,Automatic,2
Baleno,2020,21.01,24.81,83106,Petrol,Individual,Automatic,2
Creta,2022,3.84,4.29,86082,Petrol,Dealer,Automatic,0
Ertiga,2023,14.55,23.42,135502,Electric,Dealer,Automatic,2
Verna,2015,14.43,20.07,106637,Electric,Individual,Manual,2
Creta,2018,10.38,18.93,62071,Petrol,Dealer,Automatic,0
Baleno,2010,1.9,4.65,52978,Petrol,Individual,Manual,2
Innova,2013,7.95,14.7,34561,Petrol,Dealer,Automatic,2
WagonR,2019,4.43,6.38,111496,CNG,Dealer,Manual,2
City,2011,2.23,5.44,149061,Electric,Individual,Automatic,0
City,2010,7.47,18.54,21354,Diesel,Individual,Manual,2
Swift,2017,2.87,7.15,30260,CNG,Dealer,Automatic,0
i20,2021,17.2,22.78,149135,Diesel,Individual,Manual,2
Fortuner,2023,8.54,19.88,21370,Electric,Dealer,Automatic,1
City,2012,17.98,21.87,51480,Electric,Dealer,Manual,1
Baleno,2018,14.88,22.8,26837,Electric,Dealer,Automatic,1
Baleno,2008,4.67,8.45,149742,Petrol,Dealer,Manual,0
WagonR,2021,17.34,20.4,57723,Diesel,Dealer,Manual,1
Baleno,2010,10.04,13.14,162309,Electric,Individual,Manual,1
Fortuner,2020,10.05,13.85,29896,CNG,Dealer,Manual,2
City,2022,11.7,14.5,176491,Petrol,Dealer,Automatic,2
Ertiga,2019,15.15,24.04,35612,Petrol,Individual,Automatic,2
i20,2022,12.8,17.15,146824,Electric,Dealer,Manual,2
Fortuner,2009,10.77,18.43,103794,Electric,Dealer,Automatic,2
WagonR,2008,3.03,6.04,122497,Diesel,Individual,Automatic,0
Swift,2024,6.43,9.0,119073,Electric,Individual,Manual,2
Creta,2024,2.49,3.49,75285,Electric,Individual,Automatic,0
Ertiga,2019,10.04,15.63,108902,Petrol,Individual,Automatic,2
WagonR,2020,6.4,8.61,97259,CNG,Individual,Automatic,0
Verna,2021,5.82,7.26,164452,Petrol,Individual,Automatic,0
i20,2014,18.71,21.46,141049,Diesel,Individual,Manual,1
Verna,2014,8.31,20.08,144907,CNG,Dealer,Manual,2
Creta,2021,11.68,20.74,7598,Petrol,Dealer,Manual,1
Verna,2009,14.45,24.15,15245,Petrol,Dealer,Manual,1
City,2022,14.09,21.34,98996,Petrol,Dealer,Manual,1
WagonR,2020,6.56,9.71,146782,Electric,Individual,Manual,2
Innova,2016,4.95,12.15,67013,CNG,Dealer,Manual,0
Fortuner,2011,3.05,4.01,95416,Petrol,Individual,Manual,0
WagonR,2016,7.82,11.52,30451,Diesel,Individual,Automatic,1
Swift,2019,12.12,15.53,136767,Petrol,Individual,Manual,1
Fortuner,2006,2.86,3.69,170418,CNG,Dealer,Manual,0
Verna,2013,20.31,23.22,84433,Diesel,Dealer,Automatic,1
Fortuner,2013,11.98,17.64,115608,CNG,Dealer,Automatic,0
i20,2017,2.81,6.12,38042,Electric,Individual,Manual,1
Creta,2018,17.3,19.9,53296,Petrol,Dealer,Automatic,0
Innova,2011,17.15,23.5,174742,Petrol,Individual,Automatic,1
i20,2020,15.3,22.82,84580,CNG,Dealer,Automatic,1
i20,2010,3.42,5.12,65754,Petrol,Individual,Manual,0
Creta,2014,5.26,10.33,96146,Petrol,Dealer,Manual,1
Baleno,2009,15.13,17.49,28961,Electric,Dealer,Manual,2
Ertiga,2019,10.91,13.88,116568,Diesel,Individual,Automatic,2
Verna,2015,7.45,15.19,49818,Diesel,Individual,Manual,2
i20,2015,4.65,5.23,35318,Electric,Individual,Manual,1
Swift,2007,2.79,4.2,18690,CNG,Individual,Manual,1
i20,2019,8.26,12.99,75580,Diesel,Individual,Manual,1
Verna,2019,17.15,22.22,196837,Petrol,Individual,Manual,1
Verna,2023,6.05,9.61,154704,CNG,Dealer,Manual,1
City,2012,5.7,13.74,145067,Petrol,Dealer,Automatic,0
Ertiga,2007,14.74,18.14,67821,Diesel,Individual,Manual,2
Ertiga,2020,11.39,14.13,50896,Petrol,Individual,Manual,1
Ertiga,2022,7.3,13.45,7527,Electric,Dealer,Automatic,2
Verna,2007,6.16,9.9,37041,Electric,Individual,Manual,1
Ertiga,2012,5.79,13.62,139180,Petrol,Individual,Automatic,2
Innova,2020,5.96,7.14,78194,Petrol,Individual,Automatic,2
WagonR,2017,18.94,23.54,160317,Petrol,Individual,Manual,0
Fortuner,2017,4.13,6.0,163492,Electric,Individual,Automatic,0
Swift,2024,12.67,15.93,158573,Petrol,Dealer,Automatic,1
i20,2012,13.39,15.7,144274,Diesel,Dealer,Manual,2
Verna,2024,6.55,12.01,141856,Diesel,Individual,Automatic,1
WagonR,2021,14.25,20.08,82998,Electric,Individual,Automatic,0
Innova,2022,18.71,23.04,102238,CNG,Individual,Manual,2
Baleno,2008,10.55,21.54,18459,Electric,Individual,Manual,0
Innova,2014,10.53,14.63,54160,Petrol,Individual,Manual,1
Baleno,2023,12.63,14.64,73863,CNG,Dealer,Automatic,1
Baleno,2010,12.93,14.51,107555,Petrol,Dealer,Manual,2
Fortuner,2005,4.35,7.62,136800,Petrol,Dealer,Manual,2
i20,2020,11.48,21.35,25915,Petrol,Dealer,Manual,0
Creta,2019,7.78,13.3,17319,Electric,Individual,Manual,0
Ertiga,2016,2.77,4.97,177226,Petrol,Individual,Manual,2
Baleno,2015,4.35,7.29,181510,Petrol,Dealer,Manual,0
WagonR,2012,11.15,24.09,144627,Electric,Individual,Manual,2
Swift,2015,8.14,10.69,68792,Petrol,Individual,Manual,2
Creta,2008,1.7,3.94,90915,CNG,Dealer,Automatic,0
Ertiga,2017,3.92,4.53,94981,Electric,Dealer,Automatic,1
i20,2009,11.76,23.13,25674,Electric,Dealer,Manual,1
i20,2012,15.47,20.57,20821,CNG,Individual,Manual,1
i20,2014,5.72,12.91,69568,Electric,Individual,Manual,2
Baleno,2020,8.89,15.5,98603,Petrol,Individual,Automatic,0
Creta,2017,10.13,24.04,165810,Diesel,Individual,Automatic,0
Fortuner,2019,2.43,3.62,46525,Electric,Individual,Manual,1
Verna,2012,4.19,9.49,141639,CNG,Dealer,Automatic,0
Innova,2006,20.38,22.65,168434,CNG,Dealer,Automatic,2
i20,2014,5.06,12.01,74625,Petrol,Dealer,Manual,2
City,2022,9.7,15.03,40486,Petrol,Individual,Manual,1
Ertiga,2018,6.58,7.59,40211,Petrol,Individual,Automatic,2
City,2013,10.08,12.97,143639,CNG,Dealer,Manual,2
Fortuner,2018,9.53,15.65,16771,CNG,Dealer,Manual,0
Ertiga,2021,12.86,14.8,77933,Electric,Individual,Automatic,1
i20,2008,17.8,21.82,67162,Electric,Dealer,Automatic,0
Fortuner,2019,3.63,8.85,56523,Petrol,Dealer,Automatic,1
Ertiga,2006,5.19,7.47,59595,Petrol,Individual,Manual,2
City,2020,11.23,12.75,99147,Diesel,Dealer,Automatic,1
Swift,2020,5.76,12.89,70816,Petrol,Dealer,Automatic,0
Creta,2021,18.73,21.17,114872,Diesel,Individual,Manual,1
Baleno,2013,17.52,20.33,15359,Diesel,Dealer,Manual,2
Creta,2006,11.83,18.93,98349,Petrol,Individual,Automatic,0
WagonR,2005,2.75,4.25,185916,CNG,Dealer,Manual,0
Baleno,2013,9.16,11.17,67966,Petrol,Individual,Automatic,0
Innova,2009,4.15,6.17,77626,Petrol,Individual,Manual,2
Creta,2017,14.86,24.63,155558,Diesel,Individual,Manual,1
Verna,2014,11.15,20.46,53633,Diesel,Dealer,Automatic,0
City,2008,6.28,14.74,168016,CNG,Individual,Automatic,0
Ertiga,2017,3.14,7.73,129489,Electric,Individual,Manual,0
City,2009,14.04,20.14,13335,Electric,Individual,Manual,0
WagonR,2023,9.61,10.93,112287,Petrol,Dealer,Automatic,1
Innova,2020,7.01,16.31,12870,Diesel,Dealer,Automatic,2
Innova,2005,1.81,3.57,125951,Petrol,Dealer,Manual,2
Ertiga,2019,3.08,6.78,29516,Electric,Dealer,Automatic,0
Verna,2017,6.39,13.9,53663,CNG,Individual,Automatic,0
Baleno,2020,3.66,5.44,48826,Electric,Dealer,Automatic,1
Creta,2014,7.48,8.39,19101,Diesel,Individual,Automatic,0
Swift,2010,7.91,10.93,29338,Diesel,Individual,Manual,0
Swift,2023,4.21,8.94,26569,CNG,Individual,Automatic,1
Creta,2010,5.68,11.27,10925,Electric,Individual,Automatic,0
Innova,2012,14.08,23.3,128292,CNG,Dealer,Manual,1
i20,2016,14.67,21.2,99133,Petrol,Individual,Manual,0
Ertiga,2008,2.43,5.34,179958,Petrol,Dealer,Automatic,2
WagonR,2017,13.49,24.85,189318,Electric,Individual,Automatic,2
Creta,2018,15.05,20.41,139662,Diesel,Individual,Automatic,0
Verna,2005,7.78,14.0,75578,Petrol,Dealer,Automatic,2
Swift,2022,11.13,24.48,152994,Electric,Individual,Manual,0
Ertiga,2018,5.79,9.62,18199,Diesel,Individual,Manual,0
Ertiga,2015,16.45,24.55,78033,Electric,Individual,Automatic,0
Ertiga,2021,4.45,6.47,63720,Electric,Individual,Automatic,1
Creta,2010,3.03,6.26,7550,Diesel,Individual,Manual,0
City,2016,19.19,22.86,5390,Petrol,Dealer,Manual,0
Fortuner,2022,11.49,14.42,70186,Electric,Dealer,Manual,2
WagonR,2005,2.11,3.07,141601,Petrol,Dealer,Automatic,0
Baleno,2017,14.18,20.56,11066,Electric,Dealer,Manual,0
WagonR,2020,5.73,7.43,124733,Electric,Dealer,Automatic,0
Baleno,2022,11.27,20.49,93300,Electric,Individual,Automatic,1
WagonR,2012,3.35,3.89,11044,CNG,Dealer,Manual,1
Innova,2008,18.47,22.59,194533,Petrol,Dealer,Manual,1
Verna,2007,12.7,17.57,150567,CNG,Dealer,Automatic,0
Swift,2005,5.75,7.16,73098,Petrol,Individual,Manual,1
i20,2012,3.78,9.11,112771,Electric,Individual,Automatic,2
Swift,2013,13.65,21.99,118231,Petrol,Dealer,Manual,1
Baleno,2005,16.34,20.82,190162,Diesel,Dealer,Manual,2
Creta,2019,14.25,16.12,80755,Electric,Dealer,Manual,2
i20,2016,9.09,14.02,23357,Diesel,Individual,Manual,1
City,2011,10.55,12.05,46882,CNG,Individual,Manual,0
Ertiga,2014,2.2,4.92,167465,Diesel,Individual,Manual,2
i20,2008,12.93,18.11,23204,CNG,Dealer,Automatic,2
WagonR,2017,2.38,5.52,13311,Diesel,Dealer,Manual,1
Ertiga,2018,5.3,11.98,19098,Diesel,Dealer,Automatic,0
Creta,2005,2.49,4.97,51079,Electric,Dealer,Automatic,0
i20,2009,3.19,3.65,74334,Petrol,Individual,Automatic,1
Verna,2015,6.8,7.94,196499,CNG,Individual,Manual,1
City,2010,13.81,22.66,120292,CNG,Individual,Manual,0
Innova,2024,1.99,4.94,67022,Diesel,Individual,Automatic,0
Baleno,2013,7.19,8.17,151363,Electric,Individual,Manual,0
Innova,2015,9.1,19.65,183097,Diesel,Individual,Automatic,0
Fortuner,2021,8.74,11.62,114656,CNG,Individual,Manual,0
Fortuner,2013,20.69,24.64,167896,Electric,Individual,Automatic,1
Swift,2019,10.2,21.26,178641,Diesel,Individual,Manual,0
Verna,2018,19.64,24.45,33535,Electric,Individual,Manual,0
Verna,2012,7.97,9.89,76270,Petrol,Individual,Automatic,2
i20,2017,7.15,15.05,33957,Electric,Individual,Automatic,0
Fortuner,2016,3.53,8.65,50106,CNG,Individual,Manual,0
City,2008,11.48,17.75,165552,Petrol,Dealer,Automatic,0
City,2005,11.3,21.86,117468,CNG,Individual,Manual,2
Fortuner,2007,10.14,14.62,77673,Petrol,Individual,Automatic,1
Swift,2005,8.6,10.64,30779,Diesel,Dealer,Manual,1
Creta,2014,3.22,7.31,78129,Diesel,Dealer,Manual,2
Ertiga,2017,3.18,4.12,165248,Electric,Dealer,Manual,1
Ertiga,2009,3.76,5.21,196360,Electric,Dealer,Manual,0
WagonR,2010,2.19,4.37,188203,Electric,Dealer,Manual,0
Innova,2013,1.87,3.71,8461,Petrol,Dealer,Manual,2
Ertiga,2020,15.78,19.45,159584,Electric,Dealer,Manual,2
i20,2017,17.52,22.45,45786,Petrol,Individual,Manual,2
Ertiga,2014,13.68,21.6,171758,CNG,Individual,Manual,2
i20,2008,2.68,4.69,119700,Diesel,Dealer,Manual,1
Innova,2010,12.74,15.28,182208,Petrol,Individual,Manual,1
Baleno,2024,10.13,19.73,192448,Electric,Dealer,Automatic,0
Innova,2022,14.36,18.19,34115,Diesel,Dealer,Manual,2
Fortuner,2024,16.01,22.34,159161,CNG,Individual,Automatic,0
Swift,2022,6.03,7.36,93826,Electric,Individual,Manual,0
Ertiga,2010,8.38,20.56,148400,CNG,Individual,Automatic,2
Verna,2006,1.75,3.32,175742,Diesel,Dealer,Manual,1
Swift,2010,3.91,6.57,36861,Electric,Individual,Automatic,1
Innova,2013,4.83,11.77,128773,CNG,Dealer,Automatic,2
Creta,2008,6.29,8.41,100597,Petrol,Individual,Manual,2
Fortuner,2008,17.41,21.45,83169,Petrol,Dealer,Automatic,0
Ertiga,2011,6.54,7.35,17168,CNG,Dealer,Automatic,0
Verna,2008,11.46,16.64,63230,CNG,Dealer,Manual,0
WagonR,2005,7.41,9.63,33085,Petrol,Dealer,Automatic,0
Fortuner,2006,5.34,6.24,101547,Electric,Individual,Automatic,2
WagonR,2014,6.13,11.89,69243,CNG,Dealer,Automatic,2
Baleno,2007,2.07,5.06,90420,CNG,Individual,Automatic,1
Baleno,2009,10.94,13.79,158408,CNG,Individual,Manual,2
Baleno,2015,4.71,10.06,34141,Electric,Individual,Automatic,0
Innova,2009,6.38,8.15,102547,Petrol,Individual,Automatic,1
WagonR,2009,4.77,11.28,172638,Electric,Dealer,Manual,2
Fortuner,2017,2.71,3.41,82499,CNG,Individual,Automatic,1
Baleno,2019,2.64,6.11,98874,Petrol,Individual,Manual,0
Verna,2021,7.82,13.2,99805,Electric,Dealer,Automatic,2
City,2006,4.34,7.76,132579,Petrol,Dealer,Automatic,1
Innova,2007,17.69,21.49,136925,Diesel,Individual,Manual,0
Fortuner,2023,5.34,6.8,73042,Electric,Dealer,Automatic,0
Innova,2022,12.9,14.36,83710,Electric,Individual,Automatic,0
Creta,2005,9.49,12.8,103893,Electric,Dealer,Manual,1
Creta,2011,12.11,18.99,110090,CNG,Dealer,Manual,2
Fortuner,2018,13.29,18.88,129566,Petrol,Individual,Automatic,2
i20,2012,3.9,6.88,186907,Diesel,Individual,Manual,1
Innova,2005,14.24,18.12,163330,Diesel,Individual,Manual,1
Swift,2024,19.07,21.78,117476,CNG,Dealer,Automatic,1
Innova,2019,2.78,4.27,129174,Electric,Individual,Automatic,1
Swift,2010,8.74,12.6,25178,Diesel,Individual,Manual,0
Creta,2020,5.9,7.62,110497,Electric,Dealer,Manual,0
Baleno,2010,3.25,6.86,173680,Petrol,Dealer,Automatic,1
Baleno,2020,10.94,12.37,36638,Electric,Dealer,Manual,1
Verna,2010,9.71,16.57,147395,CNG,Individual,Manual,0
WagonR,2016,5.62,6.87,32149,Petrol,Dealer,Manual,0
WagonR,2005,20.43,22.77,113320,Petrol,Dealer,Automatic,0
Ertiga,2017,3.83,8.91,25298,Petrol,Dealer,Automatic,1
City,2005,13.97,23.28,26072,Electric,Dealer,Automatic,2
City,2005,16.4,23.71,81337,Diesel,Individual,Automatic,0
Baleno,2013,15.96,23.17,103758,Electric,Dealer,Automatic,1
City,2018,9.88,24.54,150544,Petrol,Individual,Automatic,1
WagonR,2006,4.56,6.44,96696,CNG,Dealer,Manual,2
Innova,2024,5.97,7.95,126115,Diesel,Dealer,Manual,2
Swift,2008,12.11,21.09,63250,CNG,Individual,Manual,0
i20,2018,11.24,18.81,123636,Diesel,Individual,Manual,2
Verna,2014,7.52,10.83,58846,CNG,Dealer,Automatic,2
Swift,2005,8.72,14.12,148165,Electric,Individual,Automatic,1
Baleno,2005,2.73,6.73,148036,Diesel,Dealer,Manual,0
City,2007,19.25,22.89,83457,Petrol,Individual,Automatic,2
Creta,2023,11.85,23.11,158296,CNG,Dealer,Manual,0
Baleno,2010,1.64,3.14,48980,Petrol,Dealer,Automatic,2
City,2015,4.83,10.57,20565,CNG,Individual,Automatic,2
Ertiga,2006,5.5,7.97,111121,CNG,Dealer,Manual,0
Fortuner,2011,18.35,22.25,82212,Diesel,Individual,Manual,0
Ertiga,2022,2.78,3.59,152935,Diesel,Dealer,Manual,1
i20,2013,2.14,4.99,156987,Electric,Individual,Manual,0
Baleno,2008,3.69,6.14,135131,Electric,Individual,Automatic,2
Fortuner,2016,7.77,9.11,22187,Diesel,Individual,Manual,2
Baleno,2011,16.24,22.84,94626,Diesel,Dealer,Automatic,1
City,2007,11.84,18.47,31181,Electric,Dealer,Automatic,1
Fortuner,2020,8.27,10.01,180054,CNG,Individual,Manual,0
City,2005,10.4,22.59,116600,Petrol,Dealer,Manual,2
Verna,2022,19.13,22.85,87681,Petrol,Dealer,Manual,2
i20,2008,2.26,4.38,186163,CNG,Dealer,Automatic,0
Baleno,2013,3.43,7.62,41588,CNG,Dealer,Manual,2
Creta,2019,8.62,13.67,160000,CNG,Individual,Manual,1
Ertiga,2013,19.41,21.92,45193,Diesel,Individual,Automatic,2
Swift,2022,10.0,20.41,159848,CNG,Individual,Automatic,0
City,2018,11.28,13.84,105192,Diesel,Dealer,Manual,2
i20,2023,14.26,24.7,117721,Petrol,Dealer,Automatic,1
Ertiga,2022,9.48,17.64,118584,CNG,Individual,Manual,2
Innova,2022,5.08,6.78,89053,Diesel,Individual,Manual,0
WagonR,2021,4.09,8.85,131420,Diesel,Individual,Automatic,0
Fortuner,2015,15.24,19.22,26011,Diesel,Dealer,Manual,0
i20,2016,2.13,3.19,32863,Electric,Dealer,Automatic,1
Verna,2010,10.52,15.15,54467,Diesel,Dealer,Manual,0
WagonR,2010,3.73,8.41,76703,Diesel,Dealer,Manual,2
Creta,2018,7.26,11.68,186829,Electric,Individual,Manual,1
i20,2015,18.7,21.22,18792,Electric,Dealer,Manual,0
City,2020,8.98,21.39,174611,Petrol,Dealer,Manual,2
Creta,2012,5.62,8.4,57636,Diesel,Dealer,Automatic,1
Swift,2007,2.51,4.91,160159,Petrol,Individual,Manual,2
Fortuner,2009,5.51,13.15,177772,CNG,Individual,Manual,2
Fortuner,2018,13.56,21.28,19389,Diesel,Individual,Automatic,0
WagonR,2021,7.57,18.69,97795,CNG,Dealer,Automatic,0
Fortuner,2011,5.58,8.97,28627,Diesel,Dealer,Manual,0
WagonR,2011,8.25,20.3,35059,CNG,Individual,Manual,1
Fortuner,2014,4.56,6.02,57441,CNG,Individual,Automatic,0
Fortuner,2011,8.32,13.11,126614,CNG,Individual,Automatic,0
WagonR,2018,17.4,21.89,59638,CNG,Dealer,Manual,1
i20,2018,11.72,20.79,129094,Petrol,Individual,Manual,0
Verna,2020,8.22,16.63,153014,Diesel,Dealer,Manual,1
Verna,2022,4.17,7.82,85649,Petrol,Individual,Manual,0
Ertiga,2013,8.46,10.6,92881,Electric,Individual,Automatic,2
i20,2005,5.22,6.64,81918,Diesel,Individual,Manual,1
Creta,2022,11.53,15.49,78629,Diesel,Individual,Automatic,0
City,2005,17.12,24.54,5842,CNG,Individual,Automatic,2
City,2013,5.22,6.84,107449,CNG,Dealer,Manual,2
Fortuner,2012,7.16,13.49,25356,Petrol,Individual,Automatic,2
Ertiga,2018,9.82,19.21,81965,CNG,Individual,Manual,1
Innova,2006,5.17,11.72,103350,CNG,Individual,Automatic,1
Fortuner,2019,4.58,5.89,106633,Petrol,Individual,Automatic,2
WagonR,2007,11.16,14.43,140667,Petrol,Dealer,Manual,1
Baleno,2020,16.07,23.34,48761,Petrol,Individual,Automatic,0
Verna,2019,10.25,17.3,152350,Diesel,Individual,Automatic,1
City,2006,5.36,10.42,14569,Electric,Individual,Automatic,2
Innova,2021,5.02,8.4,12090,Diesel,Dealer,Automatic,1
Creta,2008,7.4,15.06,40557,Electric,Individual,Automatic,2
Ertiga,2013,8.19,20.07,166037,Electric,Individual,Automatic,0
Swift,2021,13.78,19.72,182275,Electric,Individual,Manual,2
Ertiga,2018,6.05,7.5,183189,Electric,Individual,Manual,2
Swift,2015,11.55,20.57,172164,CNG,Dealer,Manual,0
Fortuner,2019,3.55,4.29,174846,Petrol,Individual,Automatic,0
Baleno,2018,9.51,11.6,53973,Electric,Dealer,Manual,1
Ertiga,2011,16.41,23.76,157100,Petrol,Dealer,Automatic,0
City,2022,3.59,6.39,189137,Diesel,Individual,Manual,1
Creta,2005,10.4,14.75,85730,Electric,Individual,Manual,0
City,2011,12.55,18.8,160021,Petrol,Dealer,Automatic,1
WagonR,2024,9.86,18.23,34610,Electric,Individual,Manual,1
Ertiga,2024,3.96,6.95,166724,Electric,Dealer,Manual,1
Verna,2013,11.99,24.92,144067,Diesel,Individual,Manual,0
Baleno,2009,14.95,20.22,186859,Electric,Dealer,Automatic,1
Fortuner,2021,13.0,21.92,6462,CNG,Dealer,Manual,1
Verna,2021,7.12,15.76,18580,Diesel,Dealer,Automatic,0
Swift,2011,10.82,23.67,17158,Diesel,Individual,Automatic,0
Ertiga,2019,9.29,22.36,58369,Petrol,Dealer,Automatic,0
Fortuner,2017,4.41,6.3,48412,Diesel,Individual,Automatic,2
Swift,2015,14.28,19.55,12914,Electric,Dealer,Automatic,2
Baleno,2010,12.25,17.11,127402,Petrol,Individual,Manual,1
Fortuner,2023,12.65,18.08,193542,Petrol,Dealer,Automatic,1
Creta,2017,2.46,5.91,151137,Petrol,Dealer,Manual,1
Fortuner,2006,15.23,16.98,50935,Diesel,Individual,Automatic,1
Creta,2011,6.01,10.17,160939,CNG,Individual,Automatic,0
Creta,2007,5.36,6.93,197881,CNG,Dealer,Automatic,0
Creta,2018,7.18,16.13,158502,Diesel,Individual,Automatic,0
Fortuner,2005,4.81,7.02,74798,Petrol,Dealer,Automatic,2
i20,2019,1.57,3.02,81977,Diesel,Individual,Manual,1
Baleno,2016,4.17,7.89,116388,Electric,Individual,Automatic,2
Verna,2005,19.82,24.36,109885,Diesel,Dealer,Automatic,2
i20,2023,6.79,12.94,135655,CNG,Individual,Automatic,0
Fortuner,2011,14.82,24.14,65508,Electric,Individual,Automatic,1
WagonR,2023,3.19,4.62,102735,Electric,Dealer,Manual,2
Fortuner,2006,16.81,23.93,53757,Diesel,Dealer,Automatic,2
Baleno,2024,3.55,5.83,105619,Electric,Individual,Manual,0
WagonR,2016,9.65,11.29,159667,Diesel,Dealer,Manual,1
Innova,2022,13.0,19.17,109809,Electric,Individual,Manual,1
Ertiga,2018,1.71,3.27,36829,Diesel,Dealer,Automatic,2
City,2012,3.58,5.1,57466,Petrol,Dealer,Manual,1
Swift,2005,1.99,3.65,22432,Electric,Individual,Manual,2
City,2007,18.53,24.04,84943,Petrol,Individual,Manual,0
WagonR,2014,3.69,5.6,58510,Electric,Individual,Manual,2
Ertiga,2022,9.28,13.34,13695,Electric,Individual,Automatic,1
Creta,2010,16.82,19.33,179883,CNG,Dealer,Automatic,2
City,2009,2.18,4.22,52880,Petrol,Individual,Automatic,1
Verna,2024,16.88,23.73,31818,Electric,Dealer,Manual,2
Baleno,2016,9.95,11.85,39526,Electric,Individual,Manual,2
Ertiga,2005,7.78,12.87,112083,Electric,Individual,Automatic,0
Verna,2014,12.03,21.69,6763,Electric,Individual,Manual,2
Innova,2010,7.28,10.0,24016,CNG,Individual,Manual,0
Creta,2006,6.94,13.92,134988,Petrol,Individual,Automatic,0
Creta,2012,9.54,12.22,155889,Petrol,Dealer,Automatic,2
Ertiga,2023,11.23,16.15,23607,Electric,Dealer,Manual,1
Verna,2006,3.53,7.18,196827,CNG,Individual,Automatic,1
Swift,2022,10.61,16.4,76023,Electric,Individual,Manual,0
Innova,2015,18.42,24.7,6346,Electric,Individual,Manual,2
Ertiga,2007,8.47,20.3,170117,CNG,Dealer,Automatic,2
WagonR,2012,20.08,24.14,48636,CNG,Dealer,Automatic,1
Baleno,2017,3.03,7.24,72054,CNG,Dealer,Automatic,1
Baleno,2022,14.84,19.32,196081,CNG,Individual,Automatic,1
Baleno,2024,6.1,11.63,100877,Electric,Dealer,Automatic,1
Swift,2005,2.85,4.11,7964,CNG,Individual,Automatic,0
City,2022,8.15,9.08,9816,Diesel,Dealer,Manual,2
Creta,2005,10.63,17.98,159289,Petrol,Dealer,Automatic,2
Swift,2022,8.42,11.79,78059,Electric,Dealer,Manual,1
Fortuner,2015,3.68,6.46,187927,CNG,Individual,Manual,0
Swift,2012,4.91,10.54,114451,Diesel,Individual,Automatic,1
Fortuner,2005,11.96,14.07,137966,Electric,Dealer,Automatic,0
WagonR,2024,5.08,6.7,183126,Petrol,Individual,Manual,0
Fortuner,2007,5.95,7.39,43078,Petrol,Dealer,Automatic,2
Creta,2013,6.43,15.18,152030,Electric,Dealer,Manual,2
Verna,2008,3.28,5.45,177018,Electric,Dealer,Manual,0
Innova,2015,5.89,7.97,128308,Electric,Individual,Automatic,2
Swift,2013,7.13,9.52,195423,Diesel,Dealer,Manual,1
WagonR,2007,7.6,9.36,24248,CNG,Dealer,Automatic,1
Fortuner,2020,9.64,20.69,112000,Diesel,Dealer,Automatic,2
Swift,2023,6.56,11.27,5727,Diesel,Individual,Manual,2
Ertiga,2022,5.65,9.63,39010,Electric,Dealer,Manual,1
Swift,2021,10.22,11.83,91676,Electric,Dealer,Manual,1
Creta,2017,4.83,8.25,7192,Petrol,Individual,Automatic,0
City,2024,6.08,14.99,36636,Petrol,Dealer,Manual,0
Swift,2012,9.94,17.06,42529,CNG,Individual,Manual,2
WagonR,2011,15.48,19.88,125604,Electric,Individual,Manual,0
Swift,2023,15.29,17.28,53935,Petrol,Individual,Manual,0
i20,2019,9.25,10.67,134236,CNG,Individual,Manual,0
Verna,2015,8.19,9.29,150971,CNG,Individual,Manual,2
Baleno,2007,4.11,5.74,9270,Electric,Individual,Automatic,2
Fortuner,2011,7.21,9.23,79184,Electric,Dealer,Manual,2
Swift,2016,4.45,6.29,134321,CNG,Individual,Automatic,0
Fortuner,2012,10.98,24.33,112056,Diesel,Individual,Automatic,0
Creta,2019,2.69,3.23,122678,Electric,Individual,Manual,0
i20,2011,6.28,10.77,21485,Petrol,Dealer,Automatic,0
Baleno,2005,3.32,4.49,65397,Electric,Individual,Manual,1
Swift,2018,2.6,4.19,143034,CNG,Dealer,Manual,1
Verna,2014,3.23,4.65,69302,Electric,Individual,Manual,2
City,2017,18.78,24.31,196869,Petrol,Individual,Automatic,2
Baleno,2006,4.62,10.02,125647,Electric,Individual,Automatic,2
Baleno,2017,8.92,15.78,117639,Diesel,Dealer,Automatic,2
Innova,2024,10.21,13.89,169417,Electric,Dealer,Automatic,2
Innova,2019,3.61,4.08,53689,Electric,Dealer,Automatic,0
Creta,2005,14.13,20.73,31282,Petrol,Individual,Automatic,1
WagonR,2012,5.79,7.77,42658,Electric,Dealer,Manual,0
Swift,2023,13.59,24.96,111134,Diesel,Dealer,Automatic,0
WagonR,2010,12.31,20.94,125635,Diesel,Individual,Manual,1
Creta,2020,20.11,23.21,168040,Diesel,Individual,Manual,0
Baleno,2009,3.39,8.24,52804,CNG,Dealer,Manual,1
Verna,2024,4.71,7.16,50924,Diesel,Dealer,Automatic,1
WagonR,2007,7.74,16.3,142696,Petrol,Individual,Automatic,1
Creta,2007,7.61,10.22,75445,Electric,Dealer,Automatic,1
City,2018,11.02,15.5,164737,Diesel,Dealer,Manual,0
Creta,2017,10.31,20.35,69449,Diesel,Individual,Manual,0
Baleno,2020,6.56,12.89,127385,Electric,Dealer,Automatic,1
Innova,2014,16.44,19.06,12412,Petrol,Dealer,Automatic,0
i20,2012,6.43,11.33,14057,Diesel,Individual,Manual,2
Verna,2014,3.51,4.87,14854,Petrol,Dealer,Automatic,1
i20,2005,11.37,17.86,118856,Diesel,Individual,Automatic,1
Fortuner,2009,9.17,11.17,5634,Diesel,Dealer,Manual,0
i20,2017,5.26,7.2,138262,Electric,Individual,Automatic,2
WagonR,2007,4.92,9.22,122392,Electric,Dealer,Manual,2
Innova,2011,19.3,24.58,188234,CNG,Dealer,Automatic,2
i20,2021,9.55,12.4,159475,CNG,Dealer,Automatic,2
Fortuner,2011,4.84,6.14,114299,CNG,Dealer,Manual,0
Baleno,2012,20.71,24.46,72439,Diesel,Dealer,Manual,2
Baleno,2022,12.76,15.89,144897,Petrol,Individual,Automatic,2
Baleno,2015,3.22,8.02,9268,Diesel,Individual,Automatic,2
Ertiga,2010,4.87,6.02,55622,CNG,Individual,Automatic,0
Ertiga,2010,6.62,10.5,192467,Electric,Dealer,Manual,0
Innova,2011,8.69,12.91,173548,Petrol,Individual,Automatic,0
City,2017,10.85,14.49,105773,CNG,Individual,Automatic,1
Verna,2019,13.61,19.45,155720,Electric,Dealer,Automatic,2
Fortuner,2018,9.68,18.11,168455,Diesel,Dealer,Manual,2
Swift,2019,5.12,6.39,108539,Petrol,Dealer,Automatic,0
i20,2017,5.31,11.82,6942,CNG,Individual,Automatic,2
Ertiga,2021,6.75,11.94,77819,Electric,Individual,Automatic,1
Fortuner,2020,5.67,10.75,50127,CNG,Dealer,Manual,0
Fortuner,2017,9.59,14.52,93494,Diesel,Individual,Manual,1
Baleno,2007,6.4,12.12,97510,Diesel,Dealer,Automatic,1
Innova,2013,3.13,4.51,139294,CNG,Dealer,Manual,0
Swift,2011,13.16,14.64,145092,Diesel,Individual,Automatic,0
Swift,2007,7.83,12.96,69264,CNG,Individual,Manual,0
i20,2021,8.35,17.15,20928,Petrol,Dealer,Manual,2
WagonR,2013,10.39,19.43,60729,Petrol,Individual,Manual,2
Creta,2020,13.52,16.12,155957,CNG,Individual,Manual,2
Verna,2013,3.22,5.41,100047,Petrol,Individual,Automatic,0
Innova,2019,5.82,7.5,103996,CNG,Dealer,Automatic,1
i20,2012,6.39,15.61,182427,Petrol,Dealer,Automatic,0
Swift,2010,10.05,18.78,70791,Diesel,Dealer,Automatic,2
Verna,2024,13.84,24.45,41677,Petrol,Individual,Manual,1
Innova,2009,2.66,3.9,30262,Electric,Individual,Automatic,2
Baleno,2018,7.65,13.13,164819,CNG,Dealer,Automatic,2
Creta,2013,16.44,24.86,185023,Diesel,Dealer,Manual,2
Ertiga,2015,17.0,20.31,141314,CNG,Dealer,Automatic,0
Fortuner,2012,8.34,17.23,62614,Petrol,Individual,Automatic,2
Innova,2024,12.37,19.65,48449,CNG,Dealer,Manual,1
WagonR,2011,11.07,18.4,105649,Diesel,Dealer,Automatic,0
Ertiga,2021,14.79,23.31,28678,Diesel,Individual,Manual,1
WagonR,2016,11.72,21.08,152620,Petrol,Individual,Manual,0
Innova,2009,6.69,13.12,42856,Petrol,Individual,Manual,0
Swift,2010,6.53,8.02,183076,Petrol,Individual,Automatic,1
Ertiga,2022,7.19,16.81,122446,CNG,Individual,Automatic,2
Innova,2015,13.18,18.47,23507,Electric,Individual,Automatic,1
Ertiga,2011,14.36,16.05,25288,Petrol,Individual,Manual,1
Innova,2021,1.93,4.46,157878,Petrol,Individual,Automatic,2
Fortuner,2024,11.77,19.77,169413,Diesel,Individual,Automatic,1
Innova,2011,12.8,14.55,45777,Electric,Dealer,Manual,0
WagonR,2023,5.77,11.78,33514,Petrol,Individual,Manual,2
Ertiga,2022,3.76,5.19,153654,Electric,Dealer,Manual,0
WagonR,2020,1.87,3.15,110326,Petrol,Dealer,Manual,1
WagonR,2023,4.66,5.9,131103,Diesel,Individual,Manual,0
Fortuner,2013,16.76,22.92,139055,CNG,Individual,Manual,0
Ertiga,2015,2.24,3.97,133668,Electric,Dealer,Manual,1
Innova,2016,14.56,18.19,8478,Diesel,Dealer,Manual,2
Swift,2011,2.96,5.2,91316,CNG,Individual,Manual,1
WagonR,2009,10.97,17.16,142572,Diesel,Individual,Automatic,1
Baleno,2006,6.59,9.85,138457,Petrol,Individual,Manual,1
Baleno,2020,20.57,23.92,175760,Diesel,Dealer,Automatic,0
Fortuner,2011,5.4,11.81,121383,Petrol,Dealer,Automatic,1
Creta,2024,10.73,12.82,19008,Diesel,Individual,Automatic,1
Innova,2018,8.65,14.27,74049,CNG,Dealer,Manual,1
City,2018,10.39,23.98,10675,Diesel,Individual,Automatic,0
i20,2020,11.79,14.13,59607,Electric,Individual,Automatic,2
Innova,2010,11.92,16.23,189366,Diesel,Dealer,Automatic,2
Baleno,2011,12.71,18.63,40836,CNG,Individual,Automatic,2
Verna,2010,12.79,24.91,64446,Petrol,Individual,Automatic,0
City,2022,5.6,10.63,198689,Electric,Individual,Manual,1
Verna,2011,7.9,9.6,105742,Electric,Dealer,Manual,1
Innova,2023,7.87,10.85,79300,CNG,Dealer,Automatic,0
Creta,2019,2.67,3.06,8441,Petrol,Dealer,Automatic,2
Baleno,2022,3.87,4.58,80151,Diesel,Individual,Automatic,2
Verna,2020,8.66,11.51,20354,Diesel,Individual,Automatic,1
Creta,2005,13.35,19.19,38675,Electric,Individual,Manual,0
i20,2005,18.37,20.86,116346,Petrol,Individual,Manual,0
Innova,2022,13.3,22.6,113951,Petrol,Individual,Automatic,1
i20,2018,11.26,23.96,5392,Electric,Dealer,Automatic,0
City,2006,2.78,5.96,38555,CNG,Dealer,Manual,0
Fortuner,2019,12.44,24.38,150156,Electric,Individual,Manual,0
Creta,2020,9.6,22.01,166026,CNG,Individual,Automatic,0
City,2013,4.56,9.46,166685,CNG,Dealer,Automatic,1
Creta,2017,19.32,22.98,118844,Electric,Dealer,Manual,2
Baleno,2017,4.97,8.42,38617,CNG,Individual,Automatic,1
Innova,2023,9.66,19.67,172604,Electric,Individual,Manual,1
Ertiga,2024,3.45,3.99,61710,CNG,Dealer,Manual,2
City,2015,8.03,10.55,196000,CNG,Individual,Automatic,2
Ertiga,2017,9.05,13.58,52334,Diesel,Dealer,Automatic,1
i20,2012,12.66,24.05,22328,CNG,Individual,Manual,1
Baleno,2020,4.47,9.43,56897,Petrol,Individual,Automatic,2
Creta,2021,6.72,13.26,88051,Petrol,Individual,Manual,2
Fortuner,2015,6.01,9.28,120556,Electric,Dealer,Manual,0
Baleno,2021,8.81,20.7,136608,Electric,Dealer,Manual,1
Baleno,2011,7.05,15.81,90084,CNG,Dealer,Automatic,1
Swift,2022,5.46,12.08,170493,Electric,Dealer,Automatic,0
i20,2006,11.83,16.53,111270,Electric,Individual,Manual,1
Swift,2019,15.48,21.46,111573,Diesel,Individual,Manual,0
City,2007,5.48,11.19,74016,Petrol,Individual,Manual,0
Fortuner,2010,6.42,7.3,53501,CNG,Individual,Manual,2
Baleno,2015,11.2,23.14,41203,Petrol,Individual,Manual,0
Baleno,2017,5.41,11.99,14612,CNG,Individual,Manual,0
City,2008,15.08,24.63,110328,Diesel,Dealer,Manual,0
City,2009,8.16,9.11,13259,Diesel,Dealer,Manual,0
WagonR,2016,4.68,11.31,176708,Petrol,Dealer,Manual,0
Baleno,2013,7.55,14.75,59807,Diesel,Dealer,Manual,1
Creta,2010,11.47,14.37,35603,Diesel,Individual,Automatic,1
Ertiga,2014,5.7,10.33,61774,Electric,Individual,Automatic,2
WagonR,2019,6.04,12.42,6304,Electric,Individual,Manual,1
i20,2010,15.62,19.4,196281,Diesel,Individual,Automatic,2
WagonR,2020,9.02,16.75,68570,CNG,Dealer,Automatic,0
Creta,2016,6.75,11.9,29147,Electric,Individual,Automatic,1
Fortuner,2023,13.94,21.64,75126,Diesel,Individual,Manual,2
Baleno,2021,2.63,4.33,114197,CNG,Individual,Automatic,0
Creta,2012,8.91,11.9,157464,CNG,Individual,Automatic,1
City,2018,9.73,18.83,179829,Electric,Dealer,Automatic,2
Fortuner,2012,5.36,6.39,58096,Electric,Dealer,Automatic,0
Fortuner,2015,9.69,13.45,46065,Diesel,Dealer,Automatic,1
i20,2011,14.34,23.68,80135,Electric,Dealer,Manual,1
WagonR,2008,5.52,11.65,146138,Electric,Dealer,Manual,1
Ertiga,2008,7.96,10.8,63878,Petrol,Dealer,Automatic,2
Swift,2011,7.58,18.28,28169,Electric,Dealer,Automatic,0
Swift,2017,2.08,4.3,186176,Petrol,Individual,Automatic,1
Creta,2022,15.51,22.88,10006,Electric,Individual,Manual,0
City,2009,14.7,24.54,79835,CNG,Individual,Automatic,0
Creta,2015,13.26,17.13,42788,Electric,Individual,Automatic,1
Innova,2011,16.2,23.18,55136,Diesel,Individual,Manual,0
Baleno,2017,13.74,21.05,73751,Petrol,Dealer,Automatic,2
WagonR,2017,11.85,18.81,153676,Electric,Individual,Manual,1
Baleno,2022,4.05,7.93,91150,Petrol,Dealer,Automatic,0
Fortuner,2010,4.43,10.7,154741,Diesel,Individual,Manual,0
City,2011,7.07,7.98,76349,Electric,Individual,Automatic,2
Baleno,2011,16.04,24.05,76730,CNG,Dealer,Automatic,0
City,2006,15.53,24.01,118812,Petrol,Dealer,Automatic,2
WagonR,2007,4.69,5.28,7732,Petrol,Dealer,Manual,1
Ertiga,2010,10.77,22.66,15132,Electric,Individual,Manual,1
WagonR,2022,20.94,24.98,23967,Petrol,Dealer,Automatic,0
i20,2008,12.7,24.01,57578,CNG,Individual,Manual,0
Innova,2011,6.14,10.02,24578,Petrol,Individual,Manual,0
Innova,2022,6.41,11.41,25928,Petrol,Dealer,Automatic,0
Verna,2011,10.01,22.29,189923,Petrol,Dealer,Automatic,1
Baleno,2005,4.44,6.55,141512,CNG,Dealer,Manual,0
Creta,2022,7.2,13.11,170675,Electric,Dealer,Manual,1
Verna,2020,13.99,21.68,101600,Electric,Dealer,Manual,0
Innova,2022,8.52,20.35,25890,CNG,Dealer,Automatic,0
Creta,2023,13.1,24.97,49386,Petrol,Individual,Automatic,0
City,2007,16.01,18.62,26600,CNG,Dealer,Automatic,2
Fortuner,2018,14.41,24.25,53639,CNG,Individual,Automatic,0
Verna,2015,4.45,6.86,176963,Petrol,Dealer,Manual,2
Innova,2016,7.42,9.23,193917,CNG,Individual,Automatic,1
WagonR,2024,8.21,9.21,154477,Diesel,Dealer,Manual,1
i20,2008,12.01,16.0,169801,Electric,Individual,Automatic,2
Verna,2017,5.98,7.58,100436,Diesel,Dealer,Automatic,2
i20,2007,7.85,13.03,107161,Electric,Individual,Manual,1
Swift,2017,9.14,22.23,129888,Petrol,Individual,Automatic,0
Fortuner,2012,2.04,3.11,104109,Diesel,Individual,Manual,2
Swift,2021,10.72,12.79,31897,Electric,Individual,Manual,2
Ertiga,2013,15.91,24.74,31290,Diesel,Dealer,Automatic,1
i20,2010,3.29,7.23,193773,Diesel,Dealer,Manual,0
Verna,2022,4.24,6.26,50872,Petrol,Individual,Automatic,1
WagonR,2009,13.11,14.57,98825,CNG,Dealer,Manual,1
WagonR,2007,2.06,3.86,150291,Petrol,Dealer,Automatic,0
i20,2008,17.3,23.59,95971,Diesel,Individual,Automatic,0
Swift,2010,13.82,19.86,144096,Electric,Individual,Manual,2
WagonR,2016,21.4,24.04,150889,Electric,Dealer,Manual,0
Verna,2022,1.39,3.38,24080,Petrol,Individual,Automatic,0
Creta,2014,3.93,4.7,92272,Petrol,Individual,Automatic,1
Creta,2022,6.54,12.02,124048,Petrol,Dealer,Manual,2
Fortuner,2021,9.12,17.83,164971,Diesel,Individual,Automatic,2
WagonR,2005,11.27,17.82,64596,Petrol,Dealer,Manual,0
City,2024,11.8,18.96,193409,Electric,Dealer,Automatic,1
i20,2022,8.67,10.11,95303,CNG,Dealer,Automatic,0
WagonR,2023,18.54,22.69,5173,Electric,Dealer,Automatic,1
Fortuner,2009,8.87,14.44,147402,Petrol,Dealer,Automatic,1
Verna,2018,8.21,13.11,66218,CNG,Individual,Manual,0
City,2017,6.07,10.0,121433,Electric,Dealer,Automatic,2
Swift,2022,2.19,4.29,98772,CNG,Dealer,Automatic,2
Fortuner,2017,11.92,16.55,47134,CNG,Individual,Automatic,1
Swift,2020,12.3,21.91,52277,CNG,Dealer,Manual,2
Ertiga,2009,11.55,22.82,50641,Petrol,Dealer,Automatic,0
i20,2019,8.47,18.61,85691,CNG,Dealer,Automatic,2
Verna,2008,5.69,10.21,93614,Petrol,Individual,Manual,1
Creta,2023,10.01,20.8,8918,CNG,Individual,Manual,0
i20,2011,5.6,7.88,42853,CNG,Individual,Manual,0
Creta,2007,8.69,10.09,145986,Electric,Dealer,Manual,1
Fortuner,2005,16.2,23.06,41653,Diesel,Dealer,Automatic,0
Creta,2008,9.58,13.68,46149,Petrol,Individual,Manual,1
i20,2019,12.71,14.91,51355,Diesel,Dealer,Automatic,1
Creta,2024,4.56,7.62,6298,CNG,Dealer,Manual,0
Ertiga,2012,6.72,15.9,136101,CNG,Dealer,Manual,0
Baleno,2006,8.45,12.2,181009,Diesel,Dealer,Manual,1
WagonR,2024,5.13,7.97,163386,Petrol,Dealer,Manual,2
Fortuner,2005,5.1,7.04,157506,Petrol,Individual,Manual,0
Innova,2015,8.33,11.28,193204,Petrol,Individual,Automatic,2
WagonR,2014,2.1,3.05,122832,Diesel,Dealer,Manual,1
City,2016,8.89,18.99,61936,Petrol,Individual,Automatic,1
Verna,2022,11.26,19.9,79675,Electric,Individual,Manual,1
i20,2005,14.3,20.21,36003,Diesel,Dealer,Manual,2
Fortuner,2019,21.61,24.43,117173,CNG,Dealer,Automatic,0
Swift,2020,7.48,17.26,114599,Diesel,Dealer,Automatic,1
WagonR,2022,1.84,4.21,178586,Petrol,Dealer,Manual,0
Ertiga,2007,11.41,17.85,107443,Electric,Dealer,Automatic,2
Creta,2020,9.6,16.92,58607,Diesel,Dealer,Automatic,0
Creta,2022,4.72,10.83,45714,Electric,Individual,Automatic,1
Creta,2012,10.18,23.06,26964,CNG,Dealer,Manual,0
i20,2005,14.83,23.66,69183,Diesel,Dealer,Manual,2
WagonR,2007,4.68,7.56,73066,Electric,Individual,Manual,0
Baleno,2020,14.84,19.61,145344,Electric,Dealer,Automatic,1
Ertiga,2015,13.17,15.54,94345,Diesel,Dealer,Manual,0
i20,2013,14.27,17.68,12951,Diesel,Individual,Automatic,1
i20,2010,10.43,12.48,62757,Petrol,Dealer,Automatic,0
City,2013,5.08,9.95,95551,Electric,Individual,Automatic,1
Innova,2017,8.75,16.5,112671,CNG,Individual,Manual,0
i20,2013,11.37,20.91,156455,Petrol,Dealer,Automatic,1
WagonR,2009,6.84,9.93,113337,Electric,Individual,Automatic,2
Swift,2015,17.71,21.89,42485,Electric,Dealer,Automatic,1
Swift,2020,5.35,6.95,65664,Electric,Dealer,Automatic,2
Baleno,2013,10.27,22.06,24123,CNG,Individual,Automatic,0
Innova,2010,3.41,6.24,56349,Electric,Dealer,Automatic,1
Creta,2020,15.68,18.91,126540,CNG,Dealer,Automatic,2
WagonR,2006,6.75,13.1,58375,Diesel,Dealer,Automatic,1
City,2022,14.14,17.97,42753,Electric,Dealer,Manual,2
Innova,2013,8.59,9.97,193158,Electric,Individual,Manual,1
Ertiga,2011,8.79,11.95,62595,Electric,Dealer,Manual,0
Swift,2007,10.23,24.75,44727,CNG,Individual,Manual,1
City,2013,10.04,20.01,147380,Electric,Individual,Automatic,0
Fortuner,2021,4.46,6.66,186230,Electric,Dealer,Manual,1
WagonR,2005,16.06,21.74,172802,CNG,Individual,Manual,0
Swift,2022,13.33,24.68,114918,Petrol,Dealer,Manual,1
City,2024,9.51,11.13,29531,CNG,Dealer,Manual,0
Innova,2008,13.57,22.78,81486,CNG,Dealer,Manual,0
Swift,2021,13.77,19.14,156277,CNG,Individual,Manual,0
Fortuner,2014,1.88,4.35,68436,Electric,Individual,Manual,2
Baleno,2011,14.11,21.34,55051,CNG,Dealer,Automatic,1
Swift,2019,4.26,10.03,137562,Petrol,Dealer,Automatic,2
Innova,2015,5.18,11.39,122277,CNG,Dealer,Manual,2
Baleno,2006,5.09,6.4,126265,Electric,Dealer,Automatic,2
Fortuner,2008,7.34,12.59,32971,Electric,Individual,Manual,0
WagonR,2023,9.64,15.57,106025,Diesel,Dealer,Manual,1
Swift,2007,10.24,13.48,15927,CNG,Dealer,Automatic,0
i20,2013,4.7,10.84,146326,Electric,Individual,Automatic,2
City,2009,8.74,15.0,69726,Diesel,Dealer,Automatic,0
Innova,2017,5.28,11.8,42231,CNG,Dealer,Manual,2
Fortuner,2015,12.86,14.87,75171,Electric,Dealer,Manual,0
Creta,2005,3.62,6.34,140119,Electric,Dealer,Automatic,1
i20,2018,8.2,16.04,174698,Petrol,Individual,Manual,0
Verna,2015,3.38,5.77,140753,Electric,Dealer,Manual,0
Swift,2022,11.56,13.28,54923,Electric,Dealer,Manual,2
Creta,2019,13.45,19.84,63657,Electric,Individual,Automatic,1
i20,2008,3.09,5.66,136403,Diesel,Individual,Automatic,0
Baleno,2005,8.15,20.17,21116,Diesel,Dealer,Manual,0
Innova,2013,4.5,6.1,82385,Diesel,Dealer,Automatic,2
Innova,2020,15.84,21.67,186335,Petrol,Individual,Manual,2
i20,2023,7.18,15.82,129449,Electric,Individual,Automatic,1
Fortuner,2019,8.41,11.95,15667,Diesel,Dealer,Automatic,1
Creta,2005,1.97,3.38,192013,CNG,Dealer,Automatic,2
Creta,2016,5.21,7.32,125296,Diesel,Dealer,Manual,1
Swift,2012,10.02,24.65,189397,CNG,Individual,Automatic,2
WagonR,2012,6.96,12.27,34889,Petrol,Dealer,Automatic,0
Creta,2008,2.99,3.96,109062,Electric,Dealer,Manual,2
City,2006,4.05,5.96,96396,CNG,Individual,Automatic,2
Verna,2019,11.23,22.0,58295,Diesel,Individual,Automatic,0
Innova,2024,4.87,7.11,79367,Petrol,Individual,Automatic,0
Verna,2021,13.85,23.33,171086,Diesel,Dealer,Manual,0
Fortuner,2007,17.71,23.73,134723,Electric,Individual,Manual,2
WagonR,2009,5.57,9.83,146223,Diesel,Individual,Manual,1
Creta,2005,2.88,3.87,14013,Petrol,Individual,Manual,0
i20,2014,14.04,17.66,103825,Petrol,Dealer,Automatic,1
Fortuner,2011,17.72,21.13,134894,Diesel,Dealer,Manual,0
Fortuner,2015,19.46,22.77,176823,Diesel,Dealer,Manual,0
WagonR,2006,8.05,18.89,159490,Diesel,Dealer,Automatic,2
Ertiga,2008,15.71,19.0,86191,Petrol,Dealer,Manual,1
WagonR,2013,3.71,4.42,147542,Diesel,Dealer,Manual,0
Fortuner,2013,11.53,18.54,171030,Petrol,Dealer,Automatic,1
Baleno,2010,6.08,14.74,173479,Diesel,Dealer,Automatic,2
Innova,2007,5.89,10.67,154966,CNG,Individual,Manual,1
i20,2012,1.93,4.62,28141,Diesel,Dealer,Manual,2
WagonR,2018,9.79,13.94,58163,CNG,Dealer,Manual,2
Fortuner,2023,11.62,24.72,85851,Diesel,Individual,Automatic,2
Innova,2016,7.8,17.25,195964,Electric,Individual,Manual,2
Ertiga,2020,9.86,13.53,37837,Diesel,Individual,Manual,1
Swift,2022,10.69,14.57,179273,Petrol,Individual,Manual,1
Fortuner,2017,3.34,6.78,46658,Electric,Individual,Manual,2
Fortuner,2011,5.69,12.85,109092,CNG,Dealer,Manual,2
WagonR,2024,11.95,17.87,192203,Petrol,Individual,Automatic,2
Baleno,2023,5.68,8.32,88359,Diesel,Individual,Automatic,2
WagonR,2020,8.37,13.57,44922,Electric,Individual,Automatic,0
Ertiga,2022,12.54,21.45,151025,Petrol,Individual,Manual,0
Fortuner,2014,2.61,5.75,120557,CNG,Individual,Manual,2
i20,2007,16.66,23.97,41457,Electric,Individual,Manual,2
Verna,2022,5.81,12.71,174944,Electric,Dealer,Manual,2
Creta,2016,15.21,20.03,6143,CNG,Individual,Manual,2
Innova,2019,8.82,15.35,133784,Petrol,Dealer,Manual,0
Creta,2023,3.3,7.32,37372,CNG,Dealer,Manual,2
Verna,2021,4.85,11.61,168987,Diesel,Dealer,Automatic,2
City,2024,5.09,10.58,52489,Electric,Dealer,Manual,2
Swift,2022,2.82,3.34,49079,Electric,Dealer,Manual,0
Fortuner,2013,14.72,20.28,105897,Diesel,Individual,Automatic,1
Swift,2012,9.56,13.33,197617,CNG,Individual,Manual,2
i20,2013,8.55,9.71,178891,Electric,Individual,Automatic,0
i20,2017,11.87,14.94,134223,CNG,Individual,Automatic,0
Fortuner,2013,5.55,10.27,22192,Electric,Individual,Manual,2
City,2013,9.63,14.15,82771,CNG,Individual,Manual,1
Ertiga,2020,6.32,7.75,107665,CNG,Dealer,Manual,0
Ertiga,2019,8.52,13.4,142501,CNG,Dealer,Manual,2
Verna,2018,13.59,19.97,164929,CNG,Dealer,Automatic,2
Verna,2015,12.75,22.06,13303,CNG,Dealer,Automatic,2
Innova,2006,8.61,16.11,144463,Diesel,Dealer,Manual,1
WagonR,2011,7.15,9.17,163206,Petrol,Individual,Automatic,0
i20,2020,12.79,22.95,159741,Petrol,Dealer,Manual,0
Baleno,2018,5.41,6.03,151563,CNG,Dealer,Manual,2
Creta,2005,3.95,9.6,95045,Petrol,Individual,Manual,1
WagonR,2012,19.19,22.46,41508,CNG,Dealer,Manual,1
Baleno,2024,10.81,21.89,91667,Petrol,Dealer,Manual,2
Creta,2016,14.05,15.67,77029,Electric,Individual,Manual,1
Fortuner,2013,5.15,6.28,118804,Diesel,Individual,Manual,2
City,2006,7.43,14.52,134999,CNG,Individual,Automatic,1
WagonR,2007,7.74,8.71,118086,Petrol,Dealer,Automatic,0
i20,2007,7.72,13.49,84806,CNG,Dealer,Automatic,2
Creta,2006,10.91,23.32,114544,Petrol,Individual,Automatic,0
Creta,2012,5.7,12.73,105996,Petrol,Individual,Automatic,1
Verna,2018,14.69,18.82,48721,Petrol,Dealer,Automatic,0
Innova,2021,5.68,8.67,36071,Electric,Dealer,Manual,2
Baleno,2024,16.12,23.52,116121,Electric,Dealer,Manual,0
Innova,2024,9.98,16.15,24334,Petrol,Individual,Automatic,0
Creta,2015,12.63,18.86,159710,Electric,Individual,Manual,2
City,2008,12.88,23.85,61443,Petrol,Individual,Automatic,0
WagonR,2014,8.18,17.3,19990,Diesel,Individual,Automatic,1
City,2006,14.82,21.9,42946,Petrol,Dealer,Automatic,0
Innova,2020,6.8,10.96,102277,Diesel,Dealer,Manual,2
Verna,2015,7.31,9.44,11365,Diesel,Dealer,Manual,2
Baleno,2014,4.97,8.47,166228,Petrol,Dealer,Automatic,1
Fortuner,2008,10.04,17.92,33102,Diesel,Dealer,Automatic,2
Innova,2009,9.32,11.58,94058,Diesel,Dealer,Manual,1
Ertiga,2009,13.95,18.08,26857,Electric,Dealer,Manual,0
Baleno,2008,9.61,16.06,69536,CNG,Individual,Manual,2
Swift,2019,5.74,12.57,131889,CNG,Dealer,Automatic,1
WagonR,2005,7.3,12.73,81550,Petrol,Individual,Manual,0
Creta,2013,3.66,9.03,18400,Petrol,Dealer,Automatic,2
Swift,2021,5.67,8.37,134595,Diesel,Individual,Automatic,0
Fortuner,2010,9.65,16.08,136858,Petrol,Dealer,Manual,1
Verna,2005,12.95,16.3,193436,Electric,Individual,Automatic,1
Fortuner,2007,7.0,14.8,194687,Petrol,Dealer,Manual,0
Swift,2022,8.57,17.63,122022,CNG,Dealer,Manual,0
Creta,2013,7.58,11.26,31358,Diesel,Dealer,Manual,0
City,2022,10.15,17.47,49317,Diesel,Dealer,Manual,2
Baleno,2007,13.29,22.39,181191,Electric,Dealer,Automatic,0
Baleno,2012,10.87,14.82,182402,Electric,Dealer,Automatic,2
Verna,2005,9.23,13.25,138767,Electric,Individual,Automatic,0
Verna,2006,1.83,3.94,97691,Petrol,Dealer,Automatic,0
i20,2019,2.95,5.51,68293,Petrol,Individual,Manual,0
Baleno,2011,7.67,13.09,143696,Petrol,Individual,Automatic,1
Creta,2013,16.56,23.56,115183,Electric,Individual,Automatic,1
Baleno,2008,9.95,16.2,123887,Diesel,Individual,Automatic,2
Fortuner,2008,11.8,18.14,182138,Diesel,Individual,Manual,2
Fortuner,2016,9.11,11.82,40251,Electric,Dealer,Manual,1
Ertiga,2016,6.24,13.88,125262,Electric,Individual,Manual,0
Verna,2009,6.72,7.78,176776,Electric,Dealer,Automatic,1
City,2017,14.55,22.49,51113,Diesel,Dealer,Automatic,2
Baleno,2008,2.78,4.58,124820,CNG,Dealer,Manual,1
Fortuner,2010,4.34,9.5,64444,Electric,Dealer,Automatic,1
Fortuner,2020,2.14,3.6,70602,Electric,Individual,Manual,0
Verna,2017,6.07,15.13,65640,Diesel,Individual,Manual,1
WagonR,2012,14.23,18.18,25645,Diesel,Dealer,Manual,2
WagonR,2010,8.06,13.62,20112,Diesel,Individual,Manual,0
Creta,2013,3.56,4.1,199727,Petrol,Dealer,Automatic,0
Ertiga,2009,9.15,14.3,78601,Diesel,Dealer,Manual,2
Fortuner,2008,10.08,12.82,157931,Petrol,Individual,Automatic,2
Ertiga,2019,11.58,14.57,196128,CNG,Individual,Automatic,2
Creta,2024,5.51,12.87,162356,Diesel,Dealer,Automatic,0
Fortuner,2008,7.27,9.14,112274,CNG,Dealer,Manual,0
i20,2018,3.36,4.69,60380,Electric,Dealer,Manual,1
i20,2011,14.83,21.24,49082,CNG,Individual,Manual,2
Fortuner,2018,2.91,5.27,161416,Diesel,Individual,Manual,0
WagonR,2023,14.22,21.46,60380,Petrol,Individual,Manual,2
Swift,2006,3.97,5.5,59311,Electric,Dealer,Automatic,1
Baleno,2016,5.35,7.15,184114,Electric,Dealer,Manual,1
WagonR,2008,9.05,20.65,68459,CNG,Individual,Manual,0
Creta,2014,9.47,18.16,19754,CNG,Individual,Automatic,2
City,2015,10.52,14.08,94586,Petrol,Dealer,Automatic,1
i20,2011,7.7,16.28,45403,CNG,Dealer,Automatic,1
i20,2007,16.43,21.34,188648,Petrol,Individual,Automatic,1
Creta,2010,18.54,22.9,32864,Diesel,Individual,Manual,0
i20,2022,8.17,11.69,154801,CNG,Dealer,Manual,2
Fortuner,2022,3.82,8.54,66277,Diesel,Dealer,Manual,0
i20,2020,11.8,16.15,141659,Petrol,Individual,Automatic,1
Swift,2023,10.61,14.84,40549,Diesel,Dealer,Automatic,1
Ertiga,2011,6.23,10.23,29365,Petrol,Dealer,Manual,0
Innova,2024,8.36,13.35,117405,Diesel,Dealer,Automatic,2
Creta,2012,13.97,18.55,7937,CNG,Dealer,Manual,2
WagonR,2010,8.57,19.17,75876,Diesel,Dealer,Automatic,2
Verna,2012,4.36,7.07,66522,Petrol,Dealer,Manual,2
Ertiga,2014,5.14,9.38,49091,CNG,Dealer,Manual,0
WagonR,2013,3.38,8.38,101431,CNG,Individual,Automatic,1
Baleno,2007,3.68,5.6,197895,CNG,Individual,Automatic,0
Innova,2024,9.33,20.66,79712,CNG,Dealer,Manual,0
Creta,2019,3.15,3.86,86538,CNG,Individual,Manual,2
Baleno,2024,2.51,4.23,51945,Petrol,Dealer,Manual,1
WagonR,2017,4.92,10.03,75036,Diesel,Dealer,Manual,0
Fortuner,2020,7.03,11.41,105035,Diesel,Dealer,Automatic,0
Baleno,2012,10.14,14.82,29450,Petrol,Dealer,Manual,2
Creta,2012,9.38,20.24,85096,CNG,Dealer,Automatic,1
City,2010,7.64,14.27,54236,Diesel,Individual,Manual,0
Ertiga,2013,3.43,7.59,102236,Electric,Individual,Automatic,2
Creta,2006,11.42,14.17,99888,CNG,Dealer,Manual,1
Swift,2024,13.43,23.78,150354,Electric,Individual,Manual,1
Ertiga,2005,7.57,15.71,96067,CNG,Individual,Automatic,2
WagonR,2005,6.8,8.47,116914,Electric,Individual,Automatic,0
Swift,2015,9.77,16.22,128292,CNG,Individual,Manual,2
WagonR,2021,5.8,7.43,14865,CNG,Individual,Manual,2
Verna,2021,20.72,23.89,60644,Electric,Individual,Automatic,1
Innova,2019,11.01,15.96,165246,Petrol,Individual,Manual,1
Baleno,2005,15.36,22.19,118568,CNG,Individual,Manual,0
Verna,2005,19.33,24.19,61332,Electric,Dealer,Automatic,1
i20,2020,13.09,21.24,114794,Petrol,Individual,Manual,2
Fortuner,2021,9.13,12.29,10243,Electric,Individual,Automatic,2
i20,2010,3.78,7.5,187005,Electric,Individual,Manual,1
Fortuner,2015,14.25,19.71,9361,Electric,Dealer,Automatic,1
Verna,2014,3.1,4.0,191628,Diesel,Individual,Manual,1
Baleno,2022,12.76,15.93,91804,CNG,Dealer,Manual,1
Ertiga,2006,20.38,24.57,183910,CNG,Individual,Automatic,2
Baleno,2010,12.89,19.62,83867,Electric,Dealer,Automatic,2
Swift,2012,16.34,19.69,111746,Electric,Dealer,Automatic,2
Swift,2016,6.44,7.86,193767,Petrol,Dealer,Automatic,2
WagonR,2023,4.99,11.3,92415,Diesel,Dealer,Automatic,2
Innova,2021,18.7,21.91,43647,Electric,Individual,Automatic,1
Creta,2006,12.75,22.61,106526,Petrol,Dealer,Automatic,0
WagonR,2013,4.9,9.69,78730,CNG,Individual,Automatic,2
Creta,2012,3.54,8.12,145828,Diesel,Dealer,Automatic,1
Swift,2018,4.06,4.95,192187,Electric,Dealer,Manual,1
Fortuner,2014,5.78,9.16,98671,Diesel,Individual,Manual,1
Swift,2012,15.89,23.75,121522,Electric,Individual,Automatic,1
City,2016,8.96,16.49,184342,CNG,Individual,Manual,2
Verna,2016,16.79,21.67,121949,Petrol,Dealer,Automatic,1
Verna,2019,6.62,12.24,129602,Diesel,Dealer,Automatic,1
i20,2019,7.54,10.8,85773,Diesel,Individual,Manual,0
City,2015,14.23,19.6,59446,Petrol,Dealer,Manual,2
Fortuner,2006,11.97,15.56,77813,CNG,Individual,Automatic,2
i20,2021,4.8,6.3,81154,Diesel,Individual,Automatic,1
Creta,2012,9.01,10.52,52262,Electric,Individual,Manual,2
Swift,2005,11.64,21.96,14651,Petrol,Dealer,Manual,2
i20,2012,18.73,20.93,158331,Electric,Dealer,Manual,2
i20,2024,10.78,14.04,160076,Petrol,Dealer,Manual,2
Verna,2015,11.15,14.05,122393,Electric,Individual,Manual,1
Ertiga,2014,11.5,13.35,116424,Electric,Individual,Manual,1
Fortuner,2019,11.48,19.13,112900,Diesel,Dealer,Automatic,2
WagonR,2009,9.88,11.11,94939,CNG,Dealer,Manual,1
Creta,2010,9.51,18.43,186313,Diesel,Individual,Automatic,1
WagonR,2005,7.36,9.94,131138,Electric,Dealer,Manual,0
Baleno,2013,2.14,4.21,22624,Electric,Individual,Manual,1
WagonR,2020,4.95,9.77,68867,Petrol,Individual,Automatic,2
Verna,2021,6.57,10.47,73458,Diesel,Dealer,Manual,1
Creta,2024,3.58,8.77,32030,Diesel,Individual,Manual,1
Fortuner,2007,11.11,14.82,183771,Electric,Individual,Automatic,1
i20,2014,4.51,5.1,28638,Petrol,Dealer,Manual,0
Fortuner,2016,7.64,14.31,56274,CNG,Dealer,Automatic,0
Creta,2024,13.73,23.58,146024,Petrol,Individual,Automatic,1
Ertiga,2024,16.69,20.75,20174,CNG,Dealer,Manual,2
Baleno,2017,8.42,10.27,141007,Electric,Individual,Automatic,2
Baleno,2010,6.73,7.73,58879,Diesel,Individual,Manual,2
Baleno,2006,16.82,19.11,56400,CNG,Individual,Manual,1
Creta,2009,10.27,18.48,50363,Petrol,Individual,Automatic,2
Baleno,2012,20.11,24.52,18637,Diesel,Dealer,Automatic,0
Baleno,2020,10.2,22.9,82382,CNG,Individual,Manual,0
City,2012,2.8,4.84,173064,Petrol,Dealer,Automatic,0
Innova,2006,3.94,7.18,85559,Electric,Dealer,Manual,0
WagonR,2024,15.09,25.0,199091,CNG,Individual,Automatic,1
Verna,2018,11.9,19.31,190577,CNG,Individual,Manual,2
WagonR,2010,7.6,16.15,30763,CNG,Individual,Manual,0
Baleno,2018,8.46,9.75,26504,Petrol,Individual,Manual,2
Baleno,2017,18.33,24.61,104755,Petrol,Dealer,Manual,0
Ertiga,2013,2.75,5.95,199000,Diesel,Individual,Manual,0
Fortuner,2007,9.78,16.92,135867,Diesel,Individual,Automatic,0
WagonR,2005,7.84,14.64,170524,Petrol,Dealer,Manual,1
i20,2023,6.45,8.07,178552,Electric,Dealer,Manual,2
Swift,2019,1.95,4.08,57753,Petrol,Individual,Automatic,2
City,2015,7.69,16.55,197680,Electric,Dealer,Manual,2
Swift,2016,2.44,4.94,92733,CNG,Dealer,Manual,2
Ertiga,2021,4.97,11.79,104641,Petrol,Dealer,Manual,1
Innova,2005,10.06,12.21,99008,CNG,Individual,Automatic,2
Swift,2024,18.41,24.25,15920,CNG,Dealer,Automatic,1
Baleno,2017,12.14,24.18,73048,Electric,Individual,Automatic,1
Ertiga,2009,5.07,7.85,151502,Electric,Individual,Automatic,1
Fortuner,2024,7.31,16.72,67299,Petrol,Individual,Manual,0
City,2023,3.15,3.51,28116,Electric,Dealer,Automatic,1
Baleno,2023,7.75,9.1,122235,Petrol,Dealer,Manual,0
Ertiga,2015,4.34,5.67,194013,CNG,Dealer,Manual,2
Baleno,2023,6.51,9.38,24246,CNG,Individual,Manual,1
WagonR,2012,6.65,9.77,38592,CNG,Dealer,Automatic,1
City,2011,9.66,17.07,152953,Diesel,Individual,Automatic,0
Fortuner,2022,6.73,8.63,138833,Electric,Individual,Automatic,2
Ertiga,2009,9.37,16.05,48725,Diesel,Dealer,Manual,2
Creta,2022,15.14,22.82,34041,Diesel,Individual,Manual,0
Ertiga,2018,13.01,22.76,139804,CNG,Individual,Automatic,1
Verna,2020,12.29,14.05,165120,CNG,Dealer,Automatic,1
Creta,2013,9.97,15.64,155691,Petrol,Dealer,Automatic,2
i20,2011,2.69,4.79,130193,CNG,Dealer,Automatic,1
Baleno,2022,8.24,18.59,77465,CNG,Individual,Manual,1
Baleno,2019,8.29,10.11,36536,Electric,Individual,Automatic,1
i20,2012,5.14,8.9,111498,Petrol,Individual,Automatic,1
Fortuner,2008,10.93,16.45,120500,Diesel,Dealer,Manual,2
Swift,2011,8.67,10.72,137203,Petrol,Individual,Manual,0
Creta,2007,13.54,19.69,90794,Diesel,Individual,Manual,0
City,2021,7.31,9.18,146937,CNG,Dealer,Automatic,1
Verna,2018,10.83,15.17,153825,Electric,Dealer,Manual,2
City,2021,9.84,24.36,76983,Diesel,Individual,Manual,0
i20,2015,17.14,22.15,119985,Electric,Individual,Automatic,0
Swift,2016,6.19,10.18,76451,CNG,Dealer,Manual,1
Verna,2006,10.62,16.53,119666,Electric,Dealer,Automatic,0
Verna,2006,10.06,16.84,59056,Petrol,Dealer,Manual,2
Creta,2021,12.73,21.06,96494,CNG,Dealer,Manual,0
City,2016,20.52,24.34,194439,Diesel,Dealer,Automatic,1
Creta,2015,10.44,22.24,148922,Electric,Dealer,Automatic,1
Ertiga,2011,14.21,23.73,102197,CNG,Individual,Automatic,0
i20,2019,12.52,15.35,10865,Petrol,Dealer,Manual,1
Verna,2020,5.36,11.24,22962,CNG,Dealer,Automatic,2
Verna,2010,4.71,10.46,181209,Diesel,Dealer,Automatic,2
i20,2023,8.38,13.47,120336,Electric,Individual,Manual,1
Verna,2005,8.36,10.96,84427,Diesel,Individual,Manual,1
Fortuner,2022,6.02,13.36,134139,Diesel,Dealer,Manual,2
City,2013,12.8,19.89,19095,CNG,Dealer,Automatic,0
Swift,2016,7.43,16.06,127321,Petrol,Dealer,Manual,1
WagonR,2013,10.32,13.17,64956,CNG,Dealer,Manual,2
i20,2013,8.53,18.27,131813,CNG,Individual,Automatic,1
Innova,2013,2.83,5.28,94812,CNG,Dealer,Automatic,2
WagonR,2015,14.11,22.26,103066,CNG,Dealer,Manual,0
Swift,2022,6.36,11.07,102748,CNG,Individual,Automatic,1
Fortuner,2016,17.02,23.42,30616,Petrol,Dealer,Automatic,2
City,2008,9.72,20.09,112621,CNG,Individual,Manual,1
WagonR,2005,7.94,13.23,70961,Electric,Dealer,Automatic,2
City,2020,13.48,17.73,133225,CNG,Dealer,Automatic,2
City,2015,10.27,15.58,15941,Electric,Individual,Automatic,2
WagonR,2017,1.58,3.82,125974,Electric,Dealer,Manual,0
Swift,2019,4.43,10.65,182682,Petrol,Individual,Manual,1
Swift,2019,8.34,15.6,174398,Electric,Individual,Manual,2
Creta,2015,5.93,9.9,30655,Petrol,Individual,Manual,2
Fortuner,2022,12.21,19.95,158453,Diesel,Individual,Manual,1
i20,2020,20.99,25.0,101472,Electric,Dealer,Automatic,0
Verna,2019,3.89,5.82,144979,Petrol,Dealer,Manual,1
Verna,2008,7.9,19.57,165456,Diesel,Dealer,Automatic,1
City,2010,12.28,13.83,86200,Electric,Individual,Manual,1
Innova,2020,12.77,18.67,195625,Petrol,Individual,Manual,0
City,2005,12.97,17.61,124610,CNG,Individual,Automatic,2
i20,2009,7.61,11.58,11603,Diesel,Individual,Manual,2
Baleno,2020,15.69,20.82,74315,Diesel,Individual,Automatic,2
City,2008,3.64,4.95,38097,Diesel,Dealer,Automatic,2
Baleno,2010,8.1,10.09,46698,Petrol,Individual,Manual,1
i20,2024,19.57,22.03,108367,Electric,Individual,Automatic,1
i20,2016,10.81,18.4,52412,CNG,Individual,Manual,0
i20,2021,3.43,5.15,185232,Petrol,Dealer,Automatic,1
Creta,2011,10.6,14.25,9794,Petrol,Dealer,Manual,2
Verna,2023,4.77,7.76,194340,Petrol,Individual,Automatic,0
Baleno,2013,5.51,11.4,40279,CNG,Dealer,Manual,0
Baleno,2015,7.54,8.87,20640,Diesel,Individual,Manual,2
Ertiga,2011,11.47,23.05,7993,Electric,Individual,Automatic,1
Fortuner,2020,1.63,4.02,155211,Electric,Individual,Manual,2
WagonR,2012,9.47,20.06,103885,CNG,Dealer,Automatic,1
Creta,2020,13.04,18.16,22217,Petrol,Individual,Manual,0
Swift,2014,8.96,15.0,140304,CNG,Dealer,Automatic,2
Verna,2012,1.91,3.98,180973,CNG,Individual,Automatic,2
Baleno,2018,9.22,13.28,33623,Electric,Dealer,Automatic,2
Verna,2012,9.73,16.4,10356,Petrol,Individual,Manual,0
WagonR,2014,5.29,5.88,178540,Electric,Dealer,Manual,2
Baleno,2007,13.06,19.22,102979,Diesel,Individual,Manual,2
Creta,2017,8.34,13.22,7824,Petrol,Individual,Manual,0
i20,2024,6.48,8.48,109326,Diesel,Individual,Manual,0
Swift,2010,4.21,5.49,154785,Electric,Individual,Automatic,2
i20,2005,3.15,6.11,163199,Diesel,Individual,Manual,2
Innova,2024,10.3,17.05,6117,Diesel,Individual,Manual,1
City,2014,6.15,10.44,71511,CNG,Dealer,Manual,0
Ertiga,2007,4.61,9.69,28180,Diesel,Dealer,Manual,2
Innova,2015,7.67,11.09,171405,Petrol,Dealer,Automatic,2
Innova,2019,2.29,5.2,134222,Petrol,Dealer,Manual,1
Verna,2018,11.86,14.01,19937,Petrol,Dealer,Automatic,2
Verna,2017,2.74,3.11,29437,Diesel,Individual,Manual,0
Ertiga,2019,5.25,11.47,72860,Electric,Individual,Automatic,1
City,2018,12.99,21.87,7461,CNG,Individual,Automatic,2
City,2012,16.83,21.54,172523,Petrol,Dealer,Manual,0
Innova,2013,12.2,15.76,115152,CNG,Individual,Automatic,1
Ertiga,2008,13.53,20.15,84218,Petrol,Individual,Automatic,2
i20,2011,9.62,21.56,146925,Electric,Dealer,Automatic,1
WagonR,2010,9.51,13.64,124279,CNG,Individual,Automatic,1
WagonR,2008,3.41,5.31,18428,Electric,Individual,Automatic,1
i20,2016,5.4,9.38,199820,Electric,Dealer,Automatic,0
Ertiga,2010,5.82,11.52,156156,CNG,Individual,Manual,0
Fortuner,2023,1.71,3.23,138030,CNG,Individual,Manual,1
Fortuner,2017,13.22,18.92,196080,Petrol,Dealer,Manual,1
Innova,2022,10.57,13.48,168786,Electric,Individual,Automatic,2
WagonR,2016,6.68,13.3,176508,Electric,Dealer,Automatic,0
Innova,2020,11.18,13.31,53165,Petrol,Dealer,Manual,1
WagonR,2012,11.5,24.74,37296,Electric,Dealer,Manual,2
Verna,2006,10.25,11.95,176221,Diesel,Dealer,Manual,0
WagonR,2012,2.1,4.14,42512,Diesel,Individual,Automatic,1
Fortuner,2005,17.17,20.32,190694,CNG,Dealer,Manual,1
Innova,2024,5.23,10.56,39213,Electric,Individual,Manual,2
Innova,2014,2.85,4.99,137605,Petrol,Dealer,Automatic,1
Ertiga,2013,8.34,14.68,150669,Electric,Individual,Manual,0
Ertiga,2008,18.77,24.16,170609,Petrol,Individual,Manual,1
Swift,2016,16.08,24.19,42531,CNG,Dealer,Automatic,1
Swift,2014,13.79,24.35,100725,Electric,Individual,Automatic,2
WagonR,2017,1.52,3.6,52297,Diesel,Dealer,Manual,0
Baleno,2007,19.73,23.18,13960,CNG,Individual,Automatic,0
Innova,2023,9.35,20.07,178495,Electric,Dealer,Automatic,0
WagonR,2007,6.86,8.54,46289,CNG,Individual,Manual,2
Verna,2008,9.25,13.43,179727,CNG,Dealer,Automatic,0
Ertiga,2012,4.88,7.28,52907,Petrol,Individual,Manual,0
Innova,2015,2.31,4.73,15833,CNG,Individual,Manual,0
Swift,2005,4.78,6.24,46736,Petrol,Individual,Automatic,1
Ertiga,2016,14.28,23.84,22517,Electric,Dealer,Manual,0
i20,2013,9.99,11.93,39500,Petrol,Dealer,Automatic,0
Verna,2017,11.21,17.98,154724,Diesel,Dealer,Manual,2
i20,2017,3.61,4.22,145130,CNG,Dealer,Manual,0
Creta,2023,21.28,24.29,138087,Diesel,Dealer,Automatic,2
i20,2005,10.3,12.38,28048,Electric,Dealer,Manual,0
Ertiga,2017,10.54,13.68,75226,CNG,Dealer,Automatic,0
Fortuner,2008,5.0,11.03,194364,Electric,Individual,Manual,0
Swift,2024,4.0,5.84,24297,Petrol,Dealer,Automatic,0
Innova,2012,7.07,7.99,44162,Petrol,Individual,Manual,1
Baleno,2023,7.31,10.49,47342,CNG,Individual,Automatic,0
Innova,2007,9.97,12.45,60315,Petrol,Individual,Manual,0
Baleno,2019,5.71,10.35,125452,CNG,Dealer,Automatic,2
Fortuner,2019,12.84,21.19,157783,Diesel,Individual,Manual,2
WagonR,2022,4.02,8.23,23373,Electric,Individual,Manual,2
Verna,2018,11.89,18.58,125871,CNG,Dealer,Automatic,0
Ertiga,2015,18.6,21.92,168220,Electric,Dealer,Automatic,1
Verna,2020,4.22,5.43,111456,Diesel,Dealer,Manual,2
Ertiga,2023,2.16,4.03,64347,Petrol,Individual,Manual,1
Swift,2020,13.9,15.79,114775,Petrol,Individual,Manual,2
Innova,2007,7.84,12.22,97887,Electric,Dealer,Automatic,0
Creta,2017,9.31,11.4,186894,CNG,Individual,Manual,0
WagonR,2012,6.23,12.08,162180,Petrol,Individual,Manual,0
Baleno,2015,2.84,6.26,68367,Electric,Dealer,Manual,1
i20,2014,14.88,23.05,72796,Electric,Dealer,Manual,2
City,2007,12.44,14.48,37997,Diesel,Individual,Automatic,1
City,2014,4.42,6.6,155787,CNG,Individual,Automatic,2
City,2020,18.12,20.33,26605,Petrol,Dealer,Manual,1
City,2010,14.77,19.32,126889,Electric,Individual,Manual,0
Swift,2011,2.51,6.15,152526,Petrol,Individual,Automatic,1
Creta,2018,2.5,4.49,174062,Electric,Individual,Manual,2
Verna,2015,8.69,10.0,177663,Diesel,Dealer,Manual,1
Swift,2024,10.55,13.84,42646,Electric,Individual,Automatic,1
City,2023,4.39,7.94,56498,Electric,Dealer,Automatic,1
Creta,2011,13.39,19.27,181126,CNG,Dealer,Automatic,2
Ertiga,2012,5.43,10.36,56938,Petrol,Dealer,Manual,0
City,2020,4.25,8.11,94230,Petrol,Dealer,Manual,1
Innova,2014,2.49,5.23,51848,CNG,Dealer,Automatic,0
Swift,2019,3.33,6.46,68367,CNG,Dealer,Automatic,0
Swift,2009,4.77,8.47,39621,Electric,Dealer,Automatic,1
WagonR,2015,6.3,14.76,135719,CNG,Dealer,Automatic,0
i20,2009,16.74,22.7,185113,Electric,Individual,Manual,0
Baleno,2023,13.43,16.65,102343,Diesel,Individual,Manual,2
Baleno,2006,10.38,23.71,140495,Diesel,Individual,Manual,1
Verna,2012,13.44,19.04,86280,Petrol,Individual,Manual,1
Baleno,2020,12.67,21.88,87328,Electric,Individual,Manual,0
Fortuner,2021,15.05,16.9,39461,Diesel,Dealer,Automatic,0
Ertiga,2018,4.38,5.95,24512,CNG,Individual,Manual,1
Baleno,2009,2.01,3.2,5203,CNG,Dealer,Automatic,0
Ertiga,2006,7.24,9.92,152423,CNG,Individual,Automatic,1
Fortuner,2007,4.94,9.73,184788,Petrol,Dealer,Manual,0
Fortuner,2006,3.7,4.73,79587,Petrol,Dealer,Manual,2
Ertiga,2009,9.06,13.68,139596,Petrol,Dealer,Manual,1
Ertiga,2017,15.16,17.44,106154,Petrol,Individual,Automatic,2
i20,2022,12.7,19.14,28224,Electric,Dealer,Automatic,2
Fortuner,2006,9.95,17.54,105089,Diesel,Individual,Automatic,0
Innova,2021,3.28,3.75,130610,Diesel,Dealer,Manual,2
City,2014,6.38,12.84,170746,CNG,Individual,Automatic,0
Swift,2019,10.94,14.35,195618,Diesel,Dealer,Automatic,2
WagonR,2019,18.68,23.95,141427,CNG,Dealer,Automatic,1
Baleno,2014,9.92,16.37,58587,CNG,Individual,Automatic,1
Ertiga,2023,2.23,3.78,118975,Electric,Individual,Automatic,0
Baleno,2022,8.83,10.43,133823,Electric,Individual,Automatic,1
Fortuner,2006,8.55,10.72,164283,Diesel,Individual,Manual,0
City,2021,2.96,4.07,169054,Diesel,Dealer,Manual,0
City,2016,8.99,14.64,95728,Diesel,Individual,Automatic,1
Innova,2012,1.53,3.41,57445,Electric,Dealer,Manual,1
Creta,2008,7.15,11.17,148525,Petrol,Dealer,Manual,1
Verna,2006,5.31,6.05,103290,CNG,Individual,Manual,2
Swift,2006,17.32,24.93,82538,Petrol,Dealer,Automatic,1
Verna,2019,5.25,8.21,138693,Electric,Dealer,Automatic,0
City,2005,3.91,7.45,78950,Petrol,Dealer,Manual,2
Verna,2007,4.5,9.4,87017,Diesel,Dealer,Automatic,2
Fortuner,2013,3.65,5.34,153934,CNG,Individual,Automatic,1
i20,2009,10.65,14.26,135162,Petrol,Individual,Manual,0
Swift,2015,4.59,6.41,90801,Petrol,Dealer,Manual,0
Fortuner,2006,2.45,5.85,80227,Electric,Individual,Manual,0
Swift,2016,3.12,4.73,101721,CNG,Dealer,Manual,2
Swift,2005,6.26,10.41,113217,Petrol,Dealer,Manual,2
Verna,2009,7.51,13.73,150050,Electric,Dealer,Automatic,0
WagonR,2018,3.07,4.82,41840,CNG,Individual,Automatic,1
Verna,2009,2.66,3.33,46961,Diesel,Individual,Automatic,0
Baleno,2007,4.33,8.37,125976,CNG,Individual,Manual,0
Swift,2007,18.36,21.43,33803,Diesel,Individual,Automatic,2
WagonR,2023,16.57,20.87,74093,Diesel,Individual,Manual,1
Baleno,2007,3.06,3.54,124065,Petrol,Dealer,Manual,2
WagonR,2015,19.0,21.63,104186,Diesel,Individual,Automatic,1
Swift,2022,8.25,15.15,60422,Diesel,Individual,Manual,1
Baleno,2007,4.84,7.36,23287,Petrol,Individual,Manual,1
Baleno,2007,8.77,18.34,65674,Electric,Dealer,Automatic,1
WagonR,2019,2.34,3.85,99675,CNG,Dealer,Automatic,1
City,2008,5.99,9.51,136944,Petrol,Dealer,Manual,0
Fortuner,2013,16.26,20.81,97717,CNG,Individual,Automatic,0
WagonR,2009,11.61,13.07,178380,CNG,Dealer,Automatic,2
Innova,2013,2.98,3.6,61307,CNG,Individual,Automatic,0
City,2024,16.72,23.74,69731,Electric,Individual,Manual,0
Fortuner,2017,9.73,24.2,23561,Petrol,Dealer,Manual,1
Ertiga,2019,8.05,10.71,22135,Petrol,Individual,Automatic,1
Ertiga,2012,2.17,4.93,14491,Electric,Individual,Automatic,1
Fortuner,2008,3.98,6.65,64207,CNG,Dealer,Manual,1
WagonR,2019,5.63,9.39,141591,CNG,Individual,Automatic,2
City,2013,5.84,14.37,127499,Electric,Dealer,Manual,0
Innova,2019,15.96,20.55,6029,Electric,Dealer,Automatic,1
City,2023,11.45,22.96,161111,Petrol,Individual,Manual,0
Fortuner,2007,9.57,12.73,155401,Petrol,Dealer,Automatic,2
Verna,2005,3.6,6.74,29333,Petrol,Individual,Automatic,2
Ertiga,2018,6.63,12.85,64624,CNG,Individual,Automatic,1
Swift,2010,5.14,8.03,33546,Diesel,Dealer,Automatic,0
WagonR,2005,12.38,22.28,19523,Diesel,Individual,Automatic,1
WagonR,2011,8.58,18.83,193123,Electric,Individual,Manual,0
Fortuner,2019,6.48,7.76,153878,Diesel,Individual,Automatic,2
Ertiga,2009,18.67,23.44,56400,CNG,Individual,Automatic,2
Fortuner,2012,17.81,21.38,45221,Electric,Dealer,Automatic,2
City,2007,13.31,24.8,68288,Petrol,Individual,Automatic,1
Baleno,2006,7.26,12.47,100758,Electric,Dealer,Automatic,1
Creta,2024,2.65,5.76,192983,CNG,Dealer,Automatic,2
i20,2023,13.23,15.26,54277,CNG,Individual,Automatic,1
Innova,2011,15.71,21.03,145277,Petrol,Dealer,Automatic,2
City,2015,9.0,10.93,6285,Diesel,Individual,Manual,1
WagonR,2008,11.33,18.93,108578,Diesel,Individual,Automatic,0
Swift,2024,9.12,21.34,174986,Diesel,Individual,Manual,0
Swift,2006,12.96,17.67,34120,Petrol,Individual,Automatic,0
Ertiga,2018,2.87,4.55,158464,CNG,Individual,Manual,0
Ertiga,2007,9.24,21.82,5316,Diesel,Dealer,Automatic,2
Ertiga,2017,9.07,21.31,168707,Electric,Individual,Manual,0
Ertiga,2011,3.38,4.62,74126,Petrol,Individual,Automatic,2
i20,2012,13.93,16.82,113184,CNG,Individual,Manual,2
Ertiga,2009,4.54,5.78,23827,Diesel,Dealer,Manual,1
Fortuner,2011,14.9,19.51,142958,CNG,Dealer,Automatic,1
City,2007,15.12,17.04,169463,Petrol,Dealer,Manual,1
WagonR,2013,14.15,19.82,185952,Diesel,Individual,Manual,1
Fortuner,2024,13.18,16.0,113482,CNG,Dealer,Manual,0
WagonR,2012,8.76,20.19,179699,Diesel,Dealer,Automatic,0
Innova,2022,5.04,6.28,171478,Petrol,Dealer,Automatic,2
WagonR,2012,9.23,13.14,73167,CNG,Dealer,Manual,1
Verna,2010,17.92,22.95,113651,CNG,Individual,Manual,2
Ertiga,2018,13.33,19.87,196272,Petrol,Dealer,Manual,1
WagonR,2012,4.16,7.86,116695,Petrol,Individual,Automatic,1
WagonR,2007,16.15,21.5,88168,Petrol,Individual,Manual,1
i20,2021,5.77,13.54,164842,Petrol,Dealer,Manual,2
Baleno,2013,15.22,24.0,66703,Electric,Dealer,Automatic,1
Verna,2005,4.36,7.76,54875,Petrol,Dealer,Manual,2
Innova,2015,7.35,10.58,167327,Electric,Dealer,Automatic,2
WagonR,2011,14.43,16.24,99110,CNG,Individual,Manual,2
Baleno,2009,4.6,8.61,123342,Petrol,Dealer,Automatic,2
Ertiga,2011,10.04,24.73,124550,Electric,Dealer,Automatic,1
i20,2019,9.93,21.98,32282,CNG,Dealer,Manual,0
Fortuner,2005,8.65,20.52,147354,Diesel,Dealer,Manual,2
Ertiga,2010,11.43,16.82,172115,Electric,Dealer,Manual,0
Ertiga,2006,17.09,22.54,184031,Diesel,Dealer,Manual,2
Verna,2019,7.17,8.05,116872,CNG,Dealer,Manual,0
Swift,2020,4.21,5.94,21791,CNG,Dealer,Automatic,1
WagonR,2007,6.05,12.61,192818,Electric,Dealer,Automatic,1
i20,2007,4.94,6.45,196723,CNG,Dealer,Manual,0
WagonR,2016,14.75,22.47,13483,CNG,Individual,Manual,0
Swift,2018,16.61,22.3,59523,Diesel,Individual,Manual,1
Ertiga,2009,2.45,5.84,89472,Diesel,Dealer,Manual,2
Innova,2013,9.68,18.02,172705,CNG,Dealer,Manual,1
WagonR,2023,2.54,6.11,151867,Petrol,Individual,Automatic,0
Ertiga,2008,8.67,12.28,116744,Electric,Individual,Manual,0
Verna,2011,12.84,21.88,71647,Petrol,Dealer,Automatic,0
Swift,2018,7.33,11.6,157118,CNG,Individual,Automatic,2
Innova,2005,3.79,5.2,196068,Electric,Individual,Manual,2
WagonR,2018,13.99,21.26,49553,Diesel,Individual,Manual,0
Fortuner,2016,2.28,3.13,9760,Electric,Dealer,Manual,0
Creta,2015,12.11,21.4,190689,Diesel,Dealer,Manual,2
Ertiga,2022,15.36,23.58,90033,Diesel,Individual,Automatic,2
Verna,2014,6.29,8.17,76044,Electric,Individual,Manual,1
Baleno,2011,12.66,16.11,17248,Petrol,Individual,Manual,1
Innova,2015,11.56,14.14,119138,Electric,Dealer,Automatic,0
WagonR,2012,2.59,4.81,121691,Petrol,Dealer,Manual,1
Ertiga,2016,17.46,20.65,144892,Petrol,Individual,Manual,2
Creta,2018,3.64,4.48,86133,Diesel,Dealer,Automatic,2
i20,2015,17.61,24.11,82336,Diesel,Dealer,Automatic,2
Innova,2016,8.63,15.4,121117,Petrol,Dealer,Manual,1
Verna,2023,8.4,20.54,63589,CNG,Individual,Automatic,0
Baleno,2019,17.42,22.23,90233,Petrol,Individual,Manual,2
WagonR,2023,21.69,24.54,98492,Electric,Dealer,Manual,1
Ertiga,2010,3.5,6.99,58767,Electric,Dealer,Manual,2
Baleno,2011,6.66,8.99,118409,Diesel,Dealer,Manual,2
City,2020,7.07,9.18,32742,Electric,Dealer,Automatic,0
City,2015,15.68,18.31,17750,Diesel,Individual,Automatic,0
Ertiga,2021,9.73,11.04,173482,Electric,Dealer,Automatic,0
WagonR,2023,6.92,13.28,187629,Petrol,Dealer,Automatic,0
WagonR,2020,11.0,15.92,166343,CNG,Individual,Automatic,1
Swift,2013,11.92,22.13,86187,Electric,Individual,Manual,2
i20,2018,4.7,5.98,172837,CNG,Dealer,Automatic,1
Swift,2016,18.51,24.86,33606,CNG,Dealer,Automatic,2
WagonR,2021,5.0,7.6,165228,Petrol,Individual,Automatic,1
City,2021,14.26,21.81,123080,Electric,Individual,Automatic,2
City,2022,3.04,4.58,130029,CNG,Dealer,Automatic,2
Baleno,2011,3.09,4.25,121092,Electric,Individual,Automatic,0
Swift,2011,7.18,9.96,11695,Electric,Dealer,Automatic,2
Ertiga,2010,4.75,6.27,56739,CNG,Individual,Manual,0
Creta,2011,8.42,11.99,159106,CNG,Dealer,Manual,0
Fortuner,2007,17.15,19.83,41239,CNG,Dealer,Manual,1
Baleno,2012,7.48,9.9,180891,CNG,Individual,Manual,1
Creta,2024,8.54,18.18,54381,Diesel,Individual,Automatic,1
Swift,2007,5.32,9.42,165530,Diesel,Individual,Automatic,1
Creta,2016,15.67,18.29,15984,Petrol,Dealer,Automatic,0
Verna,2020,5.2,8.53,56003,CNG,Individual,Automatic,1
WagonR,2017,2.47,5.45,46973,Diesel,Dealer,Manual,1
Fortuner,2005,8.94,21.54,90177,Petrol,Dealer,Manual,0
Swift,2022,13.05,17.28,177022,CNG,Individual,Automatic,1
Swift,2018,8.0,15.26,97458,CNG,Individual,Automatic,1
Fortuner,2015,7.3,15.77,18383,Diesel,Individual,Automatic,0
Verna,2020,9.82,13.97,146278,Diesel,Dealer,Manual,1
WagonR,2018,15.05,21.87,55249,Petrol,Individual,Automatic,0
City,2005,11.12,14.43,187001,Electric,Individual,Manual,1
Swift,2023,1.66,3.38,184739,Electric,Individual,Automatic,2
Swift,2005,9.29,11.81,125038,Electric,Individual,Manual,2
Swift,2007,10.91,24.04,182790,Petrol,Dealer,Manual,1
Innova,2014,10.18,16.46,124824,Diesel,Dealer,Automatic,0
City,2007,11.24,15.13,55760,Petrol,Dealer,Automatic,2
City,2024,5.14,6.23,5640,Petrol,Individual,Manual,0
Ertiga,2010,19.35,23.23,16042,Diesel,Dealer,Manual,2
Swift,2019,6.27,12.78,78329,CNG,Individual,Automatic,1
Ertiga,2022,11.74,14.78,121629,Diesel,Dealer,Automatic,0
Swift,2009,4.28,6.49,178076,Petrol,Dealer,Automatic,2
Fortuner,2022,2.21,4.17,81319,CNG,Individual,Manual,2
Fortuner,2013,11.35,13.8,8444,Petrol,Individual,Automatic,1
i20,2009,15.7,18.29,72389,Diesel,Individual,Automatic,0
Innova,2019,7.93,15.1,187157,CNG,Dealer,Automatic,0
Innova,2024,5.75,9.0,88382,Petrol,Individual,Manual,0
Creta,2024,8.97,14.31,164033,CNG,Dealer,Automatic,2
Creta,2006,13.45,20.5,40738,Electric,Dealer,Automatic,1
Innova,2008,7.21,12.63,5343,Petrol,Individual,Manual,1
Swift,2017,12.78,19.03,109284,Diesel,Dealer,Automatic,1
Baleno,2014,20.47,24.99,156316,Diesel,Individual,Manual,0
i20,2010,9.21,19.74,73815,Diesel,Individual,Automatic,0
Baleno,2017,14.06,20.42,27214,CNG,Dealer,Automatic,0
Fortuner,2008,8.79,13.37,186440,Electric,Dealer,Automatic,0
Swift,2006,6.12,13.55,175095,Electric,Individual,Manual,1
Innova,2012,5.48,7.95,148647,Electric,Individual,Manual,2
Baleno,2014,5.15,12.07,180555,Petrol,Dealer,Manual,0
i20,2020,2.67,4.12,32822,Petrol,Dealer,Manual,1
Innova,2006,3.41,6.27,179358,Diesel,Dealer,Manual,0
Innova,2007,1.58,3.26,181837,CNG,Individual,Automatic,2
i20,2019,13.06,17.84,176429,Diesel,Individual,Automatic,2
Creta,2019,15.87,19.46,71690,CNG,Dealer,Automatic,2
Creta,2024,14.54,19.8,72610,Petrol,Individual,Manual,1
Verna,2014,2.78,5.49,193428,Petrol,Individual,Manual,0
Innova,2012,10.26,13.09,165591,Electric,Individual,Automatic,1
Swift,2022,4.7,5.53,182224,CNG,Individual,Automatic,0
i20,2019,4.08,9.63,177307,CNG,Individual,Manual,1
City,2013,10.48,15.94,14138,CNG,Individual,Manual,1
i20,2006,9.4,17.82,121446,Petrol,Individual,Manual,0
Innova,2013,6.27,11.23,68828,Petrol,Dealer,Manual,0
Baleno,2006,13.5,23.04,140811,CNG,Individual,Automatic,2
City,2024,8.52,15.19,195551,Diesel,Dealer,Manual,1
Swift,2023,8.85,12.07,136092,Electric,Dealer,Automatic,2
Creta,2022,2.68,3.18,15455,Electric,Individual,Manual,1
Creta,2024,17.76,24.29,134850,Petrol,Individual,Automatic,1
Innova,2022,13.95,21.18,155587,Petrol,Dealer,Manual,1
Ertiga,2020,17.17,24.38,71947,CNG,Individual,Automatic,1
Innova,2005,4.97,9.48,158059,Petrol,Individual,Automatic,2
Fortuner,2020,10.88,24.71,52248,Petrol,Individual,Manual,1
Creta,2015,8.46,14.78,76152,Diesel,Individual,Automatic,1
Innova,2024,16.83,23.23,140913,Electric,Individual,Automatic,1
Verna,2013,8.63,10.25,72628,Petrol,Dealer,Automatic,0
WagonR,2008,17.66,23.2,40702,Diesel,Individual,Manual,2
Innova,2015,11.87,24.18,119023,CNG,Dealer,Manual,1
Baleno,2017,15.93,22.71,140248,Diesel,Individual,Automatic,1
i20,2020,12.37,16.29,115607,Electric,Dealer,Manual,1
Creta,2018,7.11,15.2,110398,Diesel,Dealer,Automatic,0
i20,2018,6.84,10.38,71145,Diesel,Dealer,Automatic,0
Verna,2009,13.31,18.54,122836,Diesel,Dealer,Manual,0
Innova,2019,19.4,24.12,51205,Petrol,Individual,Manual,1
Baleno,2014,7.94,13.04,97312,Petrol,Dealer,Manual,0
Creta,2022,12.35,18.37,133854,Electric,Dealer,Automatic,1
Ertiga,2007,5.75,10.02,83330,CNG,Individual,Automatic,0
Baleno,2016,10.23,12.53,190768,Petrol,Dealer,Manual,1
Ertiga,2009,4.0,4.67,49919,Electric,Individual,Manual,1
WagonR,2024,7.75,9.0,159489,CNG,Dealer,Manual,2
i20,2022,20.86,24.78,122704,Diesel,Dealer,Manual,0
Ertiga,2012,17.33,21.47,48925,Electric,Dealer,Manual,0
Fortuner,2010,19.34,23.2,59522,Electric,Individual,Manual,1
Ertiga,2020,9.2,14.99,40699,CNG,Dealer,Automatic,0
City,2021,11.74,13.18,104278,Diesel,Dealer,Automatic,1
Baleno,2022,4.94,7.98,75421,Petrol,Individual,Manual,2
i20,2022,4.27,8.01,63160,CNG,Individual,Manual,1
Innova,2018,3.17,6.82,175491,Electric,Dealer,Manual,1
WagonR,2015,4.45,7.69,144130,Electric,Dealer,Manual,0
Creta,2019,5.77,7.85,171731,Diesel,Individual,Automatic,0
Creta,2014,7.83,18.6,71734,CNG,Individual,Automatic,1
City,2018,11.5,14.47,195433,Electric,Individual,Manual,1
Ertiga,2008,4.68,5.29,129957,Petrol,Individual,Automatic,2
Ertiga,2014,7.43,11.79,174062,Electric,Individual,Automatic,2
Verna,2005,6.27,9.53,78016,Electric,Individual,Manual,0
Creta,2010,15.38,18.66,168472,CNG,Individual,Automatic,2
Fortuner,2019,9.62,23.2,119741,Diesel,Dealer,Automatic,1
Creta,2023,17.64,21.49,182599,Electric,Individual,Manual,1
City,2018,2.46,3.53,150531,Petrol,Dealer,Manual,2
Swift,2006,5.48,7.96,69209,Petrol,Dealer,Automatic,0
Fortuner,2017,3.23,6.16,63679,Petrol,Individual,Manual,0
City,2022,10.39,17.82,35662,Diesel,Individual,Automatic,0
Innova,2015,5.52,11.88,10551,Electric,Dealer,Automatic,0
WagonR,2015,16.45,23.37,100896,CNG,Individual,Automatic,1
i20,2020,7.4,10.49,94983,CNG,Dealer,Automatic,1
Baleno,2012,8.47,18.14,106377,Electric,Dealer,Automatic,2
Ertiga,2016,18.89,22.26,80032,Diesel,Individual,Manual,2
Creta,2015,4.99,5.88,178750,Petrol,Individual,Manual,0
WagonR,2017,14.48,17.3,30239,Diesel,Dealer,Automatic,1
Swift,2020,5.32,9.5,82555,Diesel,Dealer,Manual,1
Swift,2017,12.52,19.83,73701,Diesel,Individual,Manual,0
Baleno,2016,8.77,18.03,68431,Diesel,Individual,Automatic,0
Swift,2010,8.18,15.82,119427,CNG,Dealer,Manual,2
Creta,2007,12.26,21.1,15167,CNG,Individual,Automatic,2
Innova,2023,2.35,4.34,12054,CNG,Dealer,Manual,2
Swift,2012,12.62,22.89,90175,Petrol,Dealer,Manual,0
Verna,2014,17.15,19.3,196328,CNG,Individual,Manual,0
Creta,2011,11.54,16.22,184730,Electric,Individual,Automatic,0
Baleno,2010,11.22,13.86,81114,Petrol,Dealer,Manual,0
Ertiga,2024,3.69,4.9,187401,Petrol,Dealer,Manual,0
Creta,2014,10.9,16.03,85036,Petrol,Dealer,Automatic,2
Baleno,2018,4.62,9.64,99493,Petrol,Dealer,Manual,0
City,2011,6.38,7.23,107905,Petrol,Individual,Manual,0
Swift,2018,13.41,22.38,169111,CNG,Dealer,Automatic,0
WagonR,2005,16.31,21.88,62056,Petrol,Dealer,Automatic,1
City,2006,4.59,10.06,12909,Diesel,Dealer,Manual,1
Innova,2013,6.63,16.03,117684,Petrol,Individual,Automatic,1
i20,2016,2.77,4.28,192579,Diesel,Individual,Automatic,0
City,2012,3.63,4.66,103913,Petrol,Individual,Manual,0
Baleno,2020,18.42,24.11,137075,Petrol,Individual,Automatic,0
City,2011,13.92,19.71,155295,Petrol,Individual,Automatic,1
Fortuner,2005,2.32,3.3,160663,Electric,Individual,Manual,2
Innova,2009,12.58,24.71,69964,Petrol,Dealer,Automatic,0
WagonR,2015,11.46,14.5,7333,Electric,Dealer,Automatic,2
City,2006,8.04,15.31,56878,CNG,Dealer,Manual,1
Ertiga,2015,12.34,22.57,133691,Diesel,Dealer,Manual,1
Innova,2015,13.29,16.2,6364,Diesel,Dealer,Automatic,2
Verna,2009,15.79,18.09,149286,CNG,Individual,Manual,0
Swift,2024,17.48,19.92,156023,Diesel,Individual,Manual,0
Ertiga,2018,11.88,13.9,152008,Electric,Dealer,Automatic,2
Swift,2011,4.13,6.2,68051,CNG,Dealer,Automatic,1
Verna,2019,6.68,11.01,86579,Electric,Individual,Automatic,0
Fortuner,2017,3.76,8.08,28156,Diesel,Dealer,Automatic,1
Fortuner,2016,14.03,22.59,155755,Petrol,Dealer,Automatic,1
Verna,2021,4.35,9.64,139446,CNG,Dealer,Automatic,1
City,2010,8.32,14.97,190265,Electric,Dealer,Manual,1
Swift,2022,6.3,11.39,31732,Diesel,Individual,Manual,0
Swift,2021,12.67,16.37,109770,CNG,Individual,Automatic,2
Creta,2013,9.69,11.34,96916,Electric,Dealer,Automatic,2
Baleno,2013,15.18,23.35,65679,CNG,Dealer,Manual,1
i20,2013,9.13,16.9,87512,CNG,Individual,Automatic,0
Baleno,2005,6.67,8.08,6820,Electric,Dealer,Manual,1
WagonR,2009,14.14,24.04,142012,Electric,Individual,Manual,2
Innova,2008,15.31,17.34,195520,Diesel,Individual,Manual,2
i20,2016,15.23,17.48,19510,Electric,Dealer,Manual,1
Fortuner,2005,13.86,20.18,163481,CNG,Dealer,Manual,0
Swift,2011,9.59,12.06,186711,Diesel,Individual,Automatic,2
Swift,2013,5.77,7.15,129219,Petrol,Individual,Manual,1
Baleno,2023,7.07,10.28,178215,CNG,Dealer,Automatic,1
i20,2014,10.12,16.49,106501,CNG,Dealer,Manual,2
Fortuner,2020,19.05,21.54,188019,Diesel,Individual,Automatic,0
Baleno,2021,1.45,3.17,8140,Electric,Dealer,Automatic,1
i20,2019,11.8,15.76,79597,Diesel,Dealer,Automatic,2
City,2008,10.61,20.95,191541,Diesel,Individual,Automatic,2
Swift,2021,7.28,16.33,193332,Petrol,Dealer,Automatic,0
WagonR,2019,7.05,15.24,32116,CNG,Individual,Automatic,1
Verna,2007,8.09,19.23,67759,CNG,Individual,Manual,2
City,2014,5.77,6.82,189972,CNG,Individual,Manual,2
Ertiga,2011,8.28,17.08,131718,Electric,Individual,Automatic,2
City,2020,7.22,15.62,150436,Petrol,Dealer,Automatic,1
Innova,2017,7.9,9.03,124628,Petrol,Dealer,Automatic,2
Baleno,2022,4.48,5.86,196040,Electric,Dealer,Automatic,0
Fortuner,2005,6.32,13.73,156219,Petrol,Dealer,Automatic,1
Baleno,2013,6.23,8.6,191794,Diesel,Dealer,Automatic,1
Innova,2014,5.68,6.79,84160,Diesel,Individual,Manual,0
Verna,2020,16.04,25.0,180401,Electric,Individual,Manual,0
i20,2020,10.98,15.33,36719,Diesel,Dealer,Automatic,0
Ertiga,2010,3.74,4.9,175341,Petrol,Dealer,Manual,1
Fortuner,2020,6.7,15.58,158499,Electric,Individual,Manual,0
Ertiga,2022,10.25,12.47,193461,Diesel,Individual,Automatic,0
Baleno,2018,6.49,9.76,180279,Petrol,Dealer,Manual,2
Swift,2020,2.64,3.21,160642,Electric,Dealer,Manual,1
Fortuner,2021,14.38,20.09,143341,Electric,Dealer,Manual,0
Ertiga,2020,8.61,20.61,190152,Diesel,Individual,Automatic,2
Verna,2009,10.99,17.79,186289,Electric,Individual,Manual,2
Verna,2018,8.51,10.65,129458,CNG,Individual,Automatic,1
Verna,2009,7.19,12.4,108590,Petrol,Dealer,Manual,1
Swift,2023,6.18,8.97,129945,Petrol,Dealer,Automatic,1
Creta,2009,9.67,19.61,20993,Electric,Dealer,Manual,0
Verna,2009,15.8,21.59,106958,CNG,Dealer,Automatic,1
Swift,2012,7.11,8.31,165376,Electric,Individual,Manual,2
i20,2017,4.93,8.0,27686,Diesel,Dealer,Automatic,1
i20,2017,8.94,19.38,101494,Diesel,Individual,Manual,0
Fortuner,2016,12.89,21.49,60034,Diesel,Dealer,Manual,1
Ertiga,2018,3.75,8.07,72599,CNG,Individual,Manual,2
Creta,2012,8.59,13.24,62439,Diesel,Individual,Manual,0
Swift,2006,6.17,8.13,65143,Petrol,Individual,Manual,2
Innova,2011,4.28,8.52,13920,Petrol,Individual,Manual,0
Ertiga,2012,16.69,22.51,56551,Diesel,Individual,Automatic,1
Ertiga,2007,3.74,5.81,174258,Petrol,Individual,Automatic,0
i20,2019,4.18,5.22,142301,Petrol,Individual,Automatic,2
Verna,2017,10.63,14.89,176061,CNG,Individual,Automatic,1
Ertiga,2009,3.74,5.11,133310,Diesel,Individual,Manual,1
Innova,2014,2.77,3.66,59069,Diesel,Individual,Automatic,2
Ertiga,2011,5.83,8.79,39809,Diesel,Dealer,Manual,2
Ertiga,2019,10.47,16.5,164170,Diesel,Dealer,Manual,2
Ertiga,2016,1.57,3.5,48248,CNG,Individual,Automatic,1
i20,2007,7.46,17.98,195705,Petrol,Individual,Automatic,1
Fortuner,2021,9.33,11.91,180923,Electric,Dealer,Automatic,1
WagonR,2018,10.88,13.36,83077,Electric,Dealer,Manual,2
Swift,2023,4.84,10.88,166385,Diesel,Individual,Manual,1
Baleno,2009,10.58,21.84,104911,CNG,Individual,Automatic,0
Fortuner,2019,7.01,9.49,155145,Diesel,Individual,Automatic,2
i20,2014,2.15,3.16,150838,CNG,Individual,Automatic,1
Innova,2016,3.16,7.36,128189,Diesel,Dealer,Manual,0
Innova,2007,2.57,3.35,43396,Diesel,Individual,Automatic,0
Innova,2010,7.81,10.72,107372,Diesel,Dealer,Manual,2
WagonR,2011,5.8,9.27,137380,Diesel,Dealer,Automatic,2
Swift,2017,2.15,3.11,30175,Petrol,Individual,Automatic,1
Creta,2005,17.27,19.45,59492,Electric,Individual,Automatic,1
Innova,2022,16.77,22.5,169613,CNG,Individual,Automatic,0
WagonR,2020,19.69,24.82,20277,Petrol,Dealer,Automatic,0
i20,2018,6.88,9.44,190403,Petrol,Dealer,Automatic,1
Fortuner,2020,11.21,20.92,192635,CNG,Individual,Automatic,0
i20,2012,12.51,14.87,148943,Diesel,Dealer,Automatic,1
Innova,2018,7.16,10.58,28036,CNG,Individual,Automatic,0
Innova,2023,9.53,14.63,146491,CNG,Dealer,Automatic,1
WagonR,2006,10.69,16.34,110716,Diesel,Dealer,Automatic,0
WagonR,2015,1.8,4.27,67847,Electric,Individual,Automatic,2
City,2010,4.85,8.83,63272,CNG,Individual,Automatic,2
Baleno,2015,3.4,6.89,34385,CNG,Individual,Manual,0
Swift,2021,8.55,12.94,6339,Diesel,Individual,Automatic,1
Verna,2024,3.76,9.4,116979,Petrol,Dealer,Automatic,1
WagonR,2013,7.82,12.71,125469,Petrol,Dealer,Automatic,0
City,2010,2.91,6.9,93612,Electric,Individual,Automatic,2
Baleno,2018,16.07,18.62,191373,Petrol,Dealer,Automatic,0
i20,2015,7.34,14.46,63093,Diesel,Individual,Automatic,0
Swift,2008,11.66,20.93,140167,Petrol,Dealer,Automatic,1
Swift,2011,9.23,20.38,8030,Petrol,Dealer,Automatic,1
i20,2019,2.27,5.08,147076,Petrol,Individual,Manual,2
Fortuner,2014,7.5,16.37,156623,CNG,Dealer,Automatic,1
WagonR,2008,12.63,15.66,181119,Diesel,Individual,Automatic,0
Innova,2021,8.1,12.53,178084,Petrol,Dealer,Automatic,2
Ertiga,2009,12.16,16.14,58479,CNG,Dealer,Automatic,2
WagonR,2008,7.72,16.2,26949,Diesel,Dealer,Manual,0
Creta,2011,4.41,9.15,97540,Petrol,Individual,Manual,2
Baleno,2006,15.18,23.76,60888,Electric,Individual,Automatic,2
Verna,2022,8.09,10.67,45501,Petrol,Individual,Automatic,0
Creta,2007,15.51,18.19,52530,Petrol,Dealer,Manual,1
Fortuner,2023,21.73,24.93,102150,CNG,Individual,Manual,0
Baleno,2008,2.37,5.59,118147,Petrol,Dealer,Manual,2
City,2012,18.29,22.25,166108,Diesel,Dealer,Manual,1
WagonR,2016,12.43,15.84,138160,Diesel,Dealer,Automatic,0
i20,2012,4.47,5.53,79577,Electric,Dealer,Manual,2
Ertiga,2017,13.23,16.93,154610,Petrol,Individual,Automatic,0
Swift,2016,3.1,6.59,22066,Diesel,Individual,Manual,2
Ertiga,2008,9.38,11.91,76849,Petrol,Individual,Automatic,2
WagonR,2018,16.13,21.48,146850,Electric,Dealer,Automatic,0
i20,2022,13.17,21.5,76611,CNG,Individual,Automatic,0
i20,2017,2.62,3.25,183285,Petrol,Individual,Manual,2
Ertiga,2019,5.4,8.77,109431,Diesel,Individual,Manual,1
Creta,2013,2.69,6.12,76874,Petrol,Individual,Automatic,1
City,2019,12.82,22.97,51960,CNG,Individual,Automatic,1
City,2024,3.92,4.88,162435,Petrol,Dealer,Automatic,1
Innova,2020,3.64,6.06,170154,CNG,Individual,Automatic,2
WagonR,2005,3.54,5.96,184930,Electric,Individual,Manual,0
Fortuner,2017,7.71,11.51,193523,Petrol,Dealer,Automatic,2
WagonR,2021,4.86,5.8,109863,Electric,Individual,Manual,0
Innova,2017,9.12,11.13,46261,CNG,Dealer,Manual,0
City,2016,18.46,21.08,135348,Petrol,Dealer,Automatic,0
i20,2013,3.96,6.94,58235,Electric,Dealer,Manual,2
Verna,2015,15.88,19.39,141965,Electric,Dealer,Automatic,0
Creta,2008,6.24,10.96,19828,Petrol,Individual,Manual,1
Ertiga,2011,15.11,19.89,54392,CNG,Individual,Automatic,0
Creta,2015,8.49,16.48,168492,Diesel,Dealer,Manual,2
WagonR,2008,2.65,3.15,27333,CNG,Individual,Manual,2
Baleno,2008,17.46,20.44,77656,CNG,Dealer,Automatic,2
Innova,2012,6.55,8.84,56598,Electric,Dealer,Automatic,0
Ertiga,2009,3.15,5.13,35082,Diesel,Dealer,Manual,0
Ertiga,2020,13.91,16.7,153334,Petrol,Dealer,Manual,0
Fortuner,2023,5.5,11.42,86456,CNG,Individual,Automatic,0
Verna,2015,6.86,10.96,129117,CNG,Dealer,Automatic,0
Innova,2014,6.63,14.05,144771,Diesel,Individual,Automatic,1
Baleno,2010,2.92,5.82,89391,Petrol,Individual,Manual,2
i20,2005,5.41,10.28,70412,Diesel,Dealer,Automatic,0
Fortuner,2005,14.79,24.71,120705,Electric,Individual,Manual,2
Ertiga,2009,8.18,14.89,134799,Electric,Dealer,Manual,0
City,2020,7.34,9.89,23941,Electric,Individual,Manual,0
Creta,2016,9.41,20.1,190951,Petrol,Dealer,Automatic,1
Baleno,2007,4.41,8.65,74029,Petrol,Individual,Manual,1
WagonR,2014,8.59,10.82,159895,Electric,Individual,Automatic,2
WagonR,2019,5.0,9.86,58671,Electric,Dealer,Manual,2
WagonR,2016,6.74,7.99,68711,Electric,Dealer,Automatic,2
City,2019,2.81,3.63,11593,CNG,Dealer,Automatic,1
Ertiga,2024,12.46,16.19,100498,CNG,Individual,Manual,2
Innova,2021,11.89,14.52,29201,Electric,Dealer,Manual,0
Verna,2016,10.13,15.6,45225,Diesel,Individual,Automatic,0
Swift,2021,4.02,5.81,80619,Diesel,Dealer,Manual,0
Ertiga,2010,3.98,7.1,162832,Petrol,Individual,Manual,1
Ertiga,2019,6.72,7.55,35843,Diesel,Individual,Automatic,1
Innova,2019,7.06,13.38,135120,Petrol,Dealer,Automatic,1
Swift,2018,13.17,21.91,97602,Electric,Individual,Manual,0
Creta,2022,18.11,21.75,36495,Diesel,Dealer,Manual,2
Ertiga,2018,10.63,22.03,145819,CNG,Individual,Manual,1
City,2013,12.99,18.58,61490,Petrol,Individual,Automatic,2
Swift,2023,17.1,24.96,117954,Electric,Individual,Automatic,0
City,2013,6.69,14.95,65715,CNG,Individual,Manual,1
Ertiga,2021,14.37,20.85,77644,Petrol,Dealer,Automatic,1
Swift,2016,2.53,5.16,73521,Electric,Dealer,Automatic,2
Ertiga,2007,5.5,13.42,190472,Diesel,Individual,Automatic,2
i20,2021,3.08,5.09,185695,CNG,Individual,Automatic,2
WagonR,2013,3.49,6.67,168227,Diesel,Dealer,Manual,1
Innova,2011,13.07,23.01,108252,Diesel,Individual,Automatic,1
WagonR,2018,9.29,14.43,129843,Diesel,Individual,Automatic,0
Verna,2011,9.49,21.34,85897,Petrol,Individual,Manual,2
Verna,2005,16.21,24.12,176011,Diesel,Individual,Automatic,0
Innova,2011,3.01,7.41,164103,Electric,Dealer,Automatic,0
Baleno,2006,2.6,5.07,26495,CNG,Individual,Manual,1
Verna,2014,4.27,7.04,57116,Electric,Dealer,Manual,1
Ertiga,2023,6.53,16.28,27814,Electric,Dealer,Automatic,1
WagonR,2019,10.28,18.49,9862,Petrol,Individual,Automatic,0
WagonR,2021,10.37,17.55,12015,Electric,Individual,Manual,1
Fortuner,2019,4.84,6.99,14586,Petrol,Dealer,Manual,0
Creta,2019,3.58,6.99,85098,Petrol,Individual,Automatic,2
i20,2023,10.73,12.65,46479,Electric,Dealer,Automatic,1
Innova,2019,13.02,16.6,46145,Electric,Dealer,Manual,0
Innova,2015,4.38,9.78,167156,Electric,Dealer,Manual,2
i20,2018,1.9,3.1,158678,Electric,Individual,Manual,0
i20,2021,6.72,10.55,163584,Electric,Individual,Automatic,0
Innova,2011,13.34,24.84,112668,Petrol,Dealer,Automatic,0
i20,2009,10.04,13.78,134183,Electric,Individual,Automatic,2
Verna,2019,10.33,17.43,106514,CNG,Individual,Manual,1
Innova,2016,11.18,21.52,198534,CNG,Individual,Manual,2
Innova,2009,4.46,8.57,100563,Diesel,Dealer,Automatic,2
WagonR,2021,13.81,16.45,87528,CNG,Individual,Manual,0
Swift,2019,11.17,20.7,96592,Electric,Dealer,Automatic,0
Fortuner,2022,5.17,7.75,196207,Diesel,Dealer,Manual,0
Ertiga,2018,14.4,16.22,84414,Petrol,Individual,Manual,1
Verna,2012,11.57,13.09,19512,Petrol,Individual,Manual,2
Swift,2017,4.13,7.81,190210,CNG,Dealer,Manual,2
Ertiga,2009,6.17,11.97,140404,Electric,Individual,Manual,0
Fortuner,2014,12.62,23.34,127494,CNG,Individual,Automatic,2
City,2006,7.2,8.45,40780,Electric,Individual,Manual,1
WagonR,2024,4.7,6.23,19073,CNG,Dealer,Manual,0
Innova,2005,4.29,6.94,133249,Petrol,Individual,Manual,1
Innova,2014,17.04,24.49,73778,Electric,Individual,Manual,2
Verna,2011,15.28,24.91,10695,CNG,Dealer,Automatic,1
City,2016,5.93,8.93,129009,CNG,Dealer,Automatic,2
Swift,2010,9.38,12.02,53687,Electric,Individual,Automatic,1
Ertiga,2020,3.11,4.33,27333,Petrol,Dealer,Manual,0
Creta,2017,15.95,23.29,62257,Diesel,Individual,Automatic,1
Verna,2016,10.67,16.16,159206,Petrol,Dealer,Manual,1
Ertiga,2018,9.53,23.57,121888,Petrol,Individual,Manual,0
Swift,2017,9.92,21.59,100254,Electric,Individual,Manual,1
Ertiga,2006,12.18,24.24,143336,CNG,Individual,Automatic,2
i20,2011,10.92,20.72,64768,Electric,Dealer,Automatic,1
Verna,2014,15.16,18.18,6897,Diesel,Individual,Manual,2
Innova,2006,7.58,16.52,54582,Diesel,Individual,Automatic,0
WagonR,2007,6.99,12.42,141120,CNG,Individual,Automatic,0
WagonR,2022,13.06,15.36,155086,Diesel,Dealer,Manual,0
i20,2006,8.12,13.15,102450,Diesel,Individual,Manual,0
Creta,2016,2.72,6.5,175124,Electric,Individual,Manual,0
i20,2005,20.62,24.11,48288,Electric,Individual,Automatic,0
Baleno,2012,2.63,3.65,161563,CNG,Individual,Manual,0
Creta,2019,3.13,7.59,47821,CNG,Dealer,Manual,2
Baleno,2015,1.44,3.1,81600,Diesel,Dealer,Automatic,2
Baleno,2009,11.43,20.77,19540,Petrol,Dealer,Manual,1
Ertiga,2014,9.16,14.68,190812,CNG,Individual,Automatic,2
Creta,2019,18.1,22.47,158855,CNG,Individual,Automatic,0
Ertiga,2021,17.62,21.26,103237,Diesel,Individual,Manual,2
Verna,2011,12.25,19.82,41197,Diesel,Individual,Manual,2
Innova,2015,4.11,7.06,99984,Electric,Dealer,Automatic,1
Baleno,2023,3.39,3.9,19060,Electric,Individual,Automatic,1
i20,2021,9.57,12.98,32083,Petrol,Individual,Automatic,2
Ertiga,2008,17.27,22.47,90285,Diesel,Individual,Automatic,1
Fortuner,2014,1.61,3.9,92146,CNG,Individual,Automatic,2
Baleno,2011,7.26,11.1,92199,Petrol,Dealer,Manual,1
Innova,2019,12.51,20.07,83649,Electric,Individual,Automatic,1
Baleno,2023,12.05,22.23,101976,Diesel,Dealer,Automatic,0
Innova,2014,12.32,19.21,70095,Petrol,Dealer,Automatic,0
Verna,2014,15.56,22.23,100469,CNG,Individual,Automatic,1
WagonR,2008,6.28,12.6,39752,CNG,Individual,Automatic,0
Swift,2009,5.24,10.26,158648,Diesel,Individual,Automatic,1
Baleno,2013,9.83,16.73,10458,Diesel,Dealer,Automatic,0
Verna,2020,9.42,11.74,56732,CNG,Dealer,Manual,1
Swift,2008,11.27,13.92,171977,CNG,Individual,Automatic,1
WagonR,2022,4.78,8.29,80966,CNG,Individual,Automatic,0
City,2008,10.83,12.33,151340,Diesel,Individual,Automatic,2
WagonR,2018,8.24,12.12,19147,CNG,Dealer,Automatic,2
Swift,2023,3.06,5.02,136790,CNG,Dealer,Manual,1
Ertiga,2007,8.25,11.15,91410,CNG,Dealer,Manual,2
Ertiga,2023,6.68,13.05,65689,Electric,Dealer,Manual,0
Ertiga,2018,3.33,3.79,155930,CNG,Dealer,Manual,0
Baleno,2016,5.57,11.18,149668,Petrol,Dealer,Automatic,0
Swift,2010,2.15,3.96,111403,Diesel,Dealer,Manual,2
Swift,2018,3.52,8.35,158992,Diesel,Individual,Manual,2
Verna,2007,7.74,15.31,166202,CNG,Individual,Manual,1
Verna,2019,9.68,12.51,70133,Diesel,Dealer,Manual,1
Fortuner,2021,10.06,18.39,53652,Electric,Individual,Automatic,1
Swift,2009,10.52,19.01,113272,CNG,Individual,Manual,2
Fortuner,2010,16.01,19.76,162095,Diesel,Individual,Automatic,2
Verna,2007,11.49,18.03,149091,CNG,Dealer,Automatic,1
Verna,2021,7.08,12.81,28150,Electric,Dealer,Automatic,0
Fortuner,2007,16.75,20.83,91581,CNG,Dealer,Manual,2
WagonR,2013,2.3,3.23,45002,Petrol,Individual,Automatic,2
Ertiga,2017,10.41,11.59,180026,Petrol,Dealer,Manual,0
Creta,2023,10.53,20.19,43245,CNG,Individual,Automatic,0
City,2010,14.5,22.87,64390,Electric,Individual,Manual,1
Verna,2007,4.83,7.48,113442,CNG,Individual,Manual,0
i20,2013,14.06,20.32,90946,Electric,Individual,Automatic,1
i20,2021,4.6,11.48,182471,CNG,Dealer,Manual,1
WagonR,2020,12.48,17.34,73455,CNG,Dealer,Automatic,0
Verna,2010,8.04,13.27,101375,Electric,Individual,Manual,1
Baleno,2013,3.77,6.91,21109,Electric,Individual,Automatic,1
i20,2008,9.37,22.04,40989,Petrol,Dealer,Automatic,2
Baleno,2005,12.15,20.7,112177,Diesel,Dealer,Automatic,2
City,2015,2.92,4.09,27961,Diesel,Dealer,Automatic,1
Innova,2018,9.18,18.62,58690,Petrol,Individual,Manual,0
Ertiga,2011,9.05,15.06,5409,Petrol,Individual,Manual,0
Verna,2016,2.79,6.32,163109,CNG,Individual,Automatic,2
Creta,2018,4.5,10.96,161918,Electric,Dealer,Manual,1
Verna,2024,14.63,16.65,30082,Diesel,Individual,Manual,0
Innova,2014,16.94,23.73,6635,CNG,Dealer,Manual,0
Creta,2018,3.64,4.69,161064,Petrol,Individual,Automatic,1
Baleno,2015,16.78,20.68,57734,CNG,Individual,Manual,0
Innova,2006,6.51,9.24,26675,CNG,Dealer,Manual,0
Swift,2018,7.4,12.35,97114,Diesel,Dealer,Manual,1
Swift,2007,13.05,22.9,98271,Electric,Dealer,Automatic,1
Creta,2015,6.29,10.3,44266,Petrol,Dealer,Automatic,2
i20,2020,12.2,19.44,42741,Petrol,Dealer,Manual,1
Swift,2018,9.26,15.1,15923,CNG,Individual,Manual,0
Fortuner,2010,2.15,4.83,141983,Electric,Dealer,Manual,0
City,2016,14.15,20.59,54184,Diesel,Dealer,Automatic,1
Baleno,2021,6.9,9.2,157767,Electric,Individual,Automatic,0
Baleno,2019,7.47,15.8,54373,Diesel,Dealer,Manual,1
Ertiga,2010,7.1,11.71,74485,CNG,Individual,Manual,2
Baleno,2005,3.39,6.14,14049,CNG,Individual,Manual,1
Fortuner,2008,2.03,4.1,63027,CNG,Dealer,Manual,1
i20,2011,11.05,19.81,6707,CNG,Dealer,Automatic,2
Baleno,2006,2.6,3.06,146625,Electric,Individual,Manual,1
Innova,2019,1.77,3.73,174544,Petrol,Individual,Automatic,0
WagonR,2008,15.8,21.02,94393,Diesel,Dealer,Manual,2
Ertiga,2023,12.11,19.39,29257,CNG,Individual,Manual,1
WagonR,2017,6.82,16.31,103297,Petrol,Individual,Manual,2
Swift,2023,3.59,8.26,188879,CNG,Individual,Manual,1
Baleno,2024,10.43,19.92,54598,Electric,Dealer,Automatic,1
Verna,2020,2.73,3.61,162852,CNG,Dealer,Automatic,1
i20,2014,19.06,23.42,98046,Diesel,Individual,Automatic,0
Swift,2020,18.11,21.75,105190,CNG,Individual,Manual,0
Creta,2020,8.31,14.84,174877,Diesel,Individual,Manual,2
Fortuner,2010,10.7,12.03,38730,Petrol,Dealer,Automatic,2
City,2005,17.25,19.27,11917,Electric,Dealer,Manual,2
Baleno,2013,17.41,21.57,5914,Electric,Dealer,Manual,0
Ertiga,2009,10.26,13.99,111487,Petrol,Individual,Automatic,1
WagonR,2020,9.61,21.73,18042,Electric,Dealer,Automatic,2
i20,2009,10.13,22.38,31360,Electric,Individual,Automatic,1
i20,2005,12.13,24.21,122859,CNG,Individual,Manual,2
Baleno,2010,5.23,6.28,97825,Diesel,Individual,Automatic,0
Verna,2023,14.83,23.54,178774,Diesel,Individual,Manual,0
Verna,2020,6.87,10.85,116258,Electric,Individual,Manual,1
Innova,2022,4.32,5.65,39266,Electric,Individual,Automatic,1
WagonR,2020,7.58,12.92,67588,CNG,Individual,Manual,2
Innova,2012,7.72,11.2,163442,Petrol,Dealer,Automatic,0
Fortuner,2006,10.77,21.53,165336,CNG,Individual,Manual,0
WagonR,2017,14.34,20.82,34343,Electric,Dealer,Manual,1
City,2012,12.79,17.92,60807,Electric,Dealer,Manual,1
Innova,2017,11.72,14.67,140161,CNG,Dealer,Manual,1
Creta,2015,3.36,6.91,185760,CNG,Individual,Automatic,1
Fortuner,2021,3.89,5.73,53836,Diesel,Individual,Automatic,0
Creta,2019,6.47,8.08,48306,Diesel,Dealer,Automatic,2
Swift,2019,12.14,14.24,92987,Diesel,Individual,Automatic,1
Innova,2006,7.43,9.96,131446,Electric,Dealer,Automatic,1
City,2011,3.4,4.63,37909,CNG,Individual,Manual,1
i20,2012,6.16,14.06,187365,Electric,Individual,Manual,2
WagonR,2009,10.92,22.8,125436,CNG,Dealer,Manual,1
i20,2023,11.53,18.44,102821,Electric,Dealer,Automatic,0
Innova,2011,10.48,15.69,111676,Petrol,Individual,Automatic,0
WagonR,2017,8.02,15.6,76375,CNG,Individual,Manual,0
WagonR,2007,2.77,3.34,43248,Electric,Individual,Manual,1
Swift,2013,9.84,21.51,44388,Petrol,Dealer,Automatic,2
WagonR,2024,15.05,17.11,61132,Diesel,Individual,Automatic,1
Baleno,2011,12.35,14.63,136805,Petrol,Dealer,Automatic,2
i20,2020,2.11,3.83,54454,Electric,Dealer,Manual,1
Creta,2014,10.34,21.51,185123,CNG,Individual,Automatic,1
Baleno,2018,21.19,24.76,5851,Diesel,Individual,Automatic,1
City,2024,8.78,18.6,49464,CNG,Dealer,Automatic,0
Fortuner,2019,4.33,8.41,82359,Electric,Dealer,Automatic,1
Fortuner,2020,13.21,18.07,193938,Petrol,Dealer,Manual,0
City,2019,7.14,15.72,98708,CNG,Dealer,Manual,1
Creta,2007,16.51,19.28,5119,CNG,Dealer,Automatic,1
WagonR,2017,1.89,4.48,139898,CNG,Individual,Automatic,2
City,2007,7.83,14.63,93021,Diesel,Dealer,Automatic,1
i20,2016,8.97,19.08,8233,Petrol,Individual,Automatic,2
Baleno,2015,10.95,15.14,120145,CNG,Individual,Manual,2
Verna,2006,14.22,18.49,51577,Diesel,Dealer,Manual,2
Creta,2008,12.44,17.15,31907,CNG,Dealer,Automatic,0
Ertiga,2014,1.6,3.15,27043,CNG,Individual,Manual,2
Creta,2008,5.61,9.26,49147,Petrol,Dealer,Manual,2
Creta,2005,4.55,5.38,84159,Petrol,Individual,Automatic,1
Fortuner,2024,21.61,24.55,139608,Electric,Individual,Automatic,2
WagonR,2007,11.5,18.2,43502,Petrol,Dealer,Automatic,1
Verna,2015,20.46,23.89,31681,CNG,Dealer,Automatic,0
Baleno,2009,13.7,18.83,151734,Petrol,Dealer,Manual,2
Fortuner,2015,10.12,22.42,62076,Diesel,Dealer,Automatic,0
Creta,2022,7.55,8.52,192502,Diesel,Individual,Automatic,0
Creta,2017,9.64,13.49,26410,Petrol,Dealer,Automatic,0
Swift,2013,3.98,6.5,145744,Electric,Individual,Automatic,0
City,2014,17.19,20.0,167287,Electric,Individual,Automatic,1
Innova,2014,3.11,4.14,146316,Electric,Dealer,Manual,0
Swift,2019,13.79,17.31,51786,Petrol,Dealer,Manual,2
Swift,2006,18.54,22.41,102090,Electric,Dealer,Automatic,1
Verna,2009,6.52,10.58,52932,Petrol,Individual,Manual,2
City,2010,10.62,13.68,118875,CNG,Dealer,Manual,2
Ertiga,2008,16.52,20.71,49370,Diesel,Individual,Manual,2
Fortuner,2010,13.56,20.1,125434,Petrol,Individual,Manual,1
Innova,2010,9.98,17.32,65882,Diesel,Dealer,Automatic,2
WagonR,2012,3.48,4.56,26140,Diesel,Dealer,Manual,1
i20,2012,7.5,9.87,127573,Petrol,Individual,Manual,1
Verna,2020,7.64,11.25,194586,CNG,Individual,Manual,1
Fortuner,2019,8.51,11.31,114090,Diesel,Dealer,Manual,2
WagonR,2005,12.08,20.86,156729,CNG,Individual,Automatic,1
i20,2010,4.55,6.58,102199,Petrol,Dealer,Manual,2
Verna,2006,8.38,19.33,165519,Petrol,Individual,Manual,2
Baleno,2016,4.66,5.41,189549,Petrol,Individual,Automatic,1
Fortuner,2015,4.76,5.36,65396,Diesel,Individual,Automatic,2
Verna,2024,2.47,3.22,92864,Petrol,Individual,Manual,1
Innova,2009,2.84,6.09,73371,Electric,Dealer,Manual,2
Ertiga,2010,3.54,7.76,147866,Petrol,Individual,Manual,2
i20,2024,13.47,17.38,154475,CNG,Individual,Automatic,0
i20,2008,2.82,4.55,47265,Electric,Dealer,Automatic,0
City,2007,4.05,4.93,163944,Diesel,Dealer,Manual,2
Fortuner,2021,5.06,11.86,68107,CNG,Individual,Manual,0
Swift,2012,9.36,20.91,144604,Diesel,Individual,Automatic,2
Swift,2016,7.85,18.74,182605,Diesel,Dealer,Manual,1
Innova,2007,12.46,18.54,11222,Petrol,Dealer,Automatic,1
Innova,2007,7.84,12.34,149219,Diesel,Dealer,Manual,1
Swift,2023,13.58,16.34,130369,Diesel,Dealer,Manual,1
City,2011,11.12,17.17,179140,Diesel,Individual,Automatic,0
Swift,2008,1.71,3.95,99692,Petrol,Individual,Automatic,0
Baleno,2007,1.48,3.26,81623,Diesel,Individual,Automatic,1
Innova,2019,6.6,15.57,39906,Diesel,Dealer,Manual,2
Baleno,2016,7.78,12.31,186521,Electric,Individual,Manual,2
Ertiga,2021,17.44,20.62,162262,Electric,Individual,Automatic,1
City,2020,15.97,19.18,102272,Electric,Individual,Manual,0
WagonR,2011,10.89,16.34,27026,Diesel,Individual,Manual,0
i20,2013,5.93,14.15,63936,Petrol,Individual,Automatic,1
Baleno,2021,9.67,12.02,138642,Electric,Dealer,Automatic,0
WagonR,2022,6.32,15.22,184723,Electric,Individual,Manual,0
Ertiga,2008,8.55,10.65,131998,CNG,Dealer,Manual,2
Swift,2015,6.27,8.25,107576,CNG,Individual,Automatic,2
Baleno,2011,9.77,19.88,157968,CNG,Individual,Manual,1
Swift,2012,12.18,14.36,115225,Diesel,Dealer,Automatic,2
Verna,2007,12.52,19.89,56699,Diesel,Dealer,Automatic,1
Verna,2016,13.87,18.82,62421,CNG,Dealer,Automatic,2
Ertiga,2023,11.35,17.91,124546,Diesel,Dealer,Manual,0
Swift,2006,9.63,13.02,41657,CNG,Dealer,Automatic,1
Baleno,2007,13.53,24.72,50557,Electric,Individual,Automatic,2
Swift,2005,10.13,22.64,78266,CNG,Individual,Automatic,1
Creta,2007,12.68,14.48,72400,Electric,Dealer,Automatic,1
Fortuner,2020,2.93,4.3,72832,Electric,Dealer,Manual,0
City,2008,11.09,14.05,127211,Diesel,Dealer,Automatic,1
Swift,2006,9.98,18.24,177913,Electric,Dealer,Manual,1
WagonR,2017,11.96,17.51,143965,Electric,Individual,Manual,0
Baleno,2006,5.74,8.74,64658,Electric,Individual,Manual,1
Swift,2017,11.65,21.51,47164,CNG,Dealer,Manual,2
Verna,2011,2.64,4.3,139127,Diesel,Dealer,Manual,0
i20,2013,13.73,23.29,185706,Petrol,Dealer,Manual,1
City,2016,6.89,16.08,129421,CNG,Dealer,Automatic,1
Fortuner,2011,10.98,19.03,45516,Electric,Individual,Manual,2
Creta,2015,4.25,7.62,41194,Diesel,Dealer,Manual,1
Swift,2013,2.47,5.4,22422,Diesel,Dealer,Automatic,0
WagonR,2020,3.16,5.25,198201,Diesel,Dealer,Manual,1
Creta,2009,3.82,6.88,181920,Electric,Individual,Manual,2
Creta,2016,11.17,20.96,151941,CNG,Individual,Manual,0
WagonR,2018,3.0,5.39,184678,CNG,Individual,Manual,1
Innova,2007,8.22,14.75,91363,CNG,Dealer,Automatic,2
Ertiga,2009,11.01,18.84,168804,Petrol,Individual,Automatic,0
Ertiga,2010,10.24,20.58,40013,CNG,Dealer,Automatic,2
i20,2006,14.03,18.26,180548,Diesel,Dealer,Automatic,0
Ertiga,2020,7.55,9.96,135305,Petrol,Individual,Manual,1
i20,2013,17.41,20.34,82251,Diesel,Individual,Automatic,1
Verna,2020,10.74,13.61,79782,Electric,Individual,Manual,0
Swift,2014,5.26,12.4,18859,Electric,Dealer,Automatic,1
i20,2022,9.24,12.56,199436,CNG,Dealer,Automatic,1
Verna,2023,4.61,8.01,152448,Electric,Dealer,Manual,0
Creta,2008,1.44,3.49,71627,CNG,Individual,Automatic,2
Fortuner,2011,7.26,16.27,16409,Petrol,Dealer,Manual,2
Fortuner,2013,9.08,13.31,120437,Diesel,Individual,Manual,2
Swift,2020,7.08,9.53,37604,Diesel,Dealer,Automatic,0
Verna,2012,15.37,19.49,186546,Diesel,Individual,Automatic,0
City,2019,7.28,15.25,98713,Electric,Dealer,Automatic,2
Verna,2013,8.26,15.54,195292,CNG,Individual,Automatic,2
City,2021,13.9,22.27,50429,Petrol,Individual,Automatic,2
Creta,2009,8.42,12.67,32910,Diesel,Individual,Manual,0
Creta,2011,9.67,16.19,59701,Electric,Individual,Manual,1
Verna,2018,17.52,23.2,75942,Petrol,Individual,Automatic,1
City,2016,3.5,5.18,47826,Petrol,Dealer,Manual,1
Creta,2005,19.72,23.63,190427,Diesel,Dealer,Automatic,2
Creta,2014,12.45,17.94,93738,Diesel,Individual,Automatic,1
City,2020,10.3,20.48,52857,CNG,Individual,Manual,0
Ertiga,2019,5.5,7.26,39915,Diesel,Individual,Manual,0
Swift,2016,2.64,5.63,8124,Electric,Individual,Manual,0
Ertiga,2013,5.18,7.26,169634,Electric,Individual,Automatic,0
Baleno,2020,2.87,4.5,98447,Petrol,Individual,Manual,0
Innova,2022,6.7,15.49,55998,Diesel,Dealer,Automatic,0
City,2020,10.58,16.7,66063,Petrol,Dealer,Automatic,0
i20,2013,13.17,23.71,199530,Petrol,Dealer,Automatic,2
Creta,2016,6.75,16.34,187641,Electric,Dealer,Manual,2
Innova,2006,5.54,13.39,50304,Petrol,Dealer,Manual,2
City,2023,12.39,21.6,78210,CNG,Individual,Manual,0
WagonR,2012,6.13,7.61,90944,Electric,Individual,Manual,1
Creta,2016,5.31,12.8,167805,Diesel,Dealer,Manual,1
Innova,2005,19.55,22.49,79189,CNG,Dealer,Manual,2
Swift,2013,4.92,5.68,62943,Electric,Individual,Automatic,2
Ertiga,2016,8.06,14.34,132033,CNG,Dealer,Automatic,2
Innova,2008,5.31,9.68,16296,Diesel,Dealer,Automatic,1
Creta,2024,4.37,9.41,108113,Electric,Individual,Manual,2
Verna,2008,4.36,9.34,185826,Diesel,Individual,Automatic,0
Fortuner,2013,10.4,22.95,43335,CNG,Dealer,Automatic,2
Fortuner,2011,9.92,21.88,80113,Electric,Individual,Manual,1
Fortuner,2022,16.69,22.68,151733,CNG,Individual,Automatic,1
Fortuner,2024,1.99,4.66,27555,Electric,Dealer,Automatic,1
WagonR,2007,7.3,14.09,168791,Electric,Individual,Manual,1
City,2020,2.24,4.15,46971,Petrol,Individual,Automatic,1
Verna,2024,12.49,14.47,43592,Diesel,Individual,Manual,1
WagonR,2019,1.96,3.06,15296,Diesel,Individual,Automatic,0
WagonR,2021,12.8,21.44,102850,Diesel,Individual,Manual,0
City,2012,8.49,17.7,195123,CNG,Individual,Manual,0
Baleno,2016,10.36,11.57,131816,Diesel,Dealer,Manual,0
WagonR,2022,14.72,20.17,125018,CNG,Dealer,Automatic,0
Fortuner,2009,10.56,18.52,52612,Electric,Dealer,Manual,2
i20,2022,16.97,20.26,5220,Electric,Dealer,Automatic,2
Verna,2024,1.67,4.02,58880,Petrol,Dealer,Automatic,1
Ertiga,2011,3.23,5.75,140156,CNG,Individual,Automatic,0
Innova,2020,8.71,20.63,116723,CNG,Individual,Manual,1
Swift,2012,3.51,8.45,121690,CNG,Dealer,Automatic,1
Fortuner,2014,4.54,7.33,151753,Diesel,Individual,Automatic,0
Verna,2007,17.3,22.94,130307,Petrol,Individual,Automatic,1
Verna,2021,8.35,12.62,36965,Electric,Individual,Manual,1
Baleno,2010,11.57,13.76,99777,CNG,Dealer,Automatic,0
Creta,2018,5.62,7.56,72695,Petrol,Dealer,Manual,0
Ertiga,2012,12.81,15.68,158414,Diesel,Dealer,Automatic,2
City,2005,2.68,3.31,188153,Diesel,Dealer,Automatic,2
i20,2013,20.56,23.86,72781,Electric,Individual,Automatic,0
Innova,2016,11.33,21.26,179785,Electric,Individual,Manual,1
WagonR,2015,9.98,12.19,159428,Petrol,Dealer,Automatic,2
Innova,2014,6.69,11.15,176155,Electric,Individual,Automatic,2
Fortuner,2018,7.34,11.47,70983,Petrol,Individual,Manual,0
Creta,2021,14.66,17.77,94659,Electric,Individual,Automatic,1
WagonR,2010,1.96,4.55,100356,Electric,Dealer,Automatic,0
Creta,2019,5.88,10.93,199091,Petrol,Individual,Manual,2
WagonR,2022,6.65,10.96,15641,Diesel,Individual,Manual,2
Swift,2021,6.72,12.5,184718,Electric,Individual,Manual,1
Swift,2018,10.99,21.94,118191,Diesel,Dealer,Manual,1
City,2012,2.84,4.22,28320,Diesel,Dealer,Manual,0
Swift,2008,12.37,23.28,138250,Electric,Individual,Automatic,2
i20,2022,6.56,10.11,142119,Diesel,Individual,Automatic,0
City,2023,5.09,11.64,95073,Electric,Individual,Automatic,1
Baleno,2019,9.39,18.57,142175,Electric,Dealer,Automatic,2
Fortuner,2007,10.03,17.45,91030,Electric,Individual,Manual,2
WagonR,2011,15.7,20.77,147241,CNG,Individual,Automatic,0
Fortuner,2019,9.79,17.37,41927,Petrol,Dealer,Manual,2
Verna,2018,5.06,5.84,116298,Electric,Individual,Manual,2
Verna,2011,10.11,11.65,184307,Diesel,Individual,Automatic,0
Innova,2020,12.02,24.25,124950,Petrol,Dealer,Manual,0
WagonR,2020,16.28,20.89,164047,CNG,Dealer,Manual,0
Creta,2022,11.51,24.01,124064,Petrol,Individual,Manual,2
Fortuner,2006,12.98,16.95,97233,Diesel,Individual,Automatic,1
Fortuner,2010,3.76,6.31,29602,Electric,Dealer,Manual,2
Creta,2011,10.32,24.68,97486,CNG,Dealer,Manual,1
Verna,2009,6.77,10.11,181579,Petrol,Dealer,Manual,2
Verna,2020,7.71,9.91,161054,Petrol,Individual,Manual,0
i20,2009,12.32,22.45,143731,Petrol,Individual,Automatic,1
City,2005,9.98,19.72,162351,Diesel,Dealer,Automatic,0
City,2009,4.87,8.83,6024,Petrol,Dealer,Manual,1
i20,2020,2.49,5.12,151082,Diesel,Dealer,Automatic,1
Innova,2012,7.87,13.77,97955,Electric,Dealer,Automatic,0
Verna,2019,6.17,10.85,64045,Petrol,Individual,Automatic,0
i20,2010,14.12,23.0,111505,Diesel,Dealer,Manual,2
Creta,2013,2.95,6.94,190546,Petrol,Individual,Manual,2
City,2008,6.17,7.57,71763,Diesel,Dealer,Automatic,0
WagonR,2020,11.13,16.61,199210,CNG,Dealer,Automatic,1
WagonR,2020,6.03,7.16,189773,Petrol,Dealer,Manual,0
Creta,2019,16.26,23.22,185527,Electric,Individual,Manual,2
Verna,2016,8.54,9.93,180101,Diesel,Dealer,Manual,1
Fortuner,2010,20.11,24.63,13807,CNG,Dealer,Manual,0
City,2013,12.74,21.35,54699,Electric,Individual,Automatic,1
Fortuner,2011,16.98,21.12,152699,Petrol,Individual,Manual,0
Creta,2005,12.07,16.89,126474,Electric,Individual,Manual,1
Ertiga,2010,10.84,13.16,17309,Electric,Individual,Automatic,0
i20,2006,8.02,16.23,62225,Diesel,Dealer,Manual,0
City,2023,2.89,3.95,20727,Diesel,Individual,Automatic,2
i20,2020,12.73,23.5,91692,Electric,Dealer,Automatic,0
City,2022,12.71,17.48,126247,CNG,Individual,Automatic,2
Fortuner,2011,4.26,7.84,191577,CNG,Individual,Automatic,0
i20,2015,7.31,9.53,112693,Petrol,Individual,Automatic,1
Ertiga,2011,8.01,9.9,22821,CNG,Dealer,Automatic,1
WagonR,2023,13.41,17.84,99103,CNG,Individual,Automatic,1
City,2005,3.37,3.92,172920,Diesel,Individual,Automatic,0
Ertiga,2010,11.93,15.53,108589,CNG,Dealer,Manual,0
Verna,2023,3.67,6.51,38523,CNG,Individual,Automatic,2
Creta,2016,13.45,21.46,56894,Diesel,Individual,Automatic,1
Fortuner,2006,4.25,9.01,79642,CNG,Dealer,Manual,0
City,2024,14.54,21.62,17121,Electric,Dealer,Manual,2
City,2022,4.36,6.14,9231,CNG,Dealer,Automatic,2
i20,2011,11.49,16.33,48567,Petrol,Dealer,Automatic,2
Innova,2017,12.06,22.75,151012,Electric,Individual,Manual,2
City,2006,15.57,23.27,127640,CNG,Individual,Automatic,1
Verna,2024,2.3,3.53,119898,CNG,Individual,Automatic,1
Fortuner,2017,11.15,16.37,185311,Petrol,Individual,Manual,2
Swift,2018,10.9,14.12,183854,CNG,Individual,Manual,1
Fortuner,2018,5.28,6.63,129970,Electric,Dealer,Manual,0
Verna,2015,8.27,12.85,46638,Electric,Dealer,Automatic,0
City,2013,10.51,13.29,55446,CNG,Individual,Automatic,1
Verna,2017,2.39,5.32,97651,Electric,Dealer,Manual,1
Fortuner,2021,9.45,11.71,136636,Electric,Dealer,Automatic,1
City,2024,19.15,22.67,71799,CNG,Dealer,Automatic,2
Verna,2015,6.27,12.18,27722,CNG,Dealer,Manual,2
Swift,2012,11.58,22.11,147727,Petrol,Individual,Manual,1
City,2020,9.84,12.26,22856,Electric,Individual,Manual,2
Creta,2024,6.74,15.12,5618,Diesel,Dealer,Manual,1
Swift,2011,2.5,5.11,101223,Diesel,Dealer,Manual,1
Fortuner,2009,4.04,7.76,56078,Diesel,Dealer,Automatic,0
Swift,2023,7.34,15.17,25853,Diesel,Dealer,Manual,2
Baleno,2024,11.42,23.13,131853,Diesel,Individual,Manual,0
i20,2008,11.31,17.59,124668,Electric,Dealer,Manual,2
Baleno,2005,12.57,18.19,177007,Electric,Individual,Automatic,0
Verna,2010,15.73,23.66,85978,Diesel,Individual,Manual,1
Fortuner,2007,6.39,9.88,193424,Petrol,Dealer,Automatic,2
Swift,2006,15.38,22.75,185866,Diesel,Individual,Manual,2
WagonR,2010,9.78,22.93,71719,Diesel,Dealer,Manual,1
Creta,2023,14.01,17.11,51850,Petrol,Individual,Manual,0
Verna,2016,11.13,21.94,191171,Petrol,Dealer,Manual,2
i20,2016,4.21,7.11,123192,Diesel,Dealer,Manual,0
i20,2012,3.46,5.46,119465,CNG,Dealer,Manual,0
Baleno,2017,6.25,13.87,11965,Electric,Individual,Manual,0
Ertiga,2018,19.71,24.72,127757,Electric,Dealer,Manual,0
Verna,2015,3.34,5.11,54493,Diesel,Individual,Automatic,0
Verna,2005,4.77,6.75,15694,Petrol,Individual,Automatic,0
City,2005,3.74,9.22,181608,Petrol,Individual,Manual,0
Swift,2015,2.87,3.6,89502,CNG,Individual,Manual,2
City,2014,7.53,12.08,133290,Electric,Individual,Automatic,1
City,2024,5.58,13.83,197370,Petrol,Individual,Automatic,1
City,2014,18.45,21.28,94061,CNG,Individual,Manual,0
WagonR,2020,11.05,22.86,120832,Electric,Dealer,Manual,2
Ertiga,2010,12.7,15.42,35881,Diesel,Dealer,Manual,1
City,2008,2.15,4.98,46327,CNG,Dealer,Automatic,0
WagonR,2017,12.43,14.75,24135,Petrol,Individual,Manual,0
Innova,2014,1.69,3.91,87522,CNG,Individual,Manual,2
Ertiga,2007,7.84,13.14,180189,CNG,Individual,Automatic,2
Baleno,2022,8.53,11.92,56181,Diesel,Individual,Manual,1
Baleno,2024,1.95,3.56,171388,Diesel,Dealer,Manual,0
i20,2008,20.21,24.93,76925,Electric,Individual,Automatic,1
i20,2019,8.41,12.15,23671,Diesel,Individual,Automatic,2
Baleno,2005,3.5,5.12,15226,Electric,Individual,Automatic,1
Innova,2007,19.62,23.5,131660,Petrol,Dealer,Manual,2
i20,2011,11.44,15.21,70950,Diesel,Individual,Automatic,2
City,2010,5.94,12.69,177259,Diesel,Dealer,Automatic,2
Ertiga,2023,11.44,17.18,52863,Electric,Dealer,Automatic,2
WagonR,2021,12.27,13.97,125213,Diesel,Dealer,Automatic,2
Verna,2020,9.23,22.62,169368,Petrol,Dealer,Automatic,2
Verna,2018,5.84,7.3,163971,Electric,Individual,Automatic,1
City,2009,12.4,17.9,70132,CNG,Individual,Automatic,0
Fortuner,2012,12.46,16.26,149984,Electric,Individual,Manual,0
Verna,2020,6.91,8.48,64178,Petrol,Individual,Manual,0
Swift,2008,6.3,12.04,55969,Petrol,Individual,Manual,0
i20,2016,6.21,11.76,56444,Diesel,Individual,Manual,1
Creta,2010,13.97,20.59,143458,Diesel,Dealer,Automatic,1
Baleno,2006,5.37,9.23,74820,CNG,Dealer,Automatic,1
Verna,2009,3.07,4.85,32591,CNG,Individual,Automatic,1
Ertiga,2014,4.77,6.67,26247,CNG,Dealer,Automatic,1
WagonR,2012,6.17,14.12,101229,Petrol,Dealer,Automatic,1
Fortuner,2020,14.57,17.12,50518,CNG,Dealer,Automatic,0
WagonR,2013,7.13,12.7,58555,Electric,Individual,Manual,1
Baleno,2012,13.78,21.79,21031,CNG,Individual,Manual,2
Creta,2012,18.39,21.85,130857,Diesel,Dealer,Automatic,1
Baleno,2022,5.21,6.77,90008,Petrol,Dealer,Manual,1
Ertiga,2017,18.94,24.55,67550,Electric,Dealer,Automatic,0
Verna,2006,10.77,24.73,171642,Electric,Dealer,Automatic,1
WagonR,2023,4.78,11.56,195157,Electric,Dealer,Automatic,1
Baleno,2024,4.2,5.25,43544,Electric,Dealer,Automatic,1
i20,2005,7.64,12.34,74798,Petrol,Dealer,Manual,0
Baleno,2015,2.73,3.05,195617,Electric,Dealer,Manual,1
WagonR,2006,3.44,7.12,130985,Electric,Dealer,Manual,0
Verna,2010,3.65,4.32,107527,CNG,Dealer,Automatic,0
Innova,2019,11.78,16.61,104805,CNG,Dealer,Manual,0
Creta,2007,7.61,9.29,77945,CNG,Individual,Manual,2
Ertiga,2020,3.83,7.9,133014,Electric,Dealer,Automatic,2
i20,2016,5.81,6.73,189714,CNG,Individual,Automatic,2
Innova,2020,15.56,18.35,60925,Diesel,Dealer,Manual,1
WagonR,2015,8.87,13.98,155675,Diesel,Individual,Automatic,1
Swift,2005,9.5,13.32,193715,CNG,Dealer,Automatic,2
City,2022,4.14,5.27,6164,Petrol,Dealer,Automatic,1
Ertiga,2005,12.85,22.24,144130,Electric,Individual,Automatic,2
Verna,2005,11.03,21.8,114876,Electric,Individual,Manual,1
Baleno,2015,9.58,21.6,49934,CNG,Dealer,Automatic,0
Baleno,2009,6.16,11.35,176809,Petrol,Dealer,Automatic,1
WagonR,2023,5.43,9.45,136520,Diesel,Individual,Automatic,1
Innova,2012,7.49,10.4,77461,Electric,Individual,Manual,1
i20,2018,18.31,23.27,100032,Electric,Dealer,Automatic,1
Creta,2022,12.03,20.87,195512,CNG,Dealer,Manual,0
Fortuner,2015,19.26,23.64,149391,Electric,Dealer,Manual,2
Innova,2020,17.12,20.72,49537,Diesel,Individual,Automatic,1
Verna,2010,4.55,7.6,168623,Petrol,Dealer,Manual,0
Swift,2021,6.48,10.47,14973,CNG,Dealer,Automatic,2
WagonR,2007,11.19,23.71,79152,CNG,Individual,Automatic,0
WagonR,2022,9.41,10.5,190379,Electric,Individual,Manual,1
Creta,2010,7.19,16.53,114374,Electric,Dealer,Manual,1
City,2006,5.86,14.24,41893,Diesel,Individual,Automatic,0
City,2007,9.68,14.6,135594,Electric,Dealer,Manual,2
City,2017,19.34,22.84,163133,Diesel,Dealer,Automatic,0
Fortuner,2024,3.57,4.45,27289,Petrol,Dealer,Manual,2
Baleno,2012,2.37,4.35,102964,CNG,Dealer,Automatic,2
WagonR,2018,3.09,4.19,52378,Diesel,Dealer,Manual,1
Baleno,2022,7.13,14.89,196669,Petrol,Dealer,Automatic,1
Innova,2018,11.06,13.97,124979,Diesel,Individual,Automatic,1
WagonR,2017,5.41,9.85,96381,Petrol,Dealer,Automatic,2
i20,2008,8.66,16.49,187402,Petrol,Dealer,Manual,0
City,2017,9.33,16.73,155522,Diesel,Dealer,Manual,0
Baleno,2012,3.6,7.15,26560,CNG,Individual,Automatic,2
Swift,2005,7.78,13.22,42553,Electric,Dealer,Automatic,0
Baleno,2017,5.74,12.68,193036,CNG,Individual,Automatic,1
Ertiga,2010,4.71,5.36,115117,Diesel,Individual,Manual,1
Verna,2023,6.32,12.98,19295,Petrol,Individual,Automatic,1
City,2010,4.41,10.59,179770,CNG,Dealer,Automatic,1
Verna,2008,3.21,6.54,148182,Petrol,Individual,Automatic,0
Baleno,2017,12.77,17.93,92507,CNG,Individual,Automatic,2
i20,2014,13.13,24.97,118392,Diesel,Dealer,Manual,0
Creta,2013,2.23,4.6,102098,Electric,Individual,Automatic,1
Ertiga,2013,11.0,13.86,7447,Electric,Individual,Automatic,0
Swift,2008,13.32,22.65,83973,Diesel,Individual,Automatic,0
Ertiga,2015,10.62,22.88,199747,Petrol,Dealer,Automatic,2
Innova,2007,5.47,13.15,191406,Diesel,Individual,Automatic,0
Verna,2012,2.72,5.33,30623,Petrol,Individual,Manual,2
i20,2007,6.6,11.48,75305,Diesel,Individual,Automatic,1
City,2010,16.17,18.79,191549,Diesel,Individual,Automatic,2
Swift,2021,9.19,10.45,28674,Electric,Individual,Manual,1
i20,2016,14.43,19.34,33786,Electric,Individual,Manual,1
Swift,2018,12.95,15.31,157637,Diesel,Individual,Manual,1
i20,2013,6.83,11.96,8709,CNG,Dealer,Automatic,0
City,2007,4.43,7.82,158881,Diesel,Dealer,Automatic,1
Fortuner,2007,8.51,14.24,102830,Petrol,Dealer,Manual,0
Verna,2018,18.83,22.88,123239,Electric,Individual,Automatic,2
Fortuner,2020,11.11,15.56,138029,Diesel,Dealer,Automatic,0
Verna,2006,7.6,10.65,134672,Diesel,Individual,Manual,0
Verna,2016,9.18,20.9,196830,Diesel,Dealer,Manual,0
Swift,2009,9.44,13.62,111264,Petrol,Individual,Automatic,0
Ertiga,2008,13.41,19.57,28717,Electric,Dealer,Automatic,2
City,2005,15.71,21.41,100111,Electric,Dealer,Automatic,0
Fortuner,2010,3.58,7.24,113325,Electric,Dealer,Automatic,1
Creta,2019,8.59,11.22,167618,CNG,Dealer,Manual,1
Creta,2005,8.95,21.44,191105,Electric,Dealer,Manual,0
Innova,2009,4.77,9.79,142300,CNG,Individual,Manual,2
i20,2015,2.98,5.8,194956,Electric,Dealer,Manual,2
City,2021,7.39,18.19,44648,Petrol,Individual,Automatic,2
i20,2018,10.52,24.26,178360,Diesel,Dealer,Manual,0
WagonR,2010,8.9,14.06,25605,Petrol,Dealer,Automatic,1
WagonR,2017,8.45,11.65,107834,CNG,Individual,Manual,2
i20,2007,10.5,17.3,46514,CNG,Individual,Manual,0
Creta,2011,17.29,24.5,133800,CNG,Dealer,Manual,1
Baleno,2016,5.81,7.81,170921,Diesel,Dealer,Automatic,2
i20,2015,3.61,5.78,185688,Electric,Individual,Manual,2
i20,2015,2.12,4.04,196779,Electric,Individual,Manual,1
Verna,2007,3.26,5.77,109337,CNG,Dealer,Automatic,0
Creta,2024,15.72,24.04,67379,Petrol,Dealer,Automatic,0
Verna,2013,10.32,15.92,120793,Petrol,Dealer,Automatic,2
i20,2007,7.43,11.98,97287,Diesel,Dealer,Manual,2
Verna,2017,3.92,5.39,153765,Petrol,Dealer,Automatic,2
Verna,2013,7.8,15.77,82726,CNG,Individual,Automatic,1
Ertiga,2017,4.03,4.69,67315,Electric,Individual,Automatic,0
i20,2006,15.31,18.55,157730,CNG,Individual,Automatic,2
i20,2011,4.17,6.12,59601,Diesel,Individual,Manual,0
Innova,2023,9.62,20.16,27796,Petrol,Individual,Automatic,0
Swift,2022,10.32,20.05,180991,Electric,Dealer,Automatic,0
City,2005,15.08,17.72,12619,Diesel,Dealer,Manual,0
Fortuner,2005,13.95,19.68,156477,Electric,Individual,Manual,1
City,2010,17.2,23.77,57256,CNG,Individual,Manual,1
Baleno,2016,7.72,12.25,5251,Petrol,Individual,Automatic,2
City,2015,11.3,13.79,80235,Electric,Individual,Automatic,0
City,2015,4.37,8.73,123119,Petrol,Individual,Automatic,2
Verna,2024,2.8,3.12,199693,Electric,Individual,Manual,2
Fortuner,2006,17.34,19.61,140655,Petrol,Dealer,Manual,1
Creta,2011,21.72,24.58,40808,Electric,Individual,Manual,1
Swift,2013,20.89,24.66,138271,CNG,Dealer,Automatic,0
i20,2007,9.29,20.15,106215,Electric,Dealer,Manual,0
Swift,2007,9.91,23.16,181035,Electric,Dealer,Automatic,1
Verna,2017,6.55,12.7,190884,Electric,Individual,Manual,1
Swift,2023,5.82,8.1,155401,CNG,Dealer,Manual,0
Baleno,2023,8.65,14.68,155795,Diesel,Dealer,Manual,0
Ertiga,2005,9.27,10.7,37991,CNG,Dealer,Automatic,2
City,2007,3.84,5.28,157810,CNG,Individual,Manual,2
Creta,2014,3.6,6.65,156365,CNG,Individual,Manual,2
Ertiga,2012,10.33,19.73,41574,Electric,Individual,Automatic,1
Creta,2018,2.26,3.8,170873,CNG,Dealer,Manual,1
Innova,2005,12.18,17.25,152895,Diesel,Individual,Automatic,1
Fortuner,2011,2.27,3.47,31193,Diesel,Dealer,Manual,2
Creta,2024,16.71,22.2,122366,Electric,Individual,Manual,2
Verna,2010,10.28,22.3,128711,Petrol,Individual,Manual,0
Innova,2012,9.28,21.15,32640,Electric,Dealer,Automatic,1
WagonR,2019,7.71,11.93,123572,Diesel,Dealer,Manual,0
Innova,2006,20.6,23.28,144110,CNG,Individual,Automatic,0
Swift,2016,7.31,14.08,53680,Diesel,Individual,Manual,1
Creta,2019,6.26,13.75,131399,CNG,Individual,Manual,1
Fortuner,2015,4.55,10.52,126984,CNG,Individual,Automatic,1
Innova,2016,2.84,5.08,86048,CNG,Dealer,Automatic,1
Ertiga,2014,18.03,24.4,82901,Diesel,Individual,Manual,2
Swift,2018,11.95,17.4,163215,Petrol,Individual,Manual,0
City,2008,6.33,9.92,118450,Diesel,Individual,Manual,1
Swift,2019,7.57,12.41,197945,CNG,Dealer,Automatic,2
City,2005,12.2,24.35,147762,Petrol,Dealer,Automatic,1
i20,2015,14.39,18.46,51524,Electric,Dealer,Manual,2
City,2014,11.43,19.42,95204,Diesel,Dealer,Manual,1
i20,2024,11.43,24.37,99257,Electric,Dealer,Automatic,0
Ertiga,2015,16.75,22.0,93406,Diesel,Individual,Manual,2
Creta,2022,1.59,3.17,172729,CNG,Dealer,Automatic,0
Fortuner,2017,4.19,5.42,142713,Diesel,Individual,Automatic,2
City,2013,10.91,13.59,194618,Electric,Dealer,Manual,2
Innova,2022,6.72,10.58,78166,Diesel,Individual,Manual,2
WagonR,2011,11.08,23.2,165093,CNG,Dealer,Manual,2
Fortuner,2012,2.43,6.07,187768,Diesel,Individual,Manual,2
Ertiga,2023,3.81,8.52,196979,CNG,Individual,Automatic,1
i20,2013,3.12,4.42,146336,Diesel,Dealer,Automatic,0
Swift,2006,13.58,22.59,96004,Diesel,Dealer,Manual,1
WagonR,2020,3.97,7.2,180043,Petrol,Individual,Automatic,2
Fortuner,2022,14.87,23.93,99447,Electric,Dealer,Manual,0
Fortuner,2009,8.66,20.15,101124,Diesel,Individual,Automatic,1
Fortuner,2014,13.25,24.13,60135,Petrol,Dealer,Manual,0
Creta,2023,4.53,6.74,99765,CNG,Individual,Automatic,2
City,2011,6.96,11.64,25456,Petrol,Individual,Automatic,0
Creta,2008,11.77,13.32,108319,Petrol,Dealer,Manual,2
Verna,2017,6.49,9.86,17871,Electric,Individual,Manual,2
City,2007,6.6,12.53,67794,Petrol,Dealer,Manual,0
Fortuner,2008,9.05,11.54,66569,Diesel,Dealer,Automatic,1
Ertiga,2015,7.54,9.73,81049,CNG,Individual,Automatic,0
Baleno,2010,9.94,22.69,97273,Petrol,Individual,Automatic,0
Swift,2006,8.84,11.42,113677,Diesel,Individual,Manual,1
Verna,2018,7.24,16.01,172023,CNG,Dealer,Manual,2
Verna,2017,19.24,22.61,40152,Petrol,Dealer,Automatic,1
Innova,2020,8.4,15.01,80468,Diesel,Dealer,Manual,1
Verna,2016,3.62,4.23,51582,Diesel,Dealer,Manual,1
Baleno,2013,12.19,19.34,8666,Petrol,Individual,Manual,2
Swift,2021,5.87,11.25,49284,CNG,Dealer,Automatic,1
City,2019,2.89,5.07,146790,Diesel,Dealer,Automatic,0
Baleno,2013,7.53,13.01,88044,Diesel,Dealer,Automatic,2
Ertiga,2010,4.22,6.45,52160,Petrol,Individual,Manual,0
Baleno,2021,9.18,15.9,183275,Electric,Individual,Manual,0
Swift,2010,5.88,12.18,117751,CNG,Dealer,Automatic,2
WagonR,2012,13.33,24.71,40617,Petrol,Dealer,Automatic,0
i20,2006,6.54,8.44,185354,Petrol,Dealer,Automatic,1
City,2024,9.32,11.74,44835,Diesel,Individual,Automatic,0
City,2012,7.85,13.6,108018,CNG,Dealer,Automatic,2
Ertiga,2021,3.05,3.42,63920,Electric,Individual,Manual,1
WagonR,2022,9.82,12.05,69432,Petrol,Individual,Manual,1
Ertiga,2006,17.02,19.59,76403,Electric,Dealer,Automatic,2
City,2005,14.52,21.4,35911,Electric,Individual,Manual,0
Verna,2006,8.69,16.51,131694,Electric,Dealer,Manual,2
Swift,2007,11.64,13.38,131989,Petrol,Dealer,Automatic,1
Ertiga,2017,10.87,14.61,137153,Electric,Individual,Automatic,0
Fortuner,2020,6.62,9.46,77911,Electric,Dealer,Automatic,0
Verna,2012,5.0,11.66,196263,Electric,Individual,Manual,0
Fortuner,2005,6.12,15.28,147404,Diesel,Dealer,Automatic,0
Swift,2022,12.77,17.92,158519,CNG,Dealer,Manual,1
i20,2008,7.09,11.85,40843,Electric,Individual,Automatic,0
Swift,2018,10.67,12.21,80935,Diesel,Dealer,Automatic,0
Creta,2017,8.4,13.34,23218,CNG,Dealer,Manual,1
Ertiga,2012,6.56,13.72,75158,Diesel,Dealer,Manual,0
i20,2024,10.29,19.78,98820,Diesel,Individual,Manual,2
Ertiga,2022,12.06,24.6,54337,Electric,Dealer,Automatic,2
WagonR,2005,3.58,5.05,71573,Electric,Individual,Automatic,1
Innova,2013,13.99,19.01,57875,Electric,Dealer,Automatic,2
Baleno,2024,2.44,3.88,114316,CNG,Individual,Automatic,1
Fortuner,2023,6.99,13.54,123153,Petrol,Dealer,Manual,2
Fortuner,2013,1.74,3.47,128244,Petrol,Dealer,Manual,1
i20,2008,16.37,18.53,135262,Electric,Individual,Manual,0
Ertiga,2020,17.51,21.82,47348,Electric,Individual,Manual,2
Fortuner,2018,16.63,23.96,156040,CNG,Individual,Manual,0
Verna,2018,3.88,8.44,23387,CNG,Individual,Automatic,1
Innova,2008,13.36,23.7,105934,Diesel,Dealer,Manual,2
WagonR,2008,5.19,6.66,133593,CNG,Dealer,Automatic,2
Ertiga,2023,1.82,4.41,110993,CNG,Dealer,Automatic,2
City,2022,9.99,20.12,101445,Petrol,Individual,Manual,1
WagonR,2018,4.19,7.47,143834,Electric,Individual,Manual,1
Verna,2008,10.27,12.57,168120,Petrol,Individual,Automatic,0
Innova,2005,2.3,4.3,197475,CNG,Individual,Manual,0
Fortuner,2012,8.52,20.03,37253,CNG,Dealer,Automatic,2
Creta,2020,4.3,6.5,112773,Diesel,Individual,Automatic,0
WagonR,2019,12.45,23.33,199678,Electric,Dealer,Automatic,0
Fortuner,2024,10.94,13.57,56093,CNG,Individual,Automatic,2
City,2016,11.61,14.19,125964,Electric,Dealer,Manual,2
Creta,2015,5.51,7.13,158870,CNG,Dealer,Automatic,2
Fortuner,2020,7.37,13.11,151340,Petrol,Dealer,Automatic,1
Creta,2012,7.93,18.41,72419,CNG,Individual,Manual,0
Fortuner,2014,3.42,5.66,31110,Electric,Individual,Automatic,0
Creta,2020,12.43,20.08,5156,Electric,Individual,Manual,1
Verna,2018,3.11,7.69,90405,Diesel,Individual,Manual,2
Ertiga,2024,12.68,23.17,185238,Petrol,Individual,Automatic,1
Innova,2017,4.93,5.98,49027,Petrol,Dealer,Automatic,1
City,2012,17.23,23.92,108878,Petrol,Individual,Automatic,1
Swift,2013,12.77,22.49,38059,CNG,Individual,Automatic,2
Fortuner,2010,18.21,24.58,16744,Petrol,Individual,Manual,1
Baleno,2016,2.22,3.72,53439,Diesel,Individual,Manual,2
Creta,2024,11.37,22.16,128539,Diesel,Dealer,Automatic,1
Swift,2019,6.83,12.58,89665,CNG,Dealer,Manual,1
Fortuner,2010,7.68,16.8,175899,CNG,Dealer,Automatic,0
Baleno,2010,18.38,23.79,136223,Electric,Dealer,Automatic,2
i20,2007,3.44,8.27,141129,Electric,Dealer,Manual,0
Ertiga,2012,9.38,11.32,121282,Electric,Individual,Automatic,1
Swift,2016,3.31,5.93,33891,Electric,Dealer,Automatic,2
Creta,2016,14.32,24.6,7201,CNG,Dealer,Automatic,2
Creta,2020,12.29,22.57,74975,Diesel,Individual,Automatic,2
WagonR,2010,16.01,23.52,88352,Diesel,Individual,Manual,1
i20,2018,2.57,3.55,105368,CNG,Dealer,Automatic,0
Innova,2020,17.24,20.61,158977,CNG,Dealer,Manual,1
Creta,2021,4.33,8.51,92706,Electric,Dealer,Automatic,1
WagonR,2015,10.77,14.66,10215,Electric,Individual,Manual,0
Fortuner,2011,18.47,23.63,114281,CNG,Individual,Manual,1
City,2009,18.57,23.65,118123,Diesel,Dealer,Manual,2
Ertiga,2013,9.59,22.86,122873,Petrol,Dealer,Manual,1
Innova,2021,12.58,18.2,48993,Petrol,Individual,Manual,2
Innova,2024,11.75,22.35,177568,CNG,Dealer,Manual,1
Swift,2021,2.84,5.42,162672,Petrol,Individual,Manual,1
City,2021,2.09,3.92,36650,Diesel,Individual,Manual,1
Swift,2006,6.92,15.16,199268,CNG,Individual,Manual,1
WagonR,2021,11.61,18.85,177304,Petrol,Dealer,Manual,0
Verna,2007,3.12,5.14,188934,Electric,Dealer,Manual,2
Innova,2007,5.58,6.54,81182,Electric,Individual,Manual,2
i20,2008,4.79,6.28,184679,Diesel,Individual,Manual,0
Ertiga,2019,14.93,21.0,75117,CNG,Individual,Manual,0
City,2017,1.47,3.1,156709,Diesel,Dealer,Automatic,2
Baleno,2018,6.42,11.13,185053,Electric,Individual,Automatic,1
WagonR,2021,6.95,16.9,60333,CNG,Dealer,Automatic,0
Baleno,2021,8.47,15.54,108833,Electric,Individual,Automatic,0
WagonR,2021,8.65,11.48,194821,CNG,Dealer,Manual,0
Ertiga,2012,3.15,3.51,43731,Electric,Individual,Automatic,0
WagonR,2010,8.88,12.09,62034,CNG,Individual,Automatic,1
Swift,2015,9.76,14.97,36082,CNG,Dealer,Manual,1
Verna,2006,7.71,14.4,101729,Diesel,Individual,Automatic,2
Swift,2022,16.26,23.41,37763,Electric,Individual,Automatic,1
WagonR,2024,5.36,7.32,102112,Electric,Dealer,Automatic,1
Baleno,2010,4.05,6.05,113610,Diesel,Individual,Automatic,0
WagonR,2013,4.03,5.7,58965,CNG,Individual,Automatic,2
Swift,2006,5.54,6.54,40180,Petrol,Individual,Automatic,0
Swift,2005,6.71,12.25,152856,Diesel,Individual,Automatic,1
Verna,2019,5.8,7.91,100618,Petrol,Individual,Manual,2
City,2007,1.81,3.67,61875,Petrol,Individual,Automatic,1
Innova,2023,10.4,17.02,116293,CNG,Individual,Automatic,2
Baleno,2009,16.86,19.53,191759,Petrol,Individual,Manual,2
Ertiga,2012,10.95,14.2,69723,Diesel,Individual,Manual,0
WagonR,2022,8.18,12.83,191533,CNG,Dealer,Manual,2
City,2014,3.1,6.13,90066,Diesel,Dealer,Automatic,0
Creta,2016,14.35,22.47,134116,Electric,Individual,Automatic,1
Baleno,2019,8.61,17.84,17557,CNG,Dealer,Manual,0
City,2014,13.09,14.58,118239,Electric,Dealer,Manual,2
Ertiga,2017,12.02,18.65,145045,CNG,Dealer,Manual,2
WagonR,2014,9.39,13.17,185371,Diesel,Individual,Automatic,1
City,2020,2.91,4.23,105484,Diesel,Individual,Manual,0
Baleno,2006,3.5,6.3,88160,Electric,Individual,Automatic,1
Baleno,2019,12.59,17.19,142714,Electric,Dealer,Automatic,2
Verna,2007,12.5,22.21,155520,CNG,Dealer,Manual,0
i20,2022,5.05,10.38,119878,Petrol,Dealer,Automatic,1
Fortuner,2011,8.48,13.88,154670,Diesel,Individual,Automatic,1
WagonR,2023,17.57,23.76,134358,Petrol,Individual,Manual,0
Swift,2005,2.87,3.97,193245,Petrol,Dealer,Automatic,0
Swift,2021,12.75,20.97,180061,Electric,Dealer,Automatic,0
Verna,2015,7.84,13.75,158661,Petrol,Individual,Automatic,0
Verna,2005,7.05,17.6,7076,CNG,Individual,Manual,1
Verna,2010,14.51,17.5,131817,Electric,Individual,Automatic,2
Swift,2009,8.3,16.62,140338,CNG,Dealer,Automatic,0
Creta,2023,7.48,13.22,199757,Diesel,Individual,Manual,0
Innova,2015,5.12,8.1,118251,Electric,Individual,Automatic,0
i20,2013,13.58,22.87,39099,Electric,Individual,Manual,0
Innova,2007,2.32,3.2,190823,Petrol,Individual,Manual,1
Ertiga,2020,3.32,4.65,184758,Petrol,Individual,Manual,2
Fortuner,2023,13.24,16.12,131188,Electric,Individual,Automatic,2
Creta,2013,8.46,13.44,28619,CNG,Dealer,Automatic,1
Swift,2018,11.09,14.01,69220,Diesel,Dealer,Automatic,0
Creta,2017,13.75,23.47,155161,CNG,Individual,Automatic,2
Innova,2017,10.53,13.77,88932,Petrol,Dealer,Automatic,0
Innova,2021,12.66,18.15,176038,Electric,Individual,Automatic,2
WagonR,2007,3.13,7.04,104320,Diesel,Individual,Manual,0
Verna,2023,6.63,11.69,120709,CNG,Dealer,Manual,2
Fortuner,2015,3.6,4.4,163637,Electric,Dealer,Manual,0
Baleno,2017,5.61,7.42,43035,Petrol,Individual,Manual,1
Swift,2013,2.68,4.24,138802,CNG,Dealer,Manual,0
Innova,2016,16.59,19.83,56225,Diesel,Individual,Automatic,0
WagonR,2020,18.22,23.28,47778,CNG,Individual,Automatic,1
Ertiga,2020,10.64,18.33,92723,Petrol,Individual,Manual,0
WagonR,2023,16.37,23.24,105710,Petrol,Individual,Automatic,2
Creta,2022,2.85,7.03,130372,Diesel,Dealer,Manual,0
Verna,2009,5.77,11.6,154927,Electric,Dealer,Manual,0
Verna,2012,10.33,12.56,147874,Petrol,Individual,Automatic,1
Baleno,2007,12.84,18.25,199471,CNG,Dealer,Automatic,0
Innova,2023,8.36,10.77,113442,Electric,Individual,Automatic,2
i20,2024,4.81,6.44,62701,Diesel,Individual,Automatic,2
Creta,2005,11.01,22.13,119603,Diesel,Dealer,Manual,0
Ertiga,2016,19.77,23.91,147388,Electric,Dealer,Automatic,2
Verna,2011,7.77,10.72,161926,Electric,Dealer,Automatic,2
Verna,2014,11.57,21.71,135767,CNG,Individual,Manual,1
Swift,2009,10.26,22.73,69327,Petrol,Individual,Manual,2
Fortuner,2022,2.61,4.08,146516,CNG,Individual,Manual,2
Ertiga,2015,6.07,14.94,175527,Petrol,Dealer,Manual,2
Innova,2022,14.52,22.57,115222,CNG,Individual,Automatic,1
Ertiga,2007,10.61,15.94,122056,Electric,Individual,Manual,1
City,2014,6.02,11.55,91637,Diesel,Individual,Automatic,1
City,2013,17.17,19.36,112065,Electric,Dealer,Manual,2
WagonR,2018,15.13,23.24,49634,Petrol,Individual,Manual,0
Innova,2011,9.22,13.67,59194,Diesel,Individual,Automatic,0
Swift,2015,16.94,24.2,35226,CNG,Dealer,Automatic,1
WagonR,2009,13.91,19.53,11926,Electric,Dealer,Manual,1
Fortuner,2016,14.94,23.89,132614,Electric,Dealer,Automatic,2
Verna,2008,10.12,16.34,29414,Electric,Dealer,Automatic,1
Ertiga,2016,5.43,7.51,120663,CNG,Individual,Automatic,2
i20,2024,15.35,18.03,95794,Electric,Dealer,Manual,0
WagonR,2024,7.86,14.77,73798,Electric,Dealer,Automatic,0
Innova,2023,6.42,10.04,93853,Electric,Individual,Automatic,0
Ertiga,2019,8.04,17.08,25803,CNG,Individual,Automatic,1
WagonR,2017,18.11,22.85,24059,Petrol,Individual,Automatic,1
City,2020,10.73,16.04,180325,Diesel,Dealer,Manual,2
i20,2005,16.11,23.2,89852,CNG,Individual,Manual,1
Swift,2012,6.61,11.36,149317,CNG,Dealer,Manual,1
Innova,2014,14.12,23.36,81139,Petrol,Dealer,Manual,2
Fortuner,2012,6.64,8.43,19503,CNG,Dealer,Manual,1
Innova,2011,15.74,22.29,101581,CNG,Dealer,Automatic,0
Fortuner,2021,3.26,7.09,189529,Petrol,Individual,Automatic,2
Ertiga,2015,12.28,16.92,137185,Diesel,Individual,Manual,1
Innova,2018,7.32,8.45,159137,Diesel,Dealer,Automatic,1
Innova,2018,2.62,3.6,135945,CNG,Individual,Manual,0
Innova,2014,6.65,9.1,100367,Diesel,Individual,Manual,2
WagonR,2005,15.65,18.1,9513,Diesel,Dealer,Manual,1
Verna,2016,2.99,6.25,140474,Electric,Dealer,Manual,1
Fortuner,2024,7.45,9.69,25554,Electric,Dealer,Manual,1
Innova,2019,6.78,10.03,158106,Diesel,Individual,Automatic,2
Ertiga,2007,14.89,18.77,159746,Electric,Dealer,Automatic,0
Ertiga,2020,8.02,10.25,87686,Petrol,Individual,Manual,2
Fortuner,2017,6.67,10.45,169274,Diesel,Individual,Manual,1
Fortuner,2005,8.82,10.68,54776,Electric,Individual,Manual,0
City,2009,8.77,14.76,88249,Electric,Dealer,Manual,1
Ertiga,2021,14.75,23.61,63823,Diesel,Dealer,Automatic,2
Baleno,2023,3.45,6.75,27143,Electric,Dealer,Manual,1
City,2011,9.06,15.46,143721,Petrol,Individual,Automatic,2
Ertiga,2021,5.91,7.49,116424,Petrol,Individual,Automatic,0
Fortuner,2011,8.4,14.79,116559,Petrol,Individual,Automatic,1
Innova,2016,16.99,24.91,96723,Diesel,Individual,Automatic,0
Innova,2005,7.35,10.01,172458,Electric,Dealer,Automatic,0
Ertiga,2014,2.87,3.86,91038,Petrol,Dealer,Automatic,1
Ertiga,2021,7.34,12.85,60372,CNG,Individual,Automatic,2
Baleno,2009,1.92,4.02,10578,Petrol,Individual,Manual,1
Verna,2006,17.81,20.36,197713,Diesel,Dealer,Automatic,1
Baleno,2005,8.91,14.51,36164,Petrol,Individual,Automatic,2
Verna,2017,12.54,24.32,28417,Petrol,Individual,Automatic,2
Verna,2016,3.34,3.99,15860,CNG,Individual,Manual,2
Swift,2022,11.35,15.92,39110,Electric,Dealer,Automatic,1
Fortuner,2024,10.61,20.37,168529,CNG,Dealer,Manual,2
Innova,2017,4.6,7.65,62025,Diesel,Dealer,Automatic,1
Swift,2015,8.96,19.97,199982,Diesel,Dealer,Automatic,0
Verna,2014,10.91,22.17,180081,Electric,Individual,Manual,2
Verna,2024,2.88,3.77,15650,CNG,Dealer,Manual,1
Fortuner,2022,17.66,22.09,147536,Electric,Dealer,Automatic,0
Innova,2014,1.9,3.23,155825,Petrol,Individual,Manual,0
Baleno,2020,13.75,21.14,159661,Electric,Individual,Manual,0
Fortuner,2005,5.42,8.06,169287,Petrol,Dealer,Manual,1
Fortuner,2006,2.94,5.23,71160,Electric,Dealer,Automatic,1
Baleno,2012,2.78,5.46,96535,Diesel,Individual,Automatic,2
Creta,2021,10.17,12.95,50145,CNG,Individual,Automatic,1
WagonR,2013,4.73,11.0,150587,Electric,Dealer,Automatic,0
Baleno,2012,3.91,4.97,93303,Electric,Dealer,Automatic,0
Verna,2017,12.58,23.63,26623,Electric,Dealer,Automatic,1
i20,2006,16.96,21.66,73810,Diesel,Individual,Automatic,1
Creta,2016,13.87,18.01,136131,Electric,Individual,Automatic,1
Baleno,2007,14.0,17.52,155302,Diesel,Individual,Manual,1
WagonR,2024,6.61,14.13,117347,Diesel,Dealer,Automatic,0
Verna,2024,8.93,11.63,90265,Diesel,Individual,Automatic,0
Fortuner,2020,4.23,9.19,182176,CNG,Individual,Manual,0
Verna,2018,10.52,18.26,54895,Diesel,Individual,Automatic,1
Fortuner,2017,2.31,4.9,56762,Diesel,Dealer,Manual,2
Baleno,2013,13.72,23.65,185336,Petrol,Individual,Automatic,0
i20,2016,11.39,20.0,131154,Electric,Dealer,Automatic,2
Creta,2021,9.47,23.3,187746,Electric,Dealer,Manual,1
Creta,2011,5.61,7.52,13550,Diesel,Individual,Manual,2
City,2012,3.03,6.33,128171,Diesel,Dealer,Automatic,0
Verna,2019,7.89,12.84,194006,Electric,Individual,Manual,2
Innova,2014,17.49,19.77,145883,CNG,Dealer,Automatic,1
Innova,2024,8.23,16.43,24116,CNG,Individual,Manual,2
WagonR,2017,9.06,12.0,73323,Petrol,Individual,Manual,1
Creta,2018,14.8,22.75,174388,Petrol,Dealer,Manual,1
Baleno,2008,18.01,22.84,191447,Electric,Individual,Manual,1
Ertiga,2012,6.54,9.65,59361,Diesel,Dealer,Manual,0
Baleno,2015,17.85,20.5,179259,Petrol,Dealer,Automatic,1
Fortuner,2013,7.13,14.89,7970,Diesel,Dealer,Manual,2
WagonR,2012,10.78,14.02,186698,CNG,Dealer,Manual,0
WagonR,2016,7.68,9.07,180151,Electric,Dealer,Automatic,1
WagonR,2012,7.24,8.72,27698,Petrol,Dealer,Automatic,1
Fortuner,2005,7.25,14.0,53064,CNG,Dealer,Automatic,1
Creta,2006,20.48,23.91,112583,Diesel,Individual,Automatic,2
Ertiga,2024,2.67,5.9,93313,Diesel,Individual,Manual,0
Swift,2015,1.83,3.95,114002,CNG,Dealer,Manual,1
Swift,2020,13.99,21.58,157550,Electric,Dealer,Manual,0
Creta,2023,18.01,24.97,130203,Electric,Individual,Automatic,1
Baleno,2006,14.97,24.57,61209,Electric,Dealer,Manual,1
City,2006,8.1,12.74,64253,Petrol,Individual,Manual,1
WagonR,2011,11.16,15.73,56120,Diesel,Dealer,Manual,1
Creta,2017,4.42,6.9,15371,CNG,Individual,Automatic,2
Ertiga,2015,16.12,22.64,122672,Diesel,Dealer,Manual,0
Creta,2019,6.78,8.03,35724,Diesel,Dealer,Manual,0
i20,2023,6.33,12.98,182996,CNG,Dealer,Manual,1
Verna,2023,9.31,17.76,182201,Electric,Individual,Automatic,0
i20,2007,11.22,14.13,110334,CNG,Individual,Manual,0
Verna,2020,10.18,20.91,155467,Electric,Dealer,Automatic,1
i20,2024,13.67,21.39,68486,CNG,Individual,Manual,1
Swift,2015,9.68,14.97,146469,Petrol,Individual,Automatic,0
Innova,2024,7.8,15.78,196822,Diesel,Dealer,Manual,0
Verna,2016,16.13,24.81,190234,Diesel,Dealer,Manual,0
Swift,2016,10.87,17.81,157223,Petrol,Dealer,Manual,1
City,2017,2.72,3.68,167027,CNG,Dealer,Manual,1
WagonR,2010,10.55,24.7,105458,Diesel,Dealer,Automatic,2
City,2013,3.52,5.87,106273,Diesel,Dealer,Automatic,0
City,2014,3.64,4.15,149109,Petrol,Dealer,Manual,1
WagonR,2007,12.76,18.2,36739,CNG,Individual,Automatic,2
WagonR,2013,2.82,4.02,33871,CNG,Dealer,Manual,2
Innova,2005,1.89,3.12,92219,Diesel,Individual,Manual,1
Fortuner,2012,4.89,11.03,101752,Diesel,Individual,Manual,1
Creta,2008,3.93,8.28,12374,Electric,Individual,Manual,0
Creta,2017,7.41,12.11,199639,CNG,Dealer,Manual,1
Verna,2019,5.59,12.69,80379,Petrol,Individual,Automatic,0
Innova,2020,4.84,10.42,44625,Electric,Individual,Manual,1
Ertiga,2008,8.68,9.95,126789,Petrol,Individual,Manual,0
Baleno,2020,20.29,24.36,88164,Petrol,Dealer,Automatic,0
Ertiga,2013,4.17,5.55,81745,CNG,Individual,Automatic,1
Innova,2019,6.74,7.77,181369,Petrol,Individual,Automatic,0
Fortuner,2023,16.76,22.61,5143,CNG,Individual,Automatic,2
Swift,2006,11.51,14.94,129672,Diesel,Individual,Manual,0
Baleno,2007,19.8,23.53,110727,Electric,Dealer,Automatic,0
Creta,2011,7.91,17.31,14639,Electric,Dealer,Manual,0
Creta,2021,7.5,16.89,175387,Petrol,Dealer,Automatic,1
Swift,2023,6.02,11.37,115596,Petrol,Dealer,Automatic,1
Innova,2009,8.65,20.19,194477,Diesel,Individual,Manual,0
Creta,2018,11.86,22.14,58942,CNG,Dealer,Manual,1
Fortuner,2020,7.28,9.98,81452,Diesel,Individual,Manual,0
Verna,2012,17.29,23.95,21370,Diesel,Dealer,Manual,1
WagonR,2021,4.49,8.76,19369,CNG,Dealer,Automatic,2
i20,2009,5.04,8.24,185733,Diesel,Dealer,Automatic,1
City,2018,6.76,8.66,54368,Petrol,Individual,Automatic,2
Verna,2015,2.53,3.21,13842,Petrol,Dealer,Manual,1
Fortuner,2008,17.32,23.49,173259,Diesel,Dealer,Manual,1
Innova,2022,6.84,16.17,184291,Electric,Individual,Automatic,2
Ertiga,2017,3.35,4.18,151126,Diesel,Dealer,Automatic,0
Innova,2015,12.19,16.95,77957,CNG,Individual,Manual,0
WagonR,2013,16.47,18.45,102286,Electric,Dealer,Automatic,2
i20,2020,2.31,3.76,179287,Diesel,Individual,Manual,0
Swift,2020,8.71,20.53,88825,Diesel,Individual,Manual,0
WagonR,2008,8.62,14.4,167890,Electric,Individual,Manual,2
i20,2024,4.47,10.89,153022,Petrol,Individual,Automatic,2
Creta,2009,7.49,14.05,144103,Electric,Individual,Manual,1
Creta,2011,13.56,19.3,163949,CNG,Dealer,Automatic,2
Swift,2008,4.15,4.99,95788,Electric,Dealer,Automatic,2
Swift,2024,3.21,3.57,144654,Electric,Dealer,Manual,0
WagonR,2009,15.2,24.12,35867,CNG,Dealer,Manual,0
Fortuner,2011,4.09,8.31,26315,Electric,Individual,Manual,1
Ertiga,2005,17.26,21.14,190714,CNG,Individual,Manual,1
Verna,2010,8.32,18.16,188318,Petrol,Dealer,Automatic,0
City,2020,8.58,17.36,134646,CNG,Individual,Manual,2
Baleno,2020,18.77,21.98,52159,CNG,Dealer,Manual,2
Innova,2013,4.93,7.07,120156,CNG,Dealer,Automatic,2
Verna,2021,9.82,13.02,166903,Diesel,Individual,Manual,2
i20,2015,18.23,24.92,40636,Diesel,Dealer,Automatic,1
WagonR,2022,11.06,13.82,164329,Diesel,Individual,Automatic,2
Innova,2010,9.52,13.75,125673,Diesel,Dealer,Manual,1
i20,2007,2.57,5.81,43951,Petrol,Dealer,Manual,0
City,2011,2.63,4.12,12702,CNG,Dealer,Manual,1
Verna,2017,21.44,24.44,78117,Petrol,Dealer,Manual,0
Ertiga,2009,5.96,6.99,49597,Electric,Dealer,Automatic,2
City,2020,2.96,4.3,193622,Petrol,Dealer,Automatic,0
Ertiga,2021,20.51,24.45,152287,Diesel,Individual,Manual,0
Ertiga,2012,14.63,23.9,34256,Diesel,Dealer,Automatic,2
WagonR,2006,12.88,14.35,166813,Diesel,Individual,Manual,1
Ertiga,2008,14.44,16.74,24533,CNG,Individual,Manual,2
Innova,2005,3.96,7.34,172234,Diesel,Dealer,Manual,0
Verna,2011,6.72,12.8,180936,Electric,Dealer,Automatic,1
Swift,2015,8.11,9.79,120244,Petrol,Individual,Manual,1
City,2015,11.41,17.3,138091,CNG,Dealer,Manual,2
City,2005,12.07,17.69,51975,CNG,Dealer,Manual,2
Ertiga,2022,6.38,9.17,131155,Diesel,Individual,Automatic,2
Fortuner,2016,7.01,7.82,23389,CNG,Dealer,Automatic,0
Fortuner,2011,15.22,19.36,121981,Electric,Individual,Automatic,0
WagonR,2017,3.42,7.69,66060,Petrol,Individual,Manual,0
WagonR,2023,5.26,10.31,199920,Diesel,Individual,Manual,2
City,2008,15.97,21.5,72012,Electric,Individual,Manual,1
City,2005,12.88,20.03,61337,Petrol,Individual,Manual,2
Verna,2023,5.11,6.02,18328,CNG,Dealer,Manual,1
Verna,2009,10.19,20.74,107538,Electric,Individual,Manual,1
i20,2018,7.99,15.3,130352,CNG,Dealer,Automatic,1
City,2009,6.45,15.66,163834,Electric,Individual,Manual,0
Swift,2005,17.85,20.92,46656,CNG,Individual,Manual,0
Ertiga,2015,10.26,18.3,188950,Petrol,Individual,Automatic,1
Ertiga,2015,7.84,12.58,189560,Petrol,Individual,Automatic,1
i20,2010,1.98,3.74,87468,Petrol,Individual,Automatic,1
Creta,2020,8.32,20.55,78559,Petrol,Dealer,Automatic,2
City,2020,15.81,20.58,162658,Petrol,Dealer,Manual,0
Swift,2013,12.14,22.01,25562,CNG,Dealer,Automatic,2
Verna,2020,2.81,3.42,23916,Electric,Individual,Automatic,2
Verna,2013,1.27,3.12,17851,Petrol,Dealer,Automatic,2
Innova,2018,4.53,8.61,99053,Electric,Dealer,Automatic,2
Fortuner,2022,10.1,20.81,97014,Petrol,Individual,Manual,1
Swift,2017,7.68,12.35,87904,Petrol,Dealer,Manual,2
Ertiga,2020,7.14,16.25,198587,Petrol,Dealer,Manual,1
Ertiga,2016,4.04,6.89,177458,Petrol,Individual,Automatic,2
Swift,2005,5.57,9.78,33534,Electric,Dealer,Automatic,1
Innova,2007,9.08,16.9,184244,Electric,Dealer,Manual,2
Creta,2006,14.35,18.2,64952,Diesel,Dealer,Automatic,1
Fortuner,2020,2.36,4.27,99954,Petrol,Individual,Automatic,1
Ertiga,2013,6.15,11.35,114948,Diesel,Individual,Automatic,0
Baleno,2022,6.79,8.01,138297,Petrol,Dealer,Automatic,2
Innova,2009,6.65,8.98,184004,Diesel,Individual,Automatic,2
Verna,2007,16.12,18.79,74770,CNG,Dealer,Manual,2
Fortuner,2014,6.05,11.46,147715,Diesel,Dealer,Automatic,2
Innova,2021,10.02,13.88,9793,Diesel,Individual,Automatic,2
Innova,2020,10.09,12.2,71753,Diesel,Individual,Manual,1
WagonR,2012,5.2,9.03,43801,Petrol,Individual,Manual,1
Innova,2009,13.48,21.63,154854,Electric,Individual,Automatic,1
WagonR,2017,13.81,19.58,186422,Petrol,Dealer,Automatic,0
WagonR,2017,12.25,21.45,38077,Diesel,Dealer,Automatic,1
i20,2023,9.26,13.92,9062,Electric,Individual,Automatic,2
Fortuner,2008,2.95,3.58,103243,Diesel,Individual,Automatic,0
Innova,2014,13.94,21.83,121741,Petrol,Individual,Manual,1
Swift,2019,18.85,21.61,127701,Diesel,Individual,Manual,2
Verna,2007,5.77,10.92,78950,Petrol,Individual,Automatic,1
Verna,2009,5.66,11.14,170132,CNG,Individual,Automatic,1
Fortuner,2015,11.85,18.61,176572,Diesel,Dealer,Automatic,2
i20,2013,18.38,24.37,5845,Petrol,Individual,Manual,0
Ertiga,2019,4.15,6.53,197343,Diesel,Individual,Automatic,2
Ertiga,2015,11.55,17.79,150833,CNG,Dealer,Automatic,1
Ertiga,2005,6.57,8.16,116062,Petrol,Dealer,Automatic,1
WagonR,2014,6.35,8.81,50214,CNG,Dealer,Automatic,0
Baleno,2006,19.68,24.13,163114,Electric,Individual,Manual,1
Verna,2020,16.4,22.15,127430,Diesel,Individual,Automatic,0
WagonR,2018,22.31,24.86,152915,Petrol,Individual,Manual,2
Innova,2018,13.07,15.8,10690,Diesel,Individual,Manual,1
Fortuner,2006,2.26,5.18,163974,Electric,Dealer,Automatic,2
Swift,2021,3.91,6.12,19017,Petrol,Dealer,Manual,0
City,2014,8.65,21.15,156916,Electric,Individual,Manual,0
Verna,2018,7.62,15.63,192723,CNG,Dealer,Manual,0
WagonR,2017,10.26,17.8,172433,Petrol,Dealer,Manual,2
Baleno,2014,5.14,12.25,73902,Petrol,Dealer,Automatic,2
Baleno,2008,6.11,8.79,98645,Petrol,Dealer,Manual,0
WagonR,2012,13.79,15.38,20613,Electric,Individual,Automatic,2
Verna,2023,5.89,8.58,61844,Diesel,Dealer,Automatic,1
Fortuner,2014,14.64,22.51,143910,Diesel,Individual,Automatic,0
Swift,2014,13.26,16.81,170129,Diesel,Dealer,Manual,1
Innova,2020,16.24,20.39,184249,Diesel,Dealer,Automatic,0
Creta,2016,2.32,4.02,91509,Electric,Individual,Manual,1
Innova,2014,11.71,17.86,189274,Diesel,Individual,Automatic,2
Ertiga,2020,12.24,15.96,68069,CNG,Dealer,Manual,2
Verna,2018,8.2,12.73,137756,Electric,Individual,Manual,0
Creta,2014,2.56,3.4,104457,Electric,Individual,Automatic,0
Baleno,2014,3.35,5.21,88032,Petrol,Dealer,Manual,1
Innova,2005,7.47,8.81,189645,Petrol,Dealer,Manual,2
Swift,2013,4.45,8.49,185479,Diesel,Individual,Automatic,1
City,2021,16.55,23.31,81311,CNG,Individual,Manual,0
Baleno,2023,6.48,7.61,59794,Petrol,Dealer,Automatic,2
Baleno,2014,9.15,11.13,121108,Diesel,Individual,Manual,2
Innova,2006,8.19,18.93,192649,CNG,Dealer,Manual,1
City,2016,9.72,12.13,12279,Petrol,Dealer,Manual,2
WagonR,2019,3.98,7.69,60856,Electric,Dealer,Manual,0
Fortuner,2008,11.97,17.53,80870,Diesel,Dealer,Manual,0
City,2013,2.03,3.34,5022,Electric,Individual,Automatic,2
i20,2023,5.28,12.38,110607,Petrol,Individual,Manual,1
Baleno,2022,15.37,18.88,77547,Petrol,Dealer,Manual,1
Baleno,2015,3.22,4.16,87793,Petrol,Individual,Automatic,0
Verna,2009,10.75,13.6,162397,Electric,Individual,Automatic,1
i20,2006,18.53,21.64,72284,Electric,Dealer,Automatic,1
Verna,2016,1.54,3.18,76660,Electric,Individual,Manual,1
Ertiga,2023,17.23,22.29,178781,Electric,Dealer,Automatic,1
Innova,2013,14.74,22.36,198653,Electric,Dealer,Manual,1
i20,2022,9.04,15.28,30463,Petrol,Dealer,Automatic,2
Creta,2015,4.54,10.79,133479,Electric,Individual,Automatic,1
Verna,2006,4.78,8.78,197445,CNG,Dealer,Automatic,0
Ertiga,2017,5.67,13.86,169929,Petrol,Individual,Manual,0
Ertiga,2015,13.01,21.02,64593,Electric,Dealer,Automatic,2
Creta,2013,9.4,22.31,121456,CNG,Dealer,Automatic,2
Swift,2023,9.66,17.64,35513,Electric,Individual,Manual,1
Verna,2005,1.74,3.97,145214,Diesel,Individual,Automatic,2
Innova,2020,4.46,6.39,64147,Electric,Individual,Manual,2
Baleno,2006,8.23,9.88,36850,CNG,Dealer,Manual,1
Innova,2018,2.7,3.31,185305,CNG,Dealer,Manual,0
Ertiga,2019,12.12,23.08,150122,CNG,Individual,Automatic,1
Innova,2018,3.23,5.26,168874,Electric,Dealer,Automatic,1
Creta,2020,4.14,5.89,29206,Diesel,Dealer,Automatic,2
WagonR,2008,7.62,8.7,7797,Diesel,Dealer,Automatic,0
Ertiga,2019,17.03,23.95,100300,Diesel,Dealer,Automatic,1
WagonR,2013,17.18,20.27,19256,Petrol,Dealer,Manual,1
Innova,2023,12.74,15.85,75151,Electric,Dealer,Manual,0
Swift,2010,8.41,10.53,111169,Diesel,Individual,Manual,2
i20,2005,9.18,21.91,146483,Electric,Dealer,Manual,1
City,2010,13.66,18.79,197734,Electric,Dealer,Manual,1
Baleno,2015,7.53,16.62,168249,Electric,Individual,Automatic,0
Fortuner,2018,16.51,18.52,44760,CNG,Individual,Manual,1
Fortuner,2006,3.09,5.92,99305,Electric,Dealer,Manual,0
i20,2024,5.24,6.26,90518,Petrol,Dealer,Automatic,2
Innova,2013,2.31,3.4,120131,Diesel,Individual,Manual,2
Swift,2011,14.37,16.99,80368,Petrol,Dealer,Automatic,1
City,2015,8.09,14.88,140076,Diesel,Dealer,Manual,1
Fortuner,2018,3.51,4.36,188910,Petrol,Individual,Manual,1
i20,2013,8.07,15.44,184107,Petrol,Individual,Automatic,1
i20,2024,19.98,24.51,171580,Diesel,Dealer,Automatic,1
Swift,2005,3.84,5.78,176665,Diesel,Individual,Automatic,1
Swift,2016,2.21,5.5,54302,CNG,Dealer,Manual,2
i20,2022,20.08,23.41,90923,CNG,Individual,Manual,2
Innova,2021,10.85,20.05,147066,CNG,Dealer,Automatic,0
Innova,2021,5.24,6.62,90328,Diesel,Individual,Automatic,0
Ertiga,2010,1.55,3.29,186788,CNG,Dealer,Automatic,1
Innova,2006,2.67,5.58,91370,Petrol,Dealer,Automatic,2
i20,2021,5.46,13.43,95577,Petrol,Dealer,Manual,2
Baleno,2013,2.86,4.93,11425,CNG,Dealer,Manual,0
Verna,2005,11.94,13.84,170661,CNG,Dealer,Automatic,1
Creta,2023,8.27,16.28,60794,Electric,Individual,Manual,1
City,2022,8.3,15.58,158069,Electric,Dealer,Manual,2
WagonR,2009,14.72,17.84,51705,Petrol,Individual,Manual,1
Creta,2018,4.57,7.37,16892,CNG,Dealer,Manual,1
Creta,2011,11.62,16.41,82877,CNG,Dealer,Manual,1
City,2017,9.68,15.73,54726,Electric,Individual,Manual,0
WagonR,2014,17.03,22.82,87606,CNG,Individual,Automatic,2
Baleno,2008,7.68,11.1,147357,CNG,Individual,Manual,2
Innova,2008,9.96,14.75,166839,Electric,Dealer,Manual,2
City,2006,3.15,5.83,7053,Diesel,Dealer,Manual,0
WagonR,2023,6.47,11.5,43056,Diesel,Individual,Manual,1
Ertiga,2005,1.84,3.53,86352,Electric,Individual,Automatic,2
Fortuner,2014,9.64,13.28,135978,Petrol,Dealer,Automatic,1
Fortuner,2020,11.66,19.14,163852,Diesel,Individual,Manual,1
Swift,2011,12.1,24.36,132279,Diesel,Dealer,Manual,0
WagonR,2023,9.25,13.13,29475,Diesel,Individual,Automatic,1
Ertiga,2006,9.81,16.88,127345,Electric,Dealer,Manual,0
Fortuner,2023,11.86,14.15,168926,Diesel,Individual,Automatic,2
Fortuner,2010,6.13,14.12,175438,Electric,Dealer,Manual,1
Ertiga,2017,16.13,21.78,137172,Petrol,Dealer,Automatic,2
Ertiga,2006,5.76,9.85,47842,CNG,Individual,Automatic,2
WagonR,2005,9.08,12.29,24681,Diesel,Dealer,Automatic,0
Innova,2024,14.71,16.41,124626,Petrol,Dealer,Manual,0
Swift,2022,2.33,4.37,60608,CNG,Individual,Automatic,2
Verna,2019,13.19,15.12,16672,Diesel,Dealer,Automatic,1
Creta,2015,9.35,14.86,186416,Electric,Dealer,Manual,0
Fortuner,2011,3.38,4.55,137213,Electric,Individual,Automatic,0
Innova,2015,19.6,23.28,163817,CNG,Dealer,Manual,2
City,2020,15.56,18.95,7258,Electric,Dealer,Automatic,2
Ertiga,2012,7.71,12.65,38219,Electric,Dealer,Automatic,0
Baleno,2015,13.06,20.3,88894,Diesel,Individual,Manual,2
Baleno,2007,8.19,9.24,48801,Electric,Individual,Automatic,0
Verna,2013,7.3,13.57,162886,Diesel,Dealer,Manual,1
Swift,2022,4.95,6.5,64252,CNG,Individual,Automatic,1
Innova,2009,3.01,3.7,85978,CNG,Individual,Automatic,0
Fortuner,2008,5.64,10.31,122708,Diesel,Dealer,Automatic,2
i20,2015,15.41,21.53,94900,CNG,Individual,Manual,1
Creta,2015,9.24,15.37,115601,Diesel,Dealer,Automatic,0
Verna,2009,15.66,24.62,115106,Petrol,Individual,Manual,0
Ertiga,2015,11.19,24.76,73100,Diesel,Individual,Manual,2
City,2018,9.05,17.76,142786,Diesel,Dealer,Automatic,0
Ertiga,2009,6.65,10.88,71292,Electric,Dealer,Automatic,1
Innova,2007,2.6,4.33,99477,CNG,Dealer,Automatic,0
WagonR,2020,13.06,17.34,25762,Diesel,Individual,Manual,1
Swift,2012,12.15,16.79,6066,Petrol,Dealer,Manual,1
Swift,2018,15.77,21.96,107330,Electric,Dealer,Automatic,2
WagonR,2006,6.23,15.46,26911,Petrol,Individual,Automatic,1
Verna,2023,12.66,22.21,85977,Diesel,Dealer,Manual,0
Creta,2020,18.59,22.47,75455,Electric,Individual,Manual,0
Ertiga,2015,3.25,6.98,192192,Electric,Dealer,Manual,1
i20,2011,5.8,6.47,112915,Electric,Dealer,Manual,2
Fortuner,2019,3.18,4.3,144516,Petrol,Dealer,Automatic,0
Creta,2011,7.1,17.72,71277,CNG,Dealer,Manual,1
Verna,2013,6.17,6.88,125162,Diesel,Individual,Automatic,2
i20,2018,7.7,10.45,117998,Petrol,Individual,Manual,1
Baleno,2020,18.6,22.55,181137,Petrol,Individual,Manual,0
City,2021,9.42,11.23,155212,Electric,Individual,Automatic,2
Creta,2022,9.45,13.86,87949,Petrol,Individual,Manual,2
Ertiga,2016,19.74,22.4,47900,Diesel,Dealer,Manual,0
Swift,2017,17.82,23.32,76769,Diesel,Dealer,Automatic,1
Creta,2013,4.87,9.49,80305,CNG,Individual,Automatic,2
Verna,2018,17.82,23.87,135780,Petrol,Individual,Automatic,1
Verna,2009,6.85,8.76,171843,Electric,Dealer,Manual,2
Baleno,2014,3.18,5.26,7666,Petrol,Dealer,Automatic,2
Creta,2014,6.65,9.41,50545,Diesel,Dealer,Automatic,2
Fortuner,2013,3.83,5.88,38731,CNG,Individual,Automatic,0
i20,2010,4.03,9.25,160225,CNG,Individual,Manual,1
i20,2021,10.3,19.35,64924,Electric,Individual,Manual,2
Verna,2009,13.51,24.87,63446,CNG,Dealer,Automatic,2
City,2005,8.69,14.31,10271,Petrol,Dealer,Automatic,2
Verna,2014,5.53,8.25,122912,CNG,Dealer,Automatic,0
Baleno,2008,2.81,6.43,47870,Petrol,Dealer,Automatic,1
